2026-05-26 00:00:41,ALT,0.0,0,286237,286237,1,
2026-05-26 00:02:41,ALT,0.0,0,37061,37061,1,
2026-05-26 00:08:41,ALT,0.0,0,162000,162000,1,
2026-05-26 00:09:41,ALT,621.9,1000000,160810,1160810,3,
2026-05-26 00:12:41,ALT,0.0,0,27817,27817,1,
2026-05-26 00:18:41,ALT,0.0,0,990000,990000,1,
2026-05-26 00:21:41,ALT,0.0,0,45001876,45001876,29,
2026-05-26 00:26:41,ALT,9999.0,925633,0,925633,1,
2026-05-26 00:27:41,ALT,9999.0,2707819,0,2707819,2,
2026-05-26 00:34:41,ALT,9999.0,132000,0,132000,2,
2026-05-26 00:36:41,ALT,0.1,10000,11782529,11792529,9,
2026-05-26 00:40:41,ALT,9999.0,500000,0,500000,1,
2026-05-26 00:44:41,ALT,9999.0,1999000,0,1999000,2,
2026-05-26 00:45:41,ALT,13.5,10000,74209,84209,2,
2026-05-26 00:46:41,ALT,9999.0,135544,0,135544,1,
2026-05-26 00:54:41,ALT,1.7,10000,600919,610919,2,
2026-05-26 00:55:41,ALT,9999.0,5500,0,5500,1,
2026-05-26 01:04:42,ALT,9999.0,5009087,0,5009087,2,
2026-05-26 01:09:42,ALT,9999.0,1500000,0,1500000,2,
2026-05-26 01:11:42,ALT,9999.0,499500,0,499500,1,
2026-05-26 01:13:42,ALT,9999.0,409992,0,409992,3,
2026-05-26 01:14:42,ALT,136.7,23679920,17318487,40998407,24,
2026-05-26 01:16:42,ALT,9999.0,999999,0,999999,2,
2026-05-26 01:19:42,ALT,9999.0,6865202,0,6865202,9,
2026-05-26 01:20:42,ALT,9999.0,4100947,0,4100947,2,
2026-05-26 01:28:42,ALT,9999.0,232974,0,232974,1,
2026-05-26 01:31:42,ALT,9999.0,750303,0,750303,2,
2026-05-26 01:36:42,ALT,9999.0,51146,0,51146,1,
2026-05-26 01:37:42,ALT,10.4,10000,96460,106460,2,
2026-05-26 01:39:42,ALT,9999.0,55000,0,55000,1,
2026-05-26 01:43:42,ALT,9999.0,15000,0,15000,1,
2026-05-26 01:44:42,ALT,9999.0,39805,0,39805,1,
2026-05-26 01:54:42,ALT,9999.0,5050,0,5050,1,
2026-05-26 01:56:42,ALT,9999.0,6869,0,6869,1,
2026-05-26 01:59:42,ALT,2.7,10000,370378,380378,2,
2026-05-26 02:11:42,ALT,9999.0,5399,0,5399,1,
2026-05-26 02:12:42,ALT,9999.0,55000,0,55000,2,
2026-05-26 02:15:42,ALT,9999.0,100000,0,100000,1,
2026-05-26 02:16:42,ALT,9999.0,105676,0,105676,2,
2026-05-26 02:19:42,ALT,9999.0,9910,0,9910,1,
2026-05-26 02:25:42,ALT,0.1,10000,14902290,14912290,15,
2026-05-26 02:30:42,ALT,9999.0,547381,0,547381,1,
2026-05-26 02:34:42,ALT,0.1,10000,7414601,7424601,3,
2026-05-26 02:35:42,ALT,0.5,10000,1832826,1842826,2,
2026-05-26 02:37:42,ALT,9999.0,296891,0,296891,1,
2026-05-26 02:52:42,ALT,9999.0,100000,0,100000,1,
2026-05-26 03:04:42,ALT,9999.0,1001757,0,1001757,1,
2026-05-26 03:05:42,ALT,9999.0,68187,0,68187,1,
2026-05-26 03:07:42,ALT,9999.0,297358,0,297358,1,
2026-05-26 03:08:42,ALT,9999.0,4087938,0,4087938,2,
2026-05-26 03:09:42,ALT,9999.0,190541,0,190541,1,
2026-05-26 03:12:42,ALT,9999.0,2831859,0,2831859,1,
2026-05-26 03:14:42,ALT,9999.0,1738261,0,1738261,3,
2026-05-26 03:19:42,ALT,9999.0,1000000,0,1000000,1,
2026-05-26 03:24:42,ALT,9999.0,37885110,0,37885110,23,
2026-05-26 03:25:42,ALT,9999.0,12677297,0,12677297,7,
2026-05-26 04:00:42,ALT,1.2,10000,800000,810000,5,
2026-05-26 04:01:42,ALT,0.9,10000,1090000,1100000,2,
2026-05-26 04:02:42,ALT,0.9,70015,7642344,7712359,23,
2026-05-26 04:03:42,ALT,9999.0,247117,0,247117,7,
2026-05-26 04:04:42,ALT,9999.0,70000,0,70000,7,
2026-05-26 04:05:42,ALT,9999.0,437000,0,437000,8,
2026-05-26 04:06:42,ALT,9999.0,149000,0,149000,5,
2026-05-26 04:08:42,ALT,9999.0,10000,0,10000,1,
2026-05-26 04:09:42,ALT,9999.0,5450,0,5450,1,
2026-05-26 04:10:42,ALT,2541.4,129000,5076,134076,4,
2026-05-26 04:12:42,ALT,9999.0,210000,0,210000,3,
2026-05-26 04:15:42,ALT,9999.0,10000,0,10000,1,
2026-05-26 04:17:42,ALT,9999.0,10000,0,10000,1,
2026-05-26 04:19:42,ALT,9999.0,10000,0,10000,1,
2026-05-26 04:21:42,ALT,9999.0,10000,0,10000,1,
2026-05-26 04:22:42,ALT,9999.0,109000,0,109000,1,
2026-05-26 04:23:42,ALT,9999.0,10000,0,10000,1,
2026-05-26 04:25:42,ALT,9999.0,10000,0,10000,1,
2026-05-26 04:26:42,ALT,9999.0,54500,0,54500,1,
2026-05-26 04:27:42,ALT,9999.0,10000,0,10000,1,
2026-05-26 04:30:42,ALT,9999.0,10000,0,10000,1,
2026-05-26 04:32:42,ALT,9999.0,10000,0,10000,1,
2026-05-26 04:34:42,ALT,9999.0,10000,0,10000,1,
2026-05-26 04:35:42,ALT,0.1,10000,9230769,9240769,10,
2026-05-26 04:36:42,ALT,9999.0,131470,0,131470,2,
2026-05-26 04:38:42,ALT,0.8,38250,5046449,5084699,11,
2026-05-26 04:39:42,ALT,1.1,10000,875436,885436,7,
2026-05-26 04:40:42,ALT,3.8,50000,1310613,1360613,10,
2026-05-26 04:41:42,ALT,5.2,20000,381320,401320,4,
2026-05-26 04:47:42,ALT,167.1,30000,17956,47956,3,
2026-05-26 04:54:42,ALT,5.0,10000,200000,210000,2,
2026-05-26 04:55:42,ALT,9999.0,187179,0,187179,1,
2026-05-26 04:56:42,ALT,1.6,103543,6500197,6603740,5,
2026-05-26 04:59:42,ALT,9999.0,458348,0,458348,1,
2026-05-26 05:00:42,ALT,9999.0,93737,0,93737,1,
2026-05-26 05:10:42,ALT,9999.0,1321108,0,1321108,1,
2026-05-26 05:18:42,ALT,9999.0,5000,0,5000,1,
2026-05-26 05:20:42,ALT,9999.0,1655211,0,1655211,2,
2026-05-26 05:22:42,ALT,9999.0,501569,0,501569,1,
2026-05-26 05:29:42,ALT,168.5,10000,5934,15934,2,
2026-05-26 05:30:42,ALT,9999.0,999500,0,999500,1,
2026-05-26 05:31:42,ALT,9999.0,741381,0,741381,1,
2026-05-26 05:38:42,ALT,8.3,10000,120355,130355,2,
2026-05-26 05:39:42,ALT,9999.0,141244,0,141244,2,
2026-05-26 05:42:42,ALT,0.1,40000,38304216,38344216,38,
2026-05-26 05:43:42,ALT,9999.0,3730496,0,3730496,10,
2026-05-26 05:44:42,ALT,9999.0,50000,0,50000,5,
2026-05-26 05:45:42,ALT,9999.0,70000,0,70000,7,
2026-05-26 05:46:42,ALT,9999.0,13526369,0,13526369,12,
2026-05-26 05:47:42,ALT,9999.0,403705,0,403705,1,
2026-05-26 05:48:42,ALT,9999.0,10000,0,10000,1,
2026-05-26 05:51:42,ALT,3.6,10000,276797,286797,2,
2026-05-26 05:52:42,ALT,51.6,15050,29160,44210,3,
2026-05-26 05:54:42,ALT,9999.0,21800,0,21800,1,
2026-05-26 05:58:42,ALT,9999.0,500000,0,500000,1,
2026-05-26 06:01:42,ALT,9999.0,40000,0,40000,1,
2026-05-26 06:04:42,ALT,9999.0,2333597,0,2333597,3,
2026-05-26 06:14:42,ALT,0.6,60315,9737207,9797521,4,
2026-05-26 06:17:42,ALT,9999.0,9990,0,9990,1,
2026-05-26 06:23:42,ALT,9999.0,312050,0,312050,1,
2026-05-26 06:25:42,ALT,9999.0,1042576,0,1042576,1,
2026-05-26 06:33:43,ALT,9999.0,429598,0,429598,1,
2026-05-26 06:39:43,ALT,9999.0,134465,0,134465,1,
2026-05-26 06:44:43,ALT,169.0,20000,11837,31837,3,
2026-05-26 06:45:43,ALT,7.2,10000,138426,148426,2,
2026-05-26 06:49:43,ALT,2.1,10000,484171,494171,2,
2026-05-26 06:51:43,ALT,0.2,10000,5357637,5367637,3,
2026-05-26 06:52:43,ALT,1.1,10000,876113,886113,3,
2026-05-26 06:55:43,ALT,1870.4,1010000,54000,1064000,6,
2026-05-26 06:56:43,ALT,7.5,10000,133231,143231,2,
2026-05-26 06:58:43,ALT,38.6,530906,1373962,1904867,7,
2026-05-26 07:00:43,ALT,9999.0,250261,0,250261,2,
2026-05-26 07:02:43,ALT,9999.0,50278441,0,50278441,24,
2026-05-26 07:03:43,ALT,9999.0,100000,0,100000,1,
2026-05-26 07:04:43,ALT,0.9,10000,1080000,1090000,2,
2026-05-26 07:05:43,ALT,9999.0,10000,0,10000,1,
2026-05-26 07:06:43,ALT,1.5,20000,1362213,1382213,7,
2026-05-26 07:09:43,ALT,1.7,20000,1185948,1205948,4,
2026-05-26 07:10:43,ALT,9999.0,10000,0,10000,1,
2026-05-26 07:12:43,ALT,0.0,0,279710,279710,2,
2026-05-26 07:13:43,ALT,0.0,0,1266752,1266752,4,
2026-05-26 07:14:43,ALT,9999.0,10000,0,10000,2,
2026-05-26 07:18:43,ALT,6.3,555000,8790013,9345013,17,
2026-05-26 07:19:43,ALT,0.0,0,370501,370501,1,
2026-05-26 07:20:43,ALT,111.6,22111,19817,41928,3,
2026-05-26 07:21:43,ALT,160.9,2268098,1409316,3677414,4,
2026-05-26 07:22:43,ALT,9999.0,10000,0,10000,1,
2026-05-26 07:23:43,ALT,0.0,0,2539998,2539998,1,
2026-05-26 07:24:43,ALT,0.0,0,3537825,3537825,3,
2026-05-26 07:25:43,ALT,9999.0,10000,0,10000,1,
2026-05-26 07:27:43,ALT,23.3,223050,955910,1178960,5,
2026-05-26 07:28:43,ALT,0.0,0,10487924,10487924,11,
2026-05-26 07:29:43,ALT,106.7,10953830,10262129,21215959,14,
2026-05-26 07:31:43,ALT,9999.0,10000,0,10000,1,
2026-05-26 07:33:43,ALT,2.1,20000,955570,975570,6,
2026-05-26 07:34:43,ALT,0.3,50000,17946434,17996434,22,
2026-05-26 07:35:43,ALT,0.4,60000,16307088,16367088,14,
2026-05-26 07:36:43,ALT,595.0,120000,20168,140168,4,
2026-05-26 07:37:43,ALT,2.1,170000,8256109,8426109,25,
2026-05-26 07:38:43,ALT,2.6,60000,2342216,2402216,12,
2026-05-26 07:39:43,ALT,9999.0,60000,0,60000,6,
2026-05-26 07:40:43,ALT,9999.0,5330343,0,5330343,13,
2026-05-26 07:41:43,ALT,4.0,10000,251127,261127,2,
2026-05-26 07:42:43,ALT,2.3,30000,1283459,1313459,7,
2026-05-26 07:43:43,ALT,0.5,60000,11736401,11796401,15,
2026-05-26 07:44:43,ALT,115.8,2072976,1790890,3863866,7,
2026-05-26 07:45:43,ALT,0.7,40000,5609749,5649749,11,
2026-05-26 07:46:43,ALT,52.0,50000,96202,146202,4,
2026-05-26 07:47:43,ALT,9999.0,5050,0,5050,1,
2026-05-26 07:48:43,ALT,9999.0,20800,0,20800,2,
2026-05-26 07:49:43,ALT,8.9,30800,345041,375841,5,
2026-05-26 07:50:43,ALT,20.8,20000,96202,116202,3,
2026-05-26 07:52:43,ALT,2.7,10000,363889,373889,2,
2026-05-26 07:53:43,ALT,3.0,30000,999188,1029188,6,
2026-05-26 07:54:43,ALT,159.7,41367345,25897935,67265280,28,
2026-05-26 07:55:43,ALT,9999.0,10000,0,10000,1,
2026-05-26 07:56:43,ALT,158.2,610000,385617,995617,3,
2026-05-26 07:57:43,ALT,9999.0,10000,0,10000,1,
2026-05-26 07:59:43,ALT,0.6,40000,6454239,6494239,11,
2026-05-26 08:00:43,ALT,5911.4,1039000,17576,1056577,6,
2026-05-26 08:01:43,ALT,1.4,60000,4402641,4462641,7,
2026-05-26 08:02:43,ALT,0.7,60000,8818765,8878765,18,
2026-05-26 08:03:43,ALT,0.7,20000,2933409,2953409,3,
2026-05-26 08:04:43,ALT,9999.0,452163,0,452163,1,
2026-05-26 08:05:43,ALT,9999.0,17702381,0,17702381,6,
2026-05-26 08:06:43,ALT,1.6,10000,628156,638156,2,
2026-05-26 08:09:43,ALT,9999.0,398757,0,398757,2,
2026-05-26 08:10:43,ALT,46.2,10180463,22040766,32221229,12,
2026-05-26 08:11:43,ALT,9999.0,1099105,0,1099105,3,
2026-05-26 08:13:43,ALT,78.4,7800876,9950096,17750971,11,
2026-05-26 08:14:43,ALT,0.0,0,7452547,7452547,5,
2026-05-26 08:15:43,ALT,0.8,70000,8425597,8495597,8,
2026-05-26 08:20:43,ALT,0.0,0,981651,981651,1,
2026-05-26 08:21:43,ALT,0.0,0,545316,545316,1,
2026-05-26 08:22:43,ALT,0.0,0,868001,868001,1,
2026-05-26 08:25:43,ALT,9999.0,88812,0,88812,1,
2026-05-26 08:28:43,ALT,0.0,0,35319,35319,1,
2026-05-26 08:29:43,ALT,0.0,0,484755,484755,1,
2026-05-26 08:31:43,ALT,9999.0,50000,0,50000,1,
2026-05-26 08:32:43,ALT,0.0,0,431452,431452,1,
2026-05-26 08:33:43,ALT,9999.0,11975321,0,11975321,3,
2026-05-26 08:34:43,ALT,9999.0,616606,0,616606,3,
2026-05-26 08:36:43,ALT,183.9,2047496,1113528,3161024,2,
2026-05-26 08:38:43,ALT,9999.0,216000,0,216000,1,
2026-05-26 08:39:43,ALT,9999.0,108000,0,108000,1,
2026-05-26 08:43:43,ALT,9999.0,5050,0,5050,1,
2026-05-26 08:47:43,ALT,9999.0,742749,0,742749,3,
2026-05-26 08:50:43,ALT,0.0,0,390401,390401,2,
2026-05-26 08:52:43,ALT,9999.0,2178934,0,2178934,6,
2026-05-26 08:54:43,ALT,9999.0,5006687,0,5006687,3,
2026-05-26 08:55:43,ALT,9999.0,2500000,0,2500000,2,
2026-05-26 08:56:43,ALT,9999.0,540000,0,540000,1,
2026-05-26 08:58:43,ALT,0.0,0,1010000,1010000,2,
2026-05-26 09:00:43,ALT,162.9,13308194,8168379,21476573,25,
2026-05-26 09:01:43,ALT,0.0,0,321732,321732,4,
2026-05-26 09:02:43,ALT,0.0,0,722535,722535,2,
2026-05-26 09:03:43,ALT,0.0,0,5387048,5387048,7,
2026-05-26 09:05:43,ALT,0.0,0,763951,763951,3,
2026-05-26 09:06:43,ALT,57.7,6000,10403,16403,2,
2026-05-26 09:07:43,ALT,3.2,77300,2391366,2468666,2,
2026-05-26 09:08:43,ALT,9999.0,1080000,0,1080000,1,
2026-05-26 09:09:43,ALT,12222.5,1085000,8877,1093877,3,
2026-05-26 09:10:43,ALT,9999.0,4516879,0,4516879,3,
2026-05-26 09:11:43,ALT,9999.0,2111562,0,2111562,4,
2026-05-26 09:12:43,ALT,9999.0,544771,0,544771,1,
2026-05-26 09:13:43,ALT,9999.0,3725648,0,3725648,2,
2026-05-26 09:14:43,ALT,9999.0,11031940,0,11031940,4,
2026-05-26 09:15:43,ALT,9999.0,822681,0,822681,4,
2026-05-26 09:16:43,ALT,9999.0,1014461,0,1014461,2,
2026-05-26 09:17:43,ALT,387.0,15370248,3971758,19342007,17,
2026-05-26 09:18:43,ALT,494.7,39518939,7988615,47507555,19,
2026-05-26 09:19:43,ALT,744.1,22811241,3065573,25876814,14,
2026-05-26 09:20:43,ALT,9999.0,4211160,0,4211160,3,
2026-05-26 09:21:43,ALT,90.4,6613000,7313646,13926646,14,
2026-05-26 09:22:43,ALT,222.6,8445594,3794749,12240343,10,
2026-05-26 09:23:43,ALT,0.0,0,7079141,7079141,10,
2026-05-26 09:24:43,ALT,136.7,1991767,1456763,3448530,3,
2026-05-26 09:25:43,ALT,9999.0,2669769,0,2669769,4,
2026-05-26 09:26:43,ALT,1.7,675417,39561647,40237064,24,
2026-05-26 09:27:43,ALT,17.7,4392186,24867752,29259938,9,
2026-05-26 09:29:43,ALT,3.0,365071,12144528,12509599,5,
2026-05-26 09:30:43,ALT,0.0,0,398985,398985,5,
2026-05-26 09:31:43,ALT,4.0,447844,11085068,11532912,8,
2026-05-26 09:32:43,ALT,10.4,105446,1013555,1119001,2,
2026-05-26 09:33:43,ALT,28.6,952606,3327397,4280003,6,
2026-05-26 09:34:43,ALT,0.0,0,11851912,11851912,6,
2026-05-26 09:35:43,ALT,0.0,0,13566161,13566161,11,
2026-05-26 09:37:43,ALT,0.3,19422,6651285,6670707,14,
2026-05-26 09:38:43,ALT,36.7,9028729,24616267,33644996,14,
2026-05-26 09:39:43,ALT,42.2,20000,47411,67411,3,
2026-05-26 09:40:43,ALT,9999.0,64200,0,64200,1,
2026-05-26 09:41:43,ALT,26.4,117000,443446,560446,3,
2026-05-26 09:46:43,ALT,0.2,10000,4188989,4198989,2,
2026-05-26 09:48:43,ALT,0.3,10000,3002648,3012648,11,
2026-05-26 09:50:43,ALT,0.2,10000,4240000,4250000,4,
2026-05-26 09:51:43,ALT,2.8,164764,5963931,6128695,4,
2026-05-26 09:52:43,ALT,0.5,30000,5487136,5517136,17,
2026-05-26 09:53:43,ALT,0.3,30000,9776858,9806858,9,
2026-05-26 09:54:43,ALT,9999.0,907143,0,907143,6,
2026-05-26 09:57:43,ALT,0.1,10000,7955912,7965912,3,
2026-05-26 09:58:43,ALT,0.3,25000,9285072,9310072,8,
2026-05-26 09:59:43,ALT,0.5,20000,3708823,3728823,5,
2026-05-26 10:00:43,ALT,9999.0,100000,0,100000,1,
2026-05-26 10:01:43,ALT,17.4,440761,2531305,2972066,6,
2026-05-26 10:02:43,ALT,9999.0,5299859,0,5299859,2,
2026-05-26 10:03:43,ALT,0.8,55994,7065763,7121757,23,
2026-05-26 10:04:43,ALT,7.3,197782,2705505,2903286,10,
2026-05-26 10:05:43,ALT,49.2,50000,101577,151577,6,
2026-05-26 10:06:43,ALT,9999.0,70000,0,70000,7,
2026-05-26 10:07:43,ALT,193.9,11717837,6043873,17761709,19,
2026-05-26 10:09:43,ALT,4.1,10000,244800,254800,2,
2026-05-26 10:10:43,ALT,1.1,20000,1793624,1813624,4,
2026-05-26 10:11:43,ALT,6.5,20000,306096,326096,4,
2026-05-26 10:12:43,ALT,2.7,10000,375000,385000,2,
2026-05-26 10:14:43,ALT,4.1,10000,241393,251393,2,
2026-05-26 10:16:43,ALT,9999.0,5050,0,5050,1,
2026-05-26 10:17:43,ALT,47.2,10000,21200,31200,2,
2026-05-26 10:18:43,ALT,9999.0,10000,0,10000,1,
2026-05-26 10:19:43,ALT,544087.5,18292295,3362,18295657,20,
2026-05-26 10:20:43,ALT,9999.0,549265,0,549265,1,
2026-05-26 10:21:43,ALT,9999.0,189318,0,189318,1,
2026-05-26 10:24:43,ALT,9999.0,122289,0,122289,1,
2026-05-26 10:25:43,ALT,9999.0,1252058,0,1252058,1,
2026-05-26 10:26:43,ALT,2.0,10000,495587,505587,2,
2026-05-26 10:27:43,ALT,21.4,10000,46723,56723,2,
2026-05-26 10:29:43,ALT,1.5,10000,679148,689148,2,
2026-05-26 10:30:43,ALT,1.0,10000,986837,996837,3,
2026-05-26 10:31:43,ALT,100.0,10000,10000,20000,2,
2026-05-26 10:32:43,ALT,0.2,10000,4459887,4469887,2,
2026-05-26 10:33:43,ALT,3.0,393360,12978172,13371533,28,
2026-05-26 10:34:43,ALT,9999.0,50000,0,50000,5,
2026-05-26 10:35:43,ALT,9999.0,180103,0,180103,8,
2026-05-26 10:36:43,ALT,9999.0,460002,0,460002,7,
2026-05-26 10:37:43,ALT,9999.0,60000,0,60000,6,
2026-05-26 10:38:43,ALT,9999.0,1157290,0,1157290,6,
2026-05-26 10:39:43,ALT,9999.0,60000,0,60000,6,
2026-05-26 10:40:43,ALT,9999.0,40000,0,40000,4,
2026-05-26 10:41:43,ALT,0.2,10000,4810083,4820083,5,
2026-05-26 10:42:43,ALT,14.3,5294727,36954255,42248982,32,
2026-05-26 10:43:43,ALT,43.4,20000,46053,66053,5,
2026-05-26 10:44:43,ALT,55.5,10000,18034,28034,2,
2026-05-26 10:45:43,ALT,0.4,10000,2537496,2547496,3,
2026-05-26 10:49:43,ALT,9.9,10000,101430,111430,2,
2026-05-26 10:51:43,ALT,9999.0,1000000,0,1000000,1,
2026-05-26 10:55:43,ALT,9999.0,6027760,0,6027760,10,
2026-05-26 10:56:43,ALT,2314.1,12564011,542932,13106943,12,
2026-05-26 10:57:43,ALT,9999.0,11215,0,11215,2,
2026-05-26 11:01:43,ALT,606.8,2730077,449923,3180000,3,
2026-05-26 11:03:43,ALT,9999.0,2000000,0,2000000,1,
2026-05-26 11:04:43,ALT,12.7,10000,78860,88860,2,
2026-05-26 11:05:43,ALT,9999.0,2000000,0,2000000,1,
2026-05-26 11:06:43,ALT,9999.0,400002,0,400002,1,
2026-05-26 11:07:43,ALT,9999.0,6351097,0,6351097,2,
2026-05-26 11:08:43,ALT,9999.0,560009,0,560009,3,
2026-05-26 11:09:43,ALT,178.1,980006,550210,1530216,6,
2026-05-26 11:10:43,ALT,9999.0,381218,0,381218,6,
2026-05-26 11:11:43,ALT,0.0,0,1765784,1765784,1,
2026-05-26 11:12:43,ALT,0.0,0,3904208,3904208,3,
2026-05-26 11:13:43,ALT,0.0,0,2164855,2164855,1,
2026-05-26 11:14:43,ALT,0.0,5607,18316860,18322468,8,
2026-05-26 11:19:43,ALT,9999.0,10600,0,10600,1,
2026-05-26 11:20:43,ALT,9999.0,320003,0,320003,1,
2026-05-26 11:26:43,ALT,0.2,10000,4116759,4126759,3,
2026-05-26 11:33:43,ALT,1.0,10000,970148,980148,4,
2026-05-26 11:34:43,ALT,1.5,10000,650631,660631,2,
2026-05-26 11:35:43,ALT,0.6,10000,1667808,1677808,2,
2026-05-26 11:38:43,ALT,9999.0,1399301,0,1399301,2,
2026-05-26 11:39:43,ALT,1.2,10000,819432,829432,2,
2026-05-26 11:42:43,ALT,0.1,10000,9450000,9460000,10,
2026-05-26 11:44:43,ALT,0.6,20000,3245468,3265468,5,
2026-05-26 11:45:43,ALT,0.8,10000,1311844,1321844,2,
2026-05-26 11:46:43,ALT,0.0,10000,24680480,24690480,13,
2026-05-26 11:47:43,ALT,101.3,12424960,12265520,24690480,8,
2026-05-26 11:48:43,ALT,9999.0,2239068,0,2239068,13,
2026-05-26 11:49:43,ALT,9999.0,710002,0,710002,7,
2026-05-26 11:50:43,ALT,9999.0,70500,0,70500,7,
2026-05-26 11:51:43,ALT,25.5,7391285,28963338,36354622,31,
2026-05-26 11:52:43,ALT,7.2,60000,832000,892000,7,
2026-05-26 11:53:43,ALT,9999.0,60000,0,60000,6,
2026-05-26 11:54:43,ALT,9999.0,60000,0,60000,6,
2026-05-26 11:55:43,ALT,3.1,50000,1610616,1660616,6,
2026-05-26 11:56:43,ALT,9999.0,161129,0,161129,7,
2026-05-26 11:57:43,ALT,9999.0,60000,0,60000,6,
2026-05-26 11:58:43,ALT,3.4,60000,1750947,1810947,7,
2026-05-26 11:59:43,ALT,9999.0,60000,0,60000,6,
2026-05-26 12:00:43,ALT,9999.0,60000,0,60000,7,
2026-05-26 12:01:43,ALT,9999.0,60000,0,60000,6,
2026-05-26 12:02:43,ALT,9999.0,1050000,0,1050000,6,
2026-05-26 12:03:43,ALT,9999.0,60000,0,60000,6,
2026-05-26 12:04:43,ALT,9999.0,60000,0,60000,6,
2026-05-26 12:05:43,ALT,9999.0,1060000,0,1060000,7,
2026-05-26 12:06:43,ALT,423.1,60000,14182,74182,7,
2026-05-26 12:07:43,ALT,9999.0,10000,0,10000,1,
2026-05-26 12:08:43,ALT,49.4,10000,20263,30263,2,
2026-05-26 12:16:43,ALT,2.4,103096,4332092,4435188,4,
2026-05-26 12:21:43,ALT,9999.0,55000,0,55000,1,
2026-05-26 12:22:43,ALT,4.5,10000,220876,230876,2,
2026-05-26 12:26:43,ALT,9999.0,77998,0,77998,1,
2026-05-26 12:28:44,ALT,0.0,10000,29728636,29738636,23,
2026-05-26 12:29:44,ALT,0.8,15001,1967310,1982311,16,
2026-05-26 12:32:44,ALT,0.0,0,547397,547397,1,
2026-05-26 12:33:44,ALT,9999.0,10000,0,10000,1,
2026-05-26 12:36:44,ALT,15.6,1510000,9693240,11203240,10,
2026-05-26 12:37:44,ALT,28.4,10000,35234,45234,2,
2026-05-26 12:43:44,ALT,9999.0,4849613,0,4849613,6,
2026-05-26 12:48:44,ALT,9999.0,10500,0,10500,1,
2026-05-26 12:49:44,ALT,9999.0,10500,0,10500,1,
2026-05-26 12:50:44,ALT,9999.0,99900,0,99900,1,
2026-05-26 12:52:44,ALT,9999.0,2079241,0,2079241,3,
2026-05-26 13:00:44,ALT,9999.0,300000,0,300000,3,
2026-05-26 13:02:44,ALT,9999.0,395471,0,395471,1,
2026-05-26 13:04:44,ALT,9999.0,4074826,0,4074826,5,
2026-05-26 13:05:44,ALT,9999.0,3124408,0,3124408,5,
2026-05-26 13:08:44,ALT,9999.0,105000,0,105000,1,
2026-05-26 13:09:44,ALT,15.7,115000,733956,848956,5,
2026-05-26 13:11:44,ALT,1.1,10000,900000,910000,2,
2026-05-26 13:14:44,ALT,2.0,120100,6013262,6133362,17,
2026-05-26 13:15:44,ALT,150.9,15250,10104,25354,3,
2026-05-26 13:18:44,ALT,9999.0,105000,0,105000,1,
2026-05-26 13:19:44,ALT,2.2,67273,3000000,3067273,3,
2026-05-26 13:20:44,ALT,0.1,10000,12967614,12977614,14,
2026-05-26 13:21:44,ALT,9999.0,181068,0,181068,2,
2026-05-26 13:24:44,ALT,9999.0,2994190,0,2994190,3,
2026-05-26 13:25:44,ALT,9999.0,2488513,0,2488513,4,
2026-05-26 13:26:44,ALT,19595.9,15832937,80797,15913734,17,
2026-05-26 13:27:44,ALT,20.8,198426,954057,1152482,3,
2026-05-26 13:28:44,ALT,4.8,10000,208000,218000,2,
2026-05-26 13:29:44,ALT,9999.0,11677328,0,11677328,15,
2026-05-26 13:30:44,ALT,1250.1,14136324,1130845,15267169,20,
2026-05-26 13:31:44,ALT,9999.0,5675318,0,5675318,4,
2026-05-26 13:34:44,ALT,10.6,17292,162419,179710,3,
2026-05-26 13:36:44,ALT,9999.0,114185,0,114185,1,
2026-05-26 13:38:44,ALT,9999.0,124676,0,124676,1,
2026-05-26 13:41:44,ALT,13.6,134876,990476,1125352,3,
2026-05-26 13:56:44,ALT,9999.0,7280391,0,7280391,6,
2026-05-26 13:57:44,ALT,9999.0,783602,0,783602,3,
2026-05-26 13:59:44,ALT,309.1,1103043,356811,1459854,4,
2026-05-26 14:00:44,ALT,9999.0,212468,0,212468,1,
2026-05-26 14:02:44,ALT,0.8,10000,1243419,1253419,5,
2026-05-26 14:07:44,ALT,9999.0,14628633,0,14628633,8,
2026-05-26 14:09:44,ALT,9999.0,187502,0,187502,3,
2026-05-26 14:12:44,ALT,9999.0,99075,0,99075,1,
2026-05-26 14:14:44,ALT,9999.0,5001,0,5001,1,
2026-05-26 14:15:44,ALT,9999.0,38217,0,38217,1,
2026-05-26 14:17:44,ALT,9999.0,571729,0,571729,1,
2026-05-26 14:23:44,ALT,9999.0,25000,0,25000,1,
2026-05-26 14:28:44,ALT,9999.0,5250,0,5250,1,
2026-05-26 14:32:44,ALT,9999.0,219458,0,219458,1,
2026-05-26 14:33:44,ALT,9999.0,799600,0,799600,1,
2026-05-26 14:34:44,ALT,251.4,6233222,2479784,8713006,6,
2026-05-26 14:35:44,ALT,9999.0,21212360,0,21212360,20,
2026-05-26 14:36:44,ALT,9999.0,2150830,0,2150830,2,
2026-05-26 14:37:44,ALT,9999.0,570374,0,570374,1,
2026-05-26 14:38:44,ALT,9999.0,8366334,0,8366334,3,
2026-05-26 14:42:44,ALT,0.8,10000,1300000,1310000,4,
2026-05-26 14:45:44,ALT,9999.0,937535,0,937535,2,
2026-05-26 14:47:44,ALT,9999.0,972784,0,972784,2,
2026-05-26 14:49:44,ALT,0.7,10000,1522151,1532151,2,
2026-05-26 14:51:44,ALT,9999.0,500000,0,500000,1,
2026-05-26 14:52:44,ALT,2.8,10000,353173,363173,2,
2026-05-26 14:53:44,ALT,0.0,0,357421,357421,1,
2026-05-26 14:54:44,ALT,0.9,150800,16583463,16734263,42,
2026-05-26 14:55:44,ALT,9999.0,630689,0,630689,8,
2026-05-26 14:56:44,ALT,9999.0,2924215,0,2924215,9,
2026-05-26 14:57:44,ALT,37.2,2390728,6422332,8813059,22,
2026-05-26 14:58:44,ALT,9999.0,60000,0,60000,6,
2026-05-26 14:59:44,ALT,9999.0,613315,0,613315,7,
2026-05-26 15:00:44,ALT,9999.0,712287,0,712287,7,
2026-05-26 15:01:44,ALT,9999.0,60000,0,60000,6,
2026-05-26 15:02:44,ALT,9999.0,60000,0,60000,6,
2026-05-26 15:03:44,ALT,9999.0,60000,0,60000,6,
2026-05-26 15:04:44,ALT,63.3,60000,94855,154855,7,
2026-05-26 15:05:44,ALT,9999.0,60000,0,60000,6,
2026-05-26 15:06:44,ALT,9999.0,7032824,0,7032824,10,
2026-05-26 15:07:44,ALT,9999.0,475953,0,475953,7,
2026-05-26 15:08:44,ALT,9999.0,202974,0,202974,6,
2026-05-26 15:09:44,ALT,9999.0,60000,0,60000,6,
2026-05-26 15:10:44,ALT,9999.0,60000,0,60000,6,
2026-05-26 15:11:44,ALT,9999.0,60000,0,60000,6,
2026-05-26 15:12:44,ALT,9999.0,60000,0,60000,6,
2026-05-26 15:13:44,ALT,9999.0,2792401,0,2792401,8,
2026-05-26 15:14:44,ALT,9999.0,60000,0,60000,6,
2026-05-26 15:15:44,ALT,9999.0,5060000,0,5060000,7,
2026-05-26 15:16:44,ALT,9999.0,50000,0,50000,5,
2026-05-26 15:17:44,ALT,9999.0,60000,0,60000,6,
2026-05-26 15:18:44,ALT,9999.0,60000,0,60000,7,
2026-05-26 15:19:44,ALT,9999.0,98909,0,98909,6,
2026-05-26 15:22:44,ALT,0.0,10000,22761670,22771670,2,
2026-05-26 15:23:44,ALT,2.2,20000,926532,946532,4,
2026-05-26 15:24:44,ALT,0.8,20000,2588758,2608758,7,
2026-05-26 15:26:44,ALT,9999.0,51809,0,51809,1,
2026-05-26 15:27:44,ALT,9999.0,994923,0,994923,6,
2026-05-26 15:29:44,ALT,0.2,20000,12706273,12726273,10,
2026-05-26 15:31:44,ALT,0.4,21400,5007285,5028685,3,
2026-05-26 15:34:44,ALT,19.4,10000,51500,61500,2,
2026-05-26 15:36:44,ALT,3.0,10000,331177,341177,2,
2026-05-26 15:37:44,ALT,0.4,10000,2706128,2716128,2,
2026-05-26 15:39:44,ALT,2.4,10000,409300,419300,2,
2026-05-26 15:40:44,ALT,0.5,10000,1940579,1950579,4,
2026-05-26 15:42:44,ALT,9999.0,5994,0,5994,1,
2026-05-26 15:47:44,ALT,0.4,10000,2678284,2688284,2,
2026-05-26 15:49:44,ALT,9999.0,748800,0,748800,2,
2026-05-26 15:51:44,ALT,958.4,119280002,12445925,131725926,69,
2026-05-26 15:53:44,ALT,0.0,0,1456000,1456000,1,
2026-05-26 15:54:44,ALT,0.0,0,140746,140746,1,
2026-05-26 15:56:44,ALT,5.6,5608,100000,105608,2,
2026-05-26 15:57:44,ALT,9999.0,5608,0,5608,1,
2026-05-26 16:00:44,ALT,9999.0,592691,0,592691,2,
2026-05-26 16:02:44,ALT,9999.0,5641649,0,5641649,2,
2026-05-26 16:04:44,ALT,174.5,7263718,4161450,11425168,10,
2026-05-26 16:06:44,ALT,9999.0,3144555,0,3144555,11,
2026-05-26 16:08:44,ALT,9999.0,6660983,0,6660983,4,
2026-05-26 16:09:44,ALT,0.0,0,339078,339078,1,
2026-05-26 16:10:44,ALT,15.7,1749334,11149132,12898466,18,
2026-05-26 16:11:44,ALT,38.3,6012445,15696419,21708864,15,
2026-05-26 16:12:44,ALT,0.0,0,2622518,2622518,5,
2026-05-26 16:13:44,ALT,0.0,10000,22125694,22135694,18,
2026-05-26 16:14:44,ALT,268.3,16918213,6305370,23223583,16,
2026-05-26 16:15:44,ALT,0.0,0,1026867,1026867,6,
2026-05-26 16:16:44,ALT,27.3,582019,2134963,2716982,6,
2026-05-26 16:18:44,ALT,9999.0,5200,0,5200,1,
2026-05-26 16:22:44,ALT,1.8,10000,547995,557995,2,
2026-05-26 16:23:44,ALT,23.2,1569280,6775802,8345082,6,
2026-05-26 16:24:44,ALT,77.9,1015103,1302754,2317857,6,
2026-05-26 16:25:44,ALT,6.5,5608,85800,91408,2,
2026-05-26 16:26:44,ALT,0.0,0,277595,277595,2,
2026-05-26 16:27:44,ALT,0.0,0,3383374,3383374,3,
2026-05-26 16:28:44,ALT,0.0,0,275600,275600,3,
2026-05-26 16:29:44,ALT,0.0,0,519550,519550,1,
2026-05-26 16:30:44,ALT,0.0,0,7063821,7063821,16,
2026-05-26 16:31:44,ALT,0.0,0,2389112,2389112,4,
2026-05-26 16:34:44,ALT,202.9,29760930,14669107,44430037,18,
2026-05-26 16:35:44,ALT,6.9,1361589,19803294,21164883,12,
2026-05-26 16:36:44,ALT,48.2,4218063,8757353,12975416,11,
2026-05-26 16:37:44,ALT,1.0,10000,1030000,1040000,2,
2026-05-26 16:41:44,ALT,9999.0,3203020,0,3203020,2,
2026-05-26 16:43:44,ALT,10.4,754741,7272304,8027045,5,
2026-05-26 16:44:44,ALT,0.0,0,6256808,6256808,2,
2026-05-26 16:45:44,ALT,0.0,0,4005092,4005092,4,
2026-05-26 16:46:44,ALT,0.0,0,5474812,5474812,4,
2026-05-26 16:47:44,ALT,0.0,0,84393,84393,1,
2026-05-26 16:48:44,ALT,0.0,0,731510,731510,9,
2026-05-26 16:50:44,ALT,0.0,0,3443301,3443301,2,
2026-05-26 16:52:44,ALT,9999.0,2013616,0,2013616,5,
2026-05-26 16:55:44,ALT,0.0,0,86521,86521,1,
2026-05-26 16:56:44,ALT,0.0,0,6838681,6838681,5,
2026-05-26 16:57:44,ALT,0.0,0,1938186,1938186,7,
2026-05-26 17:01:44,ALT,0.0,0,172616,172616,1,
2026-05-26 17:02:44,ALT,0.0,0,13166595,13166595,10,
2026-05-26 17:06:44,ALT,402.5,2000000,496894,2496894,2,
2026-05-26 17:09:44,ALT,0.0,0,6248,6248,1,
2026-05-26 17:13:44,ALT,0.0,0,2178219,2178219,2,
2026-05-26 17:14:44,ALT,9999.0,146396,0,146396,4,
2026-05-26 17:17:44,ALT,9999.0,37590,0,37590,1,
2026-05-26 17:19:44,ALT,0.0,0,37232,37232,1,
2026-05-26 17:20:44,ALT,0.0,0,622152,622152,2,
2026-05-26 17:21:44,ALT,9999.0,10000,0,10000,1,
2026-05-26 17:25:44,ALT,9999.0,36260,0,36260,1,
2026-05-26 17:28:44,ALT,1460.7,1985306,135915,2121221,4,
2026-05-26 17:30:44,ALT,6161.8,2194068,35608,2229676,7,
2026-05-26 17:34:44,ALT,0.0,0,300000,300000,1,
2026-05-26 17:35:44,ALT,0.0,0,15335486,15335486,1,
2026-05-26 17:36:44,ALT,0.0,0,1302979,1302979,2,
2026-05-26 17:39:44,ALT,0.0,0,685440,685440,2,
2026-05-26 17:41:44,ALT,0.0,0,50000,50000,1,
2026-05-26 17:42:44,ALT,0.0,0,8671759,8671759,3,
2026-05-26 17:47:44,ALT,0.0,0,508488,508488,2,
2026-05-26 17:48:44,ALT,0.0,0,255529,255529,1,
2026-05-26 17:49:44,ALT,0.0,0,3362587,3362587,9,
2026-05-26 17:50:44,ALT,0.0,0,2786381,2786381,12,
2026-05-26 17:51:44,ALT,111.7,458650,410729,869379,5,
2026-05-26 17:53:44,ALT,0.0,0,9905,9905,1,
2026-05-26 17:56:44,ALT,0.0,0,1060800,1060800,1,
2026-05-26 17:58:44,ALT,0.0,0,4292132,4292132,7,
2026-05-26 17:59:44,ALT,0.0,0,152974,152974,1,
2026-05-26 18:00:44,ALT,0.0,0,10539740,10539740,11,
2026-05-26 18:01:44,ALT,0.0,0,51290,51290,1,
2026-05-26 18:02:44,ALT,0.0,0,5293381,5293381,3,
2026-05-26 18:04:44,ALT,0.0,0,4680339,4680339,4,
2026-05-26 18:06:44,ALT,0.0,0,795303,795303,1,
2026-05-26 18:07:44,ALT,0.0,0,37300,37300,1,
2026-05-26 18:11:44,ALT,0.0,0,196370,196370,1,
2026-05-26 18:12:44,ALT,0.0,0,394799,394799,2,
2026-05-26 18:14:44,ALT,0.0,0,795303,795303,1,
2026-05-26 18:15:44,ALT,0.0,0,4190680,4190680,2,
2026-05-26 18:16:45,ALT,0.0,0,210874,210874,1,
2026-05-26 18:18:45,ALT,0.0,0,100000,100000,1,
2026-05-26 18:25:45,ALT,0.0,0,4258035,4258035,1,
2026-05-26 18:36:45,ALT,0.0,0,208000,208000,1,
2026-05-26 18:37:45,ALT,0.0,0,100000,100000,1,
2026-05-26 18:38:45,ALT,0.0,0,7072854,7072854,8,
2026-05-26 18:39:45,ALT,0.0,0,616589,616589,4,
2026-05-26 18:40:45,ALT,0.0,0,1875983,1875983,3,
2026-05-26 18:41:45,ALT,0.0,0,2449995,2449995,4,
2026-05-26 18:42:45,ALT,0.0,0,492450,492450,2,
2026-05-26 18:43:45,ALT,0.0,0,1271715,1271715,3,
2026-05-26 18:44:45,ALT,0.0,0,372881,372881,1,
2026-05-26 18:47:45,ALT,0.0,0,2831162,2831162,2,
2026-05-26 18:50:45,ALT,0.0,0,2339595,2339595,3,
2026-05-26 18:51:45,ALT,0.0,0,1009298,1009298,2,
2026-05-26 18:53:45,ALT,0.0,0,50000,50000,1,
2026-05-26 18:59:45,ALT,0.0,0,464707,464707,2,
2026-05-26 19:00:45,ALT,0.0,0,713279,713279,2,
2026-05-26 19:01:45,ALT,0.0,0,6763633,6763633,5,
2026-05-26 19:03:45,ALT,0.0,0,316266,316266,1,
2026-05-26 19:05:45,ALT,0.0,0,574451,574451,2,
2026-05-26 19:06:45,ALT,0.0,0,8807139,8807139,6,
2026-05-26 19:09:45,ALT,0.0,0,1734838,1734838,1,
2026-05-26 19:11:45,ALT,0.0,0,1734838,1734838,1,
2026-05-26 19:14:45,ALT,0.0,0,20000,20000,1,
2026-05-26 19:20:45,ALT,0.0,0,5408,5408,1,
2026-05-26 19:22:45,ALT,0.0,0,2173172,2173172,1,
2026-05-26 19:23:45,ALT,9999.0,6029341,0,6029341,13,
2026-05-26 19:25:45,ALT,9999.0,51542,0,51542,1,
2026-05-26 19:27:45,ALT,9999.0,100000,0,100000,2,
2026-05-26 19:30:45,ALT,9999.0,968835,0,968835,5,
2026-05-26 19:35:45,ALT,9999.0,10000,0,10000,1,
2026-05-26 19:37:45,ALT,9999.0,740072,0,740072,1,
2026-05-26 19:38:45,ALT,9999.0,328653,0,328653,2,
2026-05-26 19:39:45,ALT,9999.0,774459,0,774459,1,
2026-05-26 19:40:45,ALT,9999.0,1000000,0,1000000,2,
2026-05-26 19:41:45,ALT,9999.0,249750,0,249750,1,
2026-05-26 19:43:45,ALT,9999.0,2172007,0,2172007,2,
2026-05-26 19:45:45,ALT,9999.0,2256114,0,2256114,2,
2026-05-26 19:47:45,ALT,9999.0,352609,0,352609,3,
2026-05-26 19:48:45,ALT,9999.0,196469,0,196469,1,
2026-05-26 19:49:45,ALT,9999.0,1409770,0,1409770,4,
2026-05-26 19:51:45,ALT,0.0,0,569224,569224,2,
2026-05-26 19:57:45,ALT,0.0,0,41944,41944,1,
2026-05-26 20:00:45,ALT,9999.0,50000,0,50000,1,
2026-05-26 20:06:45,ALT,9999.0,214536,0,214536,1,
2026-05-26 20:07:45,ALT,9999.0,1738603,0,1738603,5,
2026-05-26 20:09:45,ALT,9999.0,2741490,0,2741490,1,
2026-05-26 20:10:45,ALT,6.8,19493,285955,305448,5,
2026-05-26 20:17:45,ALT,9999.0,275600,0,275600,4,
2026-05-26 20:19:45,ALT,9999.0,728975,0,728975,2,
2026-05-26 20:21:45,ALT,0.0,0,30226833,30226833,17,
2026-05-26 20:25:45,ALT,9999.0,9714912,0,9714912,7,
2026-05-26 20:26:45,ALT,9999.0,499750,0,499750,1,
2026-05-26 20:33:45,ALT,9999.0,231548,0,231548,1,
2026-05-26 20:34:45,ALT,0.0,0,1050000,1050000,1,
2026-05-26 20:35:45,ALT,9999.0,769795,0,769795,2,
2026-05-26 20:37:45,ALT,0.0,0,93088,93088,1,
2026-05-26 20:40:45,ALT,0.0,0,4749368,4749368,2,
2026-05-26 20:41:45,ALT,0.0,0,10500,10500,1,
2026-05-26 20:43:45,ALT,9999.0,8872170,0,8872170,9,
2026-05-26 20:44:45,ALT,9999.0,20975477,0,20975477,28,
2026-05-26 20:45:45,ALT,46.4,10263676,22138030,32401706,10,
2026-05-26 20:46:45,ALT,0.0,0,91020,91020,1,
2026-05-26 20:47:45,ALT,9999.0,26500,0,26500,2,
2026-05-26 20:50:45,ALT,9999.0,209720,0,209720,1,
2026-05-26 20:52:45,ALT,0.0,0,19005,19005,1,
2026-05-26 20:55:45,ALT,0.0,0,634803,634803,1,
2026-05-26 21:00:45,ALT,0.0,0,212694,212694,4,
2026-05-26 21:01:45,ALT,9999.0,100000,0,100000,1,
2026-05-26 21:03:45,ALT,0.0,0,83998,83998,1,
2026-05-26 21:04:45,ALT,0.0,0,431367,431367,5,
2026-05-26 21:06:45,ALT,9999.0,178790,0,178790,3,
2026-05-26 21:07:45,ALT,51.3,3381379,6590351,9971730,5,
2026-05-26 21:10:45,ALT,0.0,0,4618169,4618169,14,
2026-05-26 21:11:45,ALT,0.0,0,8893843,8893843,2,
2026-05-26 21:12:45,ALT,0.0,0,628758,628758,1,
2026-05-26 21:15:45,ALT,0.0,0,48598,48598,1,
2026-05-26 21:16:45,ALT,0.0,0,238532,238532,1,
2026-05-26 21:21:45,ALT,9999.0,4793,0,4793,1,
2026-05-26 21:22:45,ALT,9999.0,4709,0,4709,1,
2026-05-26 21:24:45,ALT,9999.0,10000,0,10000,1,
2026-05-26 21:28:45,ALT,0.0,0,9411,9411,1,
2026-05-26 21:33:45,ALT,125.2,34321743,27410254,61731997,18,
2026-05-26 21:34:45,ALT,294.9,1234712,418752,1653464,3,
2026-05-26 21:36:45,ALT,9999.0,178000,0,178000,2,
2026-05-26 21:40:45,ALT,9999.0,21200,0,21200,1,
2026-05-26 21:44:45,ALT,214.3,781534,364676,1146210,2,
2026-05-26 21:45:45,ALT,0.0,0,210000,210000,1,
2026-05-26 21:52:45,ALT,9999.0,6000,0,6000,1,
2026-05-26 21:53:45,ALT,9999.0,53000,0,53000,2,
2026-05-26 21:55:45,ALT,0.0,0,613639,613639,2,
2026-05-26 21:56:45,ALT,0.0,0,1029998,1029998,1,
2026-05-26 22:02:45,ALT,0.0,0,3723404,3723404,1,
2026-05-26 22:03:45,ALT,0.0,0,283500,283500,2,
2026-05-26 22:05:45,ALT,0.0,0,2208906,2208906,1,
2026-05-26 22:06:45,ALT,0.0,0,1104453,1104453,1,
2026-05-26 22:16:45,ALT,0.0,0,1231130,1231130,1,
2026-05-26 22:18:45,ALT,9999.0,100100,0,100100,1,
2026-05-26 22:19:45,ALT,0.0,0,3025119,3025119,11,
2026-05-26 22:20:45,ALT,90.7,5374035,5925569,11299603,10,
2026-05-26 22:21:45,ALT,0.0,0,1930791,1930791,1,
2026-05-26 22:22:45,ALT,0.0,0,111198,111198,2,
2026-05-26 22:24:45,ALT,9999.0,302096,0,302096,1,
2026-05-26 22:25:45,ALT,0.0,0,1093934,1093934,1,
2026-05-26 22:28:45,ALT,0.0,0,2576860,2576860,3,
2026-05-26 22:29:45,ALT,9999.0,53126,0,53126,1,
2026-05-26 22:30:45,ALT,0.0,0,14800,14800,1,
2026-05-26 22:37:45,ALT,154.2,25481909,16528998,42010906,14,
2026-05-26 22:38:45,ALT,9999.0,60000,0,60000,1,
2026-05-26 22:42:45,ALT,0.0,0,100495,100495,2,
2026-05-26 22:53:45,ALT,9999.0,4166022,0,4166022,16,
2026-05-26 22:58:45,ALT,2690.7,282238,10490,292727,4,
2026-05-26 22:59:45,ALT,0.0,0,205000,205000,1,
2026-05-26 23:01:45,ALT,0.0,0,1547016,1547016,3,
2026-05-26 23:02:45,ALT,9999.0,5938,0,5938,1,
2026-05-26 23:12:45,ALT,9999.0,300000,0,300000,2,
2026-05-26 23:14:45,ALT,0.0,0,2055244,2055244,5,
2026-05-26 23:15:45,ALT,0.0,0,7627457,7627457,2,
2026-05-26 23:18:45,ALT,82.7,14139815,17106806,31246622,8,
2026-05-26 23:19:45,ALT,9999.0,192698,0,192698,1,
2026-05-26 23:21:45,ALT,9999.0,692505,0,692505,2,
2026-05-26 23:25:45,ALT,9999.0,349860,0,349860,2,
2026-05-26 23:28:45,ALT,9999.0,5395210,0,5395210,7,
2026-05-26 23:30:45,ALT,0.0,0,1590000,1590000,5,
2026-05-26 23:31:45,ALT,0.0,0,1392196,1392196,9,
2026-05-26 23:33:45,ALT,9999.0,449154,0,449154,1,
2026-05-26 23:42:45,ALT,9999.0,138757,0,138757,1,
2026-05-26 23:47:45,ALT,9999.0,499750,0,499750,1,
2026-05-26 23:49:45,ALT,9999.0,784759,0,784759,1,
2026-05-26 23:52:45,ALT,464.2,223333,48115,271448,2,
2026-05-26 23:54:45,ALT,9999.0,39199,0,39199,1,
2026-05-26 23:57:45,ALT,9999.0,324362,0,324362,2,
2026-05-27 00:00:45,ALT,9999.0,2235056,0,2235056,2,
2026-05-27 00:01:45,ALT,9999.0,100000,0,100000,1,
2026-05-27 00:03:45,ALT,9999.0,100100,0,100100,1,
2026-05-27 00:11:45,ALT,9999.0,364732,0,364732,1,
2026-05-27 00:12:45,ALT,1938.1,2195651,113290,2308940,3,
2026-05-27 00:13:45,ALT,9999.0,2220735,0,2220735,8,
2026-05-27 00:14:45,ALT,9999.0,12000,0,12000,1,
2026-05-27 00:15:45,ALT,9999.0,3685123,0,3685123,2,
2026-05-27 00:16:45,ALT,9999.0,1943957,0,1943957,6,
2026-05-27 00:18:45,ALT,9999.0,904829,0,904829,1,
2026-05-27 00:19:45,ALT,161972.5,9528843,5883,9534726,18,
2026-05-27 00:20:45,ALT,9999.0,489782,0,489782,1,
2026-05-27 00:21:45,ALT,9999.0,16929102,0,16929102,4,
2026-05-27 00:25:45,ALT,9999.0,1305024,0,1305024,2,
2026-05-27 00:26:45,ALT,9999.0,841668,0,841668,2,
2026-05-27 00:31:45,ALT,0.0,0,3317137,3317137,2,
2026-05-27 00:35:45,ALT,0.0,0,1000000,1000000,1,
2026-05-27 00:53:45,ALT,0.0,0,6330997,6330997,10,
2026-05-27 00:55:46,ALT,0.0,0,1927273,1927273,2,
2026-05-27 01:02:46,ALT,0.0,0,1740011,1740011,7,
2026-05-27 01:03:46,ALT,0.0,0,744840,744840,7,
2026-05-27 01:04:46,ALT,0.0,0,1596485,1596485,4,
2026-05-27 01:05:46,ALT,0.0,0,5965651,5965651,5,
2026-05-27 01:06:46,ALT,0.0,0,683030,683030,5,
2026-05-27 01:11:46,ALT,0.0,0,10828778,10828778,3,
2026-05-27 01:12:46,ALT,0.0,0,1709904,1709904,3,
2026-05-27 01:13:46,ALT,0.0,0,1439852,1439852,4,
2026-05-27 01:26:46,ALT,0.0,0,1581765,1581765,1,
2026-05-27 01:35:46,ALT,9999.0,1005500,0,1005500,6,
2026-05-27 01:38:46,ALT,9999.0,999500,0,999500,2,
2026-05-27 01:52:46,ALT,9999.0,468413,0,468413,2,
2026-05-27 02:03:46,ALT,9999.0,225844,0,225844,1,
2026-05-27 02:11:46,ALT,9999.0,30266,0,30266,1,
2026-05-27 02:19:46,ALT,0.0,0,328713,328713,1,
2026-05-27 02:20:46,ALT,0.0,0,2691016,2691016,7,
2026-05-27 02:21:46,ALT,0.0,0,2816058,2816058,11,
2026-05-27 02:22:46,ALT,0.0,0,2578023,2578023,13,
2026-05-27 02:24:46,ALT,0.0,0,6541767,6541767,8,
2026-05-27 02:25:46,ALT,0.0,0,4612552,4612552,4,
2026-05-27 02:28:46,ALT,9999.0,17884,0,17884,1,
2026-05-27 02:30:46,ALT,6.2,1589431,25474698,27064129,34,
2026-05-27 02:31:46,ALT,0.3,12600,4174909,4187509,3,
2026-05-27 02:37:46,ALT,0.0,0,510193,510193,2,
2026-05-27 02:38:46,ALT,0.0,0,58868,58868,1,
2026-05-27 02:41:46,ALT,0.0,0,682469,682469,7,
2026-05-27 02:43:46,ALT,0.0,0,2461844,2461844,2,
2026-05-27 02:59:46,ALT,0.0,0,74568,74568,1,
2026-05-27 03:00:46,ALT,0.0,0,19673428,19673428,21,
2026-05-27 03:01:46,ALT,0.0,0,7306148,7306148,3,
2026-05-27 03:44:46,ALT,0.0,0,78524,78524,1,
2026-05-27 03:49:46,ALT,0.0,0,838479,838479,4,
2026-05-27 03:57:46,ALT,0.0,0,886102,886102,1,
2026-05-27 04:15:46,ALT,0.0,0,33651,33651,1,
2026-05-27 04:23:46,ALT,0.0,0,9309582,9309582,5,
2026-05-27 04:34:46,ALT,0.0,0,58472,58472,1,
2026-05-27 04:52:46,ALT,4.7,10096,217000,227096,2,
2026-05-27 04:54:46,ALT,0.0,0,351840,351840,1,
2026-05-27 05:00:46,ALT,0.0,0,2678449,2678449,1,
2026-05-27 05:12:46,ALT,9999.0,52500,0,52500,3,
2026-05-27 05:14:46,ALT,0.0,0,1040000,1040000,1,
2026-05-27 05:20:46,ALT,0.0,0,2080000,2080000,6,
2026-05-27 05:40:46,ALT,0.0,0,117278,117278,1,
2026-05-27 05:44:46,ALT,0.0,0,10695809,10695809,7,
2026-05-27 05:48:46,ALT,0.0,0,377935,377935,1,
2026-05-27 06:03:46,ALT,0.0,0,120586,120586,2,
2026-05-27 06:04:46,ALT,3.9,50000,1276972,1326972,17,
2026-05-27 06:07:46,ALT,0.0,0,454802,454802,9,
2026-05-27 06:10:46,ALT,0.0,0,1674090,1674090,6,
2026-05-27 06:11:46,ALT,0.0,0,15042694,15042694,16,
2026-05-27 06:12:46,ALT,0.0,0,9366652,9366652,4,
2026-05-27 06:13:46,ALT,0.0,0,6809125,6809125,13,
2026-05-27 06:18:46,ALT,9999.0,180000,0,180000,1,
2026-05-27 06:27:46,ALT,9999.0,2197825,0,2197825,6,
2026-05-27 06:28:46,ALT,9999.0,350002,0,350002,1,
2026-05-27 06:29:46,ALT,1698.5,3057356,180000,3237356,9,
2026-05-27 06:40:46,ALT,9999.0,3656695,0,3656695,4,
2026-05-27 06:49:46,ALT,9999.0,84800,0,84800,1,
2026-05-27 06:50:46,ALT,9999.0,10578995,0,10578995,4,
2026-05-27 06:56:46,ALT,0.0,0,1050000,1050000,3,
2026-05-27 06:57:46,ALT,0.0,0,1050000,1050000,3,
2026-05-27 06:58:46,ALT,0.0,0,1050000,1050000,3,
2026-05-27 07:05:46,ALT,9999.0,4817,0,4817,1,
2026-05-27 07:06:46,ALT,9999.0,743096,0,743096,1,
2026-05-27 07:15:46,ALT,9999.0,649026,0,649026,1,
2026-05-27 07:16:46,ALT,9999.0,649026,0,649026,1,
2026-05-27 07:17:46,ALT,0.0,0,165193,165193,1,
2026-05-27 07:18:46,ALT,0.0,0,2323382,2323382,1,
2026-05-27 07:22:46,ALT,9999.0,3303237,0,3303237,2,
2026-05-27 07:23:46,ALT,9999.0,1021517,0,1021517,2,
2026-05-27 07:25:46,ALT,9999.0,3269702,0,3269702,1,
2026-05-27 07:28:46,ALT,0.0,0,886102,886102,1,
2026-05-27 07:29:46,ALT,9999.0,649026,0,649026,1,
2026-05-27 07:34:46,ALT,0.0,0,5728358,5728358,9,
2026-05-27 07:38:46,ALT,796.1,1720344,216108,1936452,4,
2026-05-27 07:39:46,ALT,9999.0,148720,0,148720,2,
2026-05-27 07:40:46,ALT,9999.0,1942855,0,1942855,3,
2026-05-27 07:41:46,ALT,9999.0,115750,0,115750,1,
2026-05-27 07:44:46,ALT,9999.0,10000,0,10000,1,
2026-05-27 07:46:46,ALT,9999.0,86511,0,86511,2,
2026-05-27 07:51:46,ALT,2.0,30000,1529495,1559495,9,
2026-05-27 07:56:46,ALT,9999.0,208000,0,208000,1,
2026-05-27 08:01:47,ALT,9999.0,5672743,0,5672743,5,
2026-05-27 08:02:47,ALT,9999.0,12915747,0,12915747,11,
2026-05-27 08:05:47,ALT,9999.0,59390,0,59390,1,
2026-05-27 08:09:47,ALT,9999.0,1110686,0,1110686,4,
2026-05-27 08:16:47,ALT,9999.0,57893,0,57893,1,
2026-05-27 08:34:47,ALT,0.0,0,3994811,3994811,1,
2026-05-27 08:35:47,ALT,0.0,0,3994811,3994811,2,
2026-05-27 08:38:47,ALT,0.0,0,5805332,5805332,5,
2026-05-27 08:41:47,ALT,9999.0,12245,0,12245,2,
2026-05-27 08:46:47,ALT,0.0,0,7832284,7832284,4,
2026-05-27 08:49:47,ALT,0.0,0,11335713,11335713,3,
2026-05-27 08:54:47,ALT,0.0,0,10447883,10447883,2,
2026-05-27 08:55:47,ALT,9999.0,149925,0,149925,1,
2026-05-27 08:57:47,ALT,9999.0,238317,0,238317,1,
2026-05-27 09:01:47,ALT,9999.0,5555,0,5555,1,
2026-05-27 09:03:47,ALT,4.8,10000,209433,219433,2,
2026-05-27 09:07:47,ALT,4.8,10000,209433,219433,2,
2026-05-27 09:08:47,ALT,9999.0,540010,0,540010,5,
2026-05-27 09:09:47,ALT,9999.0,680014,0,680014,6,
2026-05-27 09:10:47,ALT,9999.0,1639997,0,1639997,4,
2026-05-27 09:11:47,ALT,4741.8,1175306,24786,1200092,5,
2026-05-27 09:13:47,ALT,9999.0,7448339,0,7448339,3,
2026-05-27 09:14:47,ALT,0.0,0,758761,758761,2,
2026-05-27 09:16:47,ALT,3.7,10000,270884,280884,2,
2026-05-27 09:17:47,ALT,80.7,10000,12393,22393,2,
2026-05-27 09:18:47,ALT,9999.0,364838,0,364838,2,
2026-05-27 09:19:47,ALT,9999.0,1613612,0,1613612,4,
2026-05-27 09:20:47,ALT,9999.0,3393987,0,3393987,7,
2026-05-27 09:21:47,ALT,9999.0,3073390,0,3073390,6,
2026-05-27 09:22:47,ALT,9999.0,275457,0,275457,1,
2026-05-27 09:23:47,ALT,0.0,0,286027,286027,1,
2026-05-27 09:24:47,ALT,0.0,0,3108966,3108966,3,
2026-05-27 09:27:47,ALT,9999.0,572000,0,572000,3,
2026-05-27 09:30:47,ALT,0.0,0,4961682,4961682,2,
2026-05-27 09:31:47,ALT,250.2,7882332,3150000,11032332,5,
2026-05-27 09:32:47,ALT,9999.0,1700005,0,1700005,1,
2026-05-27 09:34:47,ALT,9999.0,539999,0,539999,2,
2026-05-27 09:36:47,ALT,9999.0,2804859,0,2804859,5,
2026-05-27 09:37:47,ALT,9999.0,7289232,0,7289232,9,
2026-05-27 09:39:47,ALT,0.0,0,198018,198018,1,
2026-05-27 09:42:47,ALT,0.0,0,1513708,1513708,2,
2026-05-27 09:43:47,ALT,17.0,10096,59390,69486,2,
2026-05-27 09:55:47,ALT,0.0,0,1384719,1384719,1,
2026-05-27 09:57:47,ALT,0.0,0,1424800,1424800,2,
2026-05-27 10:00:47,ALT,17.0,2503433,14702620,17206052,9,
2026-05-27 10:01:47,ALT,0.0,0,84171,84171,1,
2026-05-27 10:02:47,ALT,0.0,0,1907472,1907472,1,
2026-05-27 10:07:47,ALT,9999.0,242773,0,242773,1,
2026-05-27 10:08:47,ALT,9999.0,243016,0,243016,1,
2026-05-27 10:10:47,ALT,9999.0,400000,0,400000,1,
2026-05-27 10:11:47,ALT,0.0,0,481163,481163,1,
2026-05-27 10:20:47,ALT,0.0,0,825275,825275,2,
2026-05-27 10:21:47,ALT,0.2,10000,5267624,5277624,11,
2026-05-27 10:24:47,ALT,9999.0,1861165,0,1861165,2,
2026-05-27 10:25:47,ALT,0.4,10000,2498591,2508591,7,
2026-05-27 10:27:47,ALT,9999.0,799600,0,799600,1,
2026-05-27 10:28:47,ALT,9999.0,1100000,0,1100000,2,
2026-05-27 10:29:47,ALT,9999.0,800000,0,800000,3,
2026-05-27 10:30:47,ALT,9999.0,532196,0,532196,4,
2026-05-27 10:31:47,ALT,9999.0,445921,0,445921,2,
2026-05-27 10:32:47,ALT,294.1,15144,5150,20294,4,
2026-05-27 10:37:47,ALT,114.6,10000,8724,18724,2,
2026-05-27 10:45:47,ALT,1.1,20000,1748168,1768167,6,
2026-05-27 10:49:47,ALT,9999.0,1000000,0,1000000,1,
2026-05-27 10:55:47,ALT,0.8,10000,1260077,1270077,2,
2026-05-27 10:58:47,ALT,0.4,30000,8482704,8512704,28,
2026-05-27 10:59:47,ALT,368.6,8289277,2249053,10538331,15,
2026-05-27 11:00:47,ALT,9999.0,60000,0,60000,6,
2026-05-27 11:01:47,ALT,9999.0,60000,0,60000,6,
2026-05-27 11:02:47,ALT,9999.0,1803174,0,1803174,7,
2026-05-27 11:04:47,ALT,0.2,10000,4493161,4503161,2,
2026-05-27 11:08:47,ALT,0.2,10000,5723980,5733980,2,
2026-05-27 11:11:47,ALT,78.8,10000,12683,22683,2,
2026-05-27 11:18:47,ALT,9999.0,10000,0,10000,1,
2026-05-27 11:20:47,ALT,0.3,10000,2918142,2928142,3,
2026-05-27 11:21:47,ALT,0.6,10000,1648000,1658000,2,
2026-05-27 11:23:47,ALT,0.5,10000,2084025,2094025,2,
2026-05-27 11:25:47,ALT,1087.8,2122553,195132,2317685,10,
2026-05-27 11:27:47,ALT,0.0,0,4154158,4154158,1,
2026-05-27 11:28:47,ALT,0.0,0,5200000,5200000,2,
2026-05-27 11:35:47,ALT,9999.0,299996,0,299996,3,
2026-05-27 11:36:47,ALT,9999.0,17526081,0,17526081,20,
2026-05-27 11:37:47,ALT,363.6,6384899,1755988,8140888,14,
2026-05-27 11:39:47,ALT,0.0,0,54275,54275,2,
2026-05-27 11:40:47,ALT,0.9,5608,621013,626621,2,
2026-05-27 11:41:47,ALT,9999.0,6896551,0,6896551,3,
2026-05-27 11:42:47,ALT,146.6,3325972,2269289,5595261,2,
2026-05-27 11:43:47,ALT,9999.0,11216,0,11216,2,
2026-05-27 11:45:47,ALT,9999.0,5734471,0,5734471,2,
2026-05-27 11:47:47,ALT,0.0,0,432218,432218,1,
2026-05-27 11:48:47,ALT,9999.0,4664942,0,4664942,4,
2026-05-27 11:49:47,ALT,9999.0,15469325,0,15469325,13,
2026-05-27 11:50:47,ALT,0.0,0,10600,10600,1,
2026-05-27 11:51:47,ALT,9999.0,11215,0,11215,3,
2026-05-27 11:52:47,ALT,9999.0,25114568,0,25114568,10,
2026-05-27 11:53:47,ALT,94.2,27198905,28870266,56069171,15,
2026-05-27 11:54:47,ALT,447.1,4216187,943046,5159232,6,
2026-05-27 11:55:47,ALT,1690.1,27817632,1645958,29463590,21,
2026-05-27 11:56:47,ALT,666.0,6082092,913161,6995253,9,
2026-05-27 11:57:47,ALT,29.8,2064953,6930226,8995180,6,
2026-05-27 11:58:47,ALT,9999.0,2431525,0,2431525,1,
2026-05-27 11:59:47,ALT,9999.0,6877039,0,6877039,4,
2026-05-27 12:00:47,ALT,0.0,0,6795454,6795454,3,
2026-05-27 12:01:47,ALT,9999.0,4159073,0,4159073,4,
2026-05-27 12:02:47,ALT,0.2,21214,8768468,8789682,6,
2026-05-27 12:03:47,ALT,38277.1,2047823,5350,2053173,4,
2026-05-27 12:04:47,ALT,51.2,22966615,44866827,67833442,26,
2026-05-27 12:05:47,ALT,0.1,27983,26266251,26294233,31,
2026-05-27 12:06:47,ALT,0.0,0,8079921,8079921,9,
2026-05-27 12:07:47,ALT,0.0,0,12629375,12629375,5,
2026-05-27 12:08:47,ALT,0.0,0,743331,743331,1,
2026-05-27 12:09:47,ALT,81.5,844245,1036045,1880290,4,
2026-05-27 12:10:47,ALT,9999.0,15628709,0,15628709,10,
2026-05-27 12:11:47,ALT,9999.0,1899446,0,1899446,2,
2026-05-27 12:13:47,ALT,9999.0,2433117,0,2433117,2,
2026-05-27 12:14:47,ALT,9999.0,569739,0,569739,1,
2026-05-27 12:15:47,ALT,0.0,0,7182023,7182023,16,
2026-05-27 12:16:47,ALT,0.0,0,13599795,13599795,11,
2026-05-27 12:18:47,ALT,0.0,0,9548221,9548221,6,
2026-05-27 12:22:47,ALT,0.0,0,2942982,2942982,1,
2026-05-27 12:24:47,ALT,0.0,0,17574,17574,1,
2026-05-27 12:26:47,ALT,26686.0,8159905,30577,8190483,8,
2026-05-27 12:27:47,ALT,9999.0,10485832,0,10485832,9,
2026-05-27 12:31:47,ALT,0.0,0,6622995,6622995,2,
2026-05-27 12:32:47,ALT,9999.0,1865747,0,1865747,2,
2026-05-27 12:33:47,ALT,9999.0,8704270,0,8704270,3,
2026-05-27 12:34:47,ALT,9999.0,949977,0,949977,1,
2026-05-27 12:37:47,ALT,9999.0,10143,0,10143,1,
2026-05-27 12:38:47,ALT,100.9,6530233,6469203,12999436,4,
2026-05-27 12:40:47,ALT,0.0,0,136823,136823,1,
2026-05-27 12:42:47,ALT,0.0,0,5334524,5334524,4,
2026-05-27 12:43:47,ALT,44.7,6925691,15498178,22423870,9,
2026-05-27 12:44:47,ALT,0.0,0,1819745,1819745,5,
2026-05-27 12:45:47,ALT,0.0,0,2707188,2707188,2,
2026-05-27 12:48:47,ALT,159.1,7661301,4815290,12476591,14,
2026-05-27 12:53:47,ALT,0.0,0,2364979,2364979,5,
2026-05-27 12:56:47,ALT,9999.0,6239684,0,6239684,2,
2026-05-27 12:57:47,ALT,0.0,0,6180259,6180259,3,
2026-05-27 13:02:47,ALT,0.0,0,4589525,4589525,3,
2026-05-27 13:03:47,ALT,0.0,0,923342,923342,1,
2026-05-27 13:05:47,ALT,9999.0,6630907,0,6630907,10,
2026-05-27 13:06:47,ALT,9999.0,8652784,0,8652784,2,
2026-05-27 13:09:47,ALT,9999.0,4632390,0,4632390,1,
2026-05-27 13:10:47,ALT,9999.0,314353,0,314353,2,
2026-05-27 13:11:47,ALT,0.0,0,229740,229740,2,
2026-05-27 13:12:47,ALT,9999.0,2455911,0,2455911,3,
2026-05-27 13:13:47,ALT,9999.0,10918777,0,10918777,10,
2026-05-27 13:14:47,ALT,9999.0,320003,0,320003,1,
2026-05-27 13:15:47,ALT,9999.0,320003,0,320003,1,
2026-05-27 13:16:47,ALT,9999.0,15938,0,15938,2,
2026-05-27 13:17:47,ALT,9999.0,3426609,0,3426609,1,
2026-05-27 13:18:47,ALT,9999.0,58885,0,58885,1,
2026-05-27 13:21:47,ALT,0.3,5428,1887165,1892592,2,
2026-05-27 13:23:47,ALT,0.0,0,3956673,3956673,6,
2026-05-27 13:24:47,ALT,0.0,0,4677786,4677786,1,
2026-05-27 13:25:47,ALT,0.0,0,977885,977885,2,
2026-05-27 13:26:47,ALT,9999.0,64697,0,64697,1,
2026-05-27 13:27:47,ALT,9999.0,2010000,0,2010000,4,
2026-05-27 13:28:47,ALT,9999.0,8014272,0,8014272,3,
2026-05-27 13:29:47,ALT,9999.0,6709870,0,6709870,5,
2026-05-27 13:30:47,ALT,13.0,3268521,25226166,28494687,13,
2026-05-27 13:31:47,ALT,9999.0,10390580,0,10390580,11,
2026-05-27 13:32:47,ALT,9999.0,1138896,0,1138896,1,
2026-05-27 13:33:47,ALT,4671.1,2965567,63487,3029054,3,
2026-05-27 13:34:47,ALT,0.0,0,13007988,13007988,3,
2026-05-27 13:35:47,ALT,9999.0,10095,0,10095,1,
2026-05-27 13:38:47,ALT,0.0,0,4189328,4189328,9,
2026-05-27 13:40:47,ALT,0.0,0,4323641,4323641,11,
2026-05-27 13:41:47,ALT,0.0,0,6417339,6417339,11,
2026-05-27 13:42:47,ALT,0.0,0,906247,906247,2,
2026-05-27 13:44:47,ALT,9999.0,1413959,0,1413959,1,
2026-05-27 13:48:47,ALT,9999.0,215750,0,215750,1,
2026-05-27 13:49:47,ALT,9999.0,71892,0,71892,1,
2026-05-27 13:50:47,ALT,9999.0,12231990,0,12231990,3,
2026-05-27 13:51:47,ALT,9999.0,3798555,0,3798555,3,
2026-05-27 13:55:47,ALT,9999.0,5000,0,5000,1,
2026-05-27 14:02:48,ALT,0.0,0,2616659,2616659,1,
2026-05-27 14:08:48,ALT,0.0,0,105000,105000,1,
2026-05-27 14:11:48,ALT,0.0,0,120375,120375,1,
2026-05-27 14:12:48,ALT,0.0,0,32768,32768,1,
2026-05-27 14:16:48,ALT,9999.0,10095,0,10095,1,
2026-05-27 14:18:48,ALT,37.2,69965,187920,257885,2,
2026-05-27 14:20:48,ALT,9999.0,3686285,0,3686285,1,
2026-05-27 14:23:48,ALT,1178.8,8090656,686374,8777030,9,
2026-05-27 14:25:48,ALT,0.0,0,5000,5000,1,
2026-05-27 14:27:48,ALT,0.0,0,1537044,1537044,2,
2026-05-27 14:33:48,ALT,0.0,0,431493,431493,2,
2026-05-27 14:38:48,ALT,0.0,0,344854,344854,1,
2026-05-27 14:41:48,ALT,0.0,0,52500,52500,1,
2026-05-27 14:53:48,ALT,0.0,0,2703674,2703674,1,
2026-05-27 14:55:48,ALT,5.0,10095,199910,210005,3,
2026-05-27 14:56:48,ALT,0.0,0,77399,77399,1,
2026-05-27 14:57:48,ALT,0.0,0,136449,136449,1,
2026-05-27 14:58:48,ALT,9999.0,14762,0,14762,1,
2026-05-27 14:59:48,ALT,9999.0,18677778,0,18677778,10,
2026-05-27 15:00:48,ALT,9999.0,2174941,0,2174941,5,
2026-05-27 15:02:48,ALT,9999.0,30000,0,30000,1,
2026-05-27 15:03:48,ALT,9999.0,30000,0,30000,1,
2026-05-27 15:08:48,ALT,9999.0,4611926,0,4611926,3,
2026-05-27 15:09:48,ALT,88281.0,5830321,6604,5836925,16,
2026-05-27 15:10:48,ALT,0.3,10093,3931123,3941215,6,
2026-05-27 15:11:48,ALT,9999.0,9732157,0,9732157,11,
2026-05-27 15:12:48,ALT,1389.0,3680440,264975,3945415,4,
2026-05-27 15:13:48,ALT,100.2,3232827,3226959,6459786,8,
2026-05-27 15:14:48,ALT,238.4,4880302,2047496,6927798,8,
2026-05-27 15:15:48,ALT,9999.0,25280988,0,25280988,15,
2026-05-27 15:16:48,ALT,9999.0,39218786,0,39218786,25,
2026-05-27 15:17:48,ALT,1618.4,12703696,784946,13488643,4,
2026-05-27 15:18:48,ALT,110.9,8123140,7327376,15450516,26,
2026-05-27 15:19:48,ALT,63.1,2429972,3852918,6282890,11,
2026-05-27 15:20:48,ALT,9999.0,771149,0,771149,3,
2026-05-27 15:21:48,ALT,23693.9,3905741,16484,3922225,9,
2026-05-27 15:22:48,ALT,870.8,1390471,159672,1550142,8,
2026-05-27 15:23:48,ALT,9999.0,2878984,0,2878984,2,
2026-05-27 15:24:48,ALT,9999.0,3635367,0,3635367,5,
2026-05-27 15:25:48,ALT,9999.0,466715,0,466715,1,
2026-05-27 15:26:48,ALT,9999.0,4197746,0,4197746,10,
2026-05-27 15:27:48,ALT,97.9,3521916,3596107,7118023,16,
2026-05-27 15:28:48,ALT,0.0,0,6919521,6919521,8,
2026-05-27 15:29:48,ALT,0.0,0,1620000,1620000,3,
2026-05-27 15:30:48,ALT,0.0,0,13403249,13403249,32,
2026-05-27 15:31:48,ALT,145.2,3726829,2566470,6293299,6,
2026-05-27 15:32:48,ALT,454.1,1732969,381591,2114560,4,
2026-05-27 15:33:48,ALT,9999.0,1633690,0,1633690,7,
2026-05-27 15:34:48,ALT,9999.0,806547,0,806547,2,
2026-05-27 15:35:48,ALT,9999.0,4050695,0,4050695,6,
2026-05-27 15:36:48,ALT,9999.0,7703688,0,7703688,10,
2026-05-27 15:37:48,ALT,19.9,1307603,6563348,7870951,7,
2026-05-27 15:38:48,ALT,16490.1,18709389,113458,18822847,24,
2026-05-27 15:39:48,ALT,379550.0,20817205,5485,20822689,26,
2026-05-27 15:40:48,ALT,19.7,8930287,45241160,54171447,37,
2026-05-27 15:41:48,ALT,62.6,4280372,6838417,11118789,9,
2026-05-27 15:42:48,ALT,9999.0,970865,0,970865,2,
2026-05-27 15:43:48,ALT,9999.0,959297,0,959297,3,
2026-05-27 15:44:48,ALT,9999.0,10000,0,10000,1,
2026-05-27 15:45:48,ALT,390.6,18075655,4627200,22702855,12,
2026-05-27 15:46:48,ALT,0.0,5606,12580455,12586061,19,
2026-05-27 15:47:48,ALT,0.0,0,124576,124576,2,
2026-05-27 15:48:48,ALT,0.0,0,656376,656376,1,
2026-05-27 15:49:48,ALT,0.7,62700,9366323,9429023,14,
2026-05-27 15:51:48,ALT,9999.0,1282360,0,1282360,2,
2026-05-27 15:52:48,ALT,136.6,10116312,7404542,17520854,14,
2026-05-27 15:53:48,ALT,46.7,3224397,6906471,10130869,20,
2026-05-27 15:54:48,ALT,158.6,3349891,2111979,5461870,20,
2026-05-27 15:55:48,ALT,9999.0,232000,0,232000,3,
2026-05-27 15:56:48,ALT,9999.0,2870656,0,2870656,17,
2026-05-27 15:57:48,ALT,191.1,7320513,3831038,11151551,20,
2026-05-27 15:58:48,ALT,0.0,0,2611501,2611501,5,
2026-05-27 15:59:48,ALT,0.0,0,1075448,1075448,4,
2026-05-27 16:00:48,ALT,0.0,0,3917970,3917970,3,
2026-05-27 16:01:48,ALT,1026.0,11950686,1164769,13115455,8,
2026-05-27 16:02:48,ALT,9999.0,3460368,0,3460368,4,
2026-05-27 16:03:48,ALT,9999.0,15668952,0,15668952,27,
2026-05-27 16:04:48,ALT,789.6,20367283,2579301,22946583,31,
2026-05-27 16:05:48,ALT,9999.0,1516237,0,1516237,4,
2026-05-27 16:06:48,ALT,2085.8,1253900,60115,1314015,6,
2026-05-27 16:07:48,ALT,1873.3,12110282,646461,12756743,16,
2026-05-27 16:08:48,ALT,23.3,1461020,6269068,7730088,30,
2026-05-27 16:09:48,ALT,307.4,20878629,6792303,27670932,34,
2026-05-27 16:10:48,ALT,18.3,7187811,39382988,46570800,68,
2026-05-27 16:11:48,ALT,16.9,1197419,7064707,8262126,14,
2026-05-27 16:12:48,ALT,58.3,6128715,10512715,16641430,19,
2026-05-27 16:13:48,ALT,0.0,0,19008283,19008283,21,
2026-05-27 16:14:48,ALT,181.1,9454988,5219901,14674889,10,
2026-05-27 16:15:48,ALT,83.1,2072219,2492714,4564932,11,
2026-05-27 16:16:48,ALT,9999.0,23599553,0,23599553,20,
2026-05-27 16:17:48,ALT,147.9,174193,117800,291993,3,
2026-05-27 16:18:48,ALT,266.8,26897165,10082359,36979524,35,
2026-05-27 16:19:48,ALT,675.3,790463,117052,907514,5,
2026-05-27 16:20:48,ALT,1.0,171863,17486545,17658408,21,
2026-05-27 16:21:48,ALT,0.0,0,5948401,5948401,4,
2026-05-27 16:22:48,ALT,92.3,15987523,17320771,33308295,24,
2026-05-27 16:23:48,ALT,4.4,220929,5054457,5275387,20,
2026-05-27 16:24:48,ALT,19.2,674446,3520694,4195140,9,
2026-05-27 16:25:48,ALT,77.0,2745362,3567488,6312851,15,
2026-05-27 16:26:48,ALT,9999.0,4721841,0,4721841,9,
2026-05-27 16:27:48,ALT,19.2,4352812,22700477,27053289,27,
2026-05-27 16:28:48,ALT,62.3,5721666,9181445,14903111,13,
2026-05-27 16:29:48,ALT,4.6,536688,11597277,12133965,20,
2026-05-27 16:30:48,ALT,1.2,212218,17851136,18063355,23,
2026-05-27 16:31:48,ALT,248.0,7849915,3165109,11015024,31,
2026-05-27 16:32:48,ALT,45.5,5100,11200,16300,2,
2026-05-27 16:33:48,ALT,9999.0,14536157,0,14536157,18,
2026-05-27 16:34:48,ALT,36.2,4208078,11618760,15826839,41,
2026-05-27 16:35:48,ALT,1360.0,40582042,2983934,43565977,35,
2026-05-27 16:36:48,ALT,124.5,50992042,40942218,91934259,145,
2026-05-27 16:37:48,ALT,167.2,44510041,26627595,71137636,78,
2026-05-27 16:38:48,ALT,559.3,27948737,4996861,32945599,41,
2026-05-27 16:39:48,ALT,116.8,35276964,30208657,65485620,66,
2026-05-27 16:40:48,ALT,78.2,68289876,87372501,155662377,118,
2026-05-27 16:41:48,ALT,90.2,34435003,38164926,72599929,85,
2026-05-27 16:42:48,ALT,171.3,126095390,73622195,199717585,91,
2026-05-27 16:43:48,ALT,188.6,121159444,64243697,185403140,138,
2026-05-27 16:44:48,ALT,106.9,81339486,76114679,157454164,98,
2026-05-27 16:45:48,ALT,71.0,18526389,26082976,44609365,65,
2026-05-27 16:46:48,ALT,290.3,87965357,30298537,118263894,95,
2026-05-27 16:47:48,ALT,100.0,37485528,37487161,74972688,62,
2026-05-27 16:48:48,ALT,276.5,223985704,80996758,304982461,288,
2026-05-27 16:49:48,ALT,102.2,102689480,100479803,203169283,229,
2026-05-27 16:50:48,ALT,162.2,183742675,113301241,297043916,277,
2026-05-27 16:51:48,ALT,245.6,150213502,61172761,211386263,249,
2026-05-27 16:52:48,ALT,168.6,219489133,130150628,349639761,269,
2026-05-27 16:53:48,ALT,129.5,120881951,93363046,214244997,178,
2026-05-27 16:54:48,ALT,53.6,67426642,125842833,193269476,143,
2026-05-27 16:55:48,ALT,68.0,62296353,91650160,153946513,197,
2026-05-27 16:56:48,ALT,50.7,24711216,48775013,73486228,114,
2026-05-27 16:57:48,ALT,284.7,68143372,23938529,92081902,93,
2026-05-27 16:58:48,ALT,227.7,20529724,9014419,29544143,55,
2026-05-27 16:59:48,ALT,32.3,14335568,44364918,58700486,62,
2026-05-27 17:00:48,ALT,32.3,12898253,39928366,52826619,81,
2026-05-27 17:01:48,ALT,16.6,5053195,30501718,35554914,68,
2026-05-27 17:02:48,ALT,33.4,17367309,52065465,69432774,78,
2026-05-27 17:03:48,ALT,10.0,11373227,113425335,124798562,157,
2026-05-27 17:04:48,ALT,140.9,48607418,34504869,83112287,61,
2026-05-27 17:05:48,ALT,114.4,26931088,23541859,50472947,53,
2026-05-27 17:06:48,ALT,33.1,15360691,46408247,61768938,42,
2026-05-27 17:07:48,ALT,4.6,1777897,38603290,40381187,39,
2026-05-27 17:08:48,ALT,60.0,21786770,36319279,58106049,45,
2026-05-27 17:09:48,ALT,54.5,13481042,24753589,38234630,20,
2026-05-27 17:10:48,ALT,6.0,473387,7829285,8302672,17,
2026-05-27 17:11:48,ALT,52.2,25503618,48900278,74403895,50,
2026-05-27 17:12:48,ALT,57.6,56086566,97306096,153392663,91,
2026-05-27 17:13:48,ALT,170.8,46055924,26963922,73019846,45,
2026-05-27 17:14:48,ALT,94.2,21862529,23219016,45081544,34,
2026-05-27 17:15:48,ALT,24.7,2679601,10858014,13537615,29,
2026-05-27 17:16:48,ALT,380.7,28166383,7398271,35564654,39,
2026-05-27 17:17:48,ALT,346.6,10391991,2997847,13389838,32,
2026-05-27 17:18:48,ALT,326.3,49147485,15063145,64210630,59,
2026-05-27 17:19:48,ALT,41.4,18691246,45170181,63861426,62,
2026-05-27 17:20:48,ALT,24.6,5812752,23602187,29414939,56,
2026-05-27 17:21:48,ALT,452.7,58897392,13011103,71908495,90,
2026-05-27 17:22:48,ALT,1530.8,43987285,2873525,46860809,61,
2026-05-27 17:23:48,ALT,14.0,4084324,29103407,33187731,54,
2026-05-27 17:24:48,ALT,66.1,19214515,29082362,48296877,39,
2026-05-27 17:25:48,ALT,52.0,3125323,6013570,9138893,18,
2026-05-27 17:26:48,ALT,13.7,8096675,58900834,66997509,78,
2026-05-27 17:27:48,ALT,17.4,12193564,70277165,82470729,97,
2026-05-27 17:28:48,ALT,75.6,37551184,49685602,87236786,55,
2026-05-27 17:29:48,ALT,34.9,13689764,39222606,52912370,55,
2026-05-27 17:30:48,ALT,140.6,23449014,16675519,40124533,59,
2026-05-27 17:31:48,ALT,27.1,5378637,19830491,25209128,38,
2026-05-27 17:32:48,ALT,12.9,432836,3362969,3795806,22,
2026-05-27 17:33:48,ALT,129.3,14890064,11516337,26406402,34,
2026-05-27 17:34:48,ALT,6.2,1806383,29056720,30863104,57,
2026-05-27 17:35:48,ALT,62.7,15177387,24204084,39381472,56,
2026-05-27 17:36:48,ALT,9999.0,4567936,0,4567936,10,
2026-05-27 17:37:48,ALT,66301.3,13996862,21111,14017973,32,
2026-05-27 17:38:48,ALT,170.9,22266032,13029235,35295267,45,
2026-05-27 17:39:48,ALT,198.5,42798212,21559150,64357363,77,
2026-05-27 17:40:48,ALT,50.0,9714346,19426038,29140384,34,
2026-05-27 17:41:48,ALT,30.6,7432253,24287770,31720024,19,
2026-05-27 17:42:48,ALT,28.7,7365901,25659433,33025334,32,
2026-05-27 17:43:48,ALT,177.2,72947860,41175534,114123394,109,
2026-05-27 17:44:48,ALT,367.6,72669914,19767423,92437336,97,
2026-05-27 17:45:48,ALT,152.8,69117210,45233822,114351031,98,
2026-05-27 17:46:48,ALT,122.9,151834515,123521783,275356298,287,
2026-05-27 17:47:48,ALT,171.0,149988481,87705594,237694075,202,
2026-05-27 17:48:48,ALT,127.6,148566874,116404274,264971148,238,
2026-05-27 17:49:48,ALT,81.4,76729225,94291210,171020435,171,
2026-05-27 17:50:48,ALT,140.8,124375710,88360329,212736039,189,
2026-05-27 17:51:48,ALT,127.5,154667602,121340155,276007757,218,
2026-05-27 17:52:48,ALT,76.1,126693650,166550561,293244212,184,
2026-05-27 17:53:48,ALT,31.4,25615694,81697397,107313092,132,
2026-05-27 17:54:48,ALT,122.3,27852158,22770146,50622304,57,
2026-05-27 17:55:48,ALT,39.2,16027124,40890259,56917383,69,
2026-05-27 17:56:48,ALT,319.6,62391639,19523995,81915634,62,
2026-05-27 17:57:48,ALT,426.4,64139667,15041020,79180687,78,
2026-05-27 17:58:48,ALT,27.8,8599346,30908248,39507594,39,
2026-05-27 17:59:48,ALT,381.9,17275665,4524097,21799762,25,
2026-05-27 18:00:48,ALT,404.7,53540009,13229547,66769555,76,
2026-05-27 18:01:48,ALT,70.0,31425043,44904137,76329180,69,
2026-05-27 18:02:48,ALT,1824.1,75832848,4157229,79990077,104,
2026-05-27 18:03:48,ALT,73.4,15007266,20442113,35449379,35,
2026-05-27 18:04:48,ALT,424.4,133812214,31529446,165341660,143,
2026-05-27 18:05:48,ALT,188.5,140955776,74762076,215717852,206,
2026-05-27 18:06:48,ALT,58.6,61204033,104499301,165703334,140,
2026-05-27 18:07:48,ALT,64.1,32965615,51413358,84378973,100,
2026-05-27 18:08:48,ALT,50.1,70357319,140330142,210687461,176,
2026-05-27 18:09:48,ALT,69.0,64947629,94105207,159052836,101,
2026-05-27 18:10:48,ALT,445.0,99192942,22290962,121483904,128,
2026-05-27 18:11:48,ALT,287.6,96287786,33480383,129768169,109,
2026-05-27 18:12:48,ALT,1825.8,118507885,6490877,124998763,165,
2026-05-27 18:13:48,ALT,136.1,71614105,52632525,124246629,138,
2026-05-27 18:14:48,ALT,36.5,42868169,117584841,160453011,137,
2026-05-27 18:15:48,ALT,259.5,41830666,16119657,57950322,73,
2026-05-27 18:16:48,ALT,237.7,52562851,22109540,74672391,99,
2026-05-27 18:17:48,ALT,1056.9,70452307,6666209,77118516,113,
2026-05-27 18:18:48,ALT,3.4,4128116,120985772,125113888,106,
2026-05-27 18:19:48,ALT,111.7,32678204,29244208,61922412,66,
2026-05-27 18:20:48,ALT,61.0,12759888,20910698,33670586,41,
2026-05-27 18:21:48,ALT,31.8,23826789,74949722,98776511,127,
2026-05-27 18:22:48,ALT,78.7,34975964,44424117,79400081,96,
2026-05-27 18:23:48,ALT,400.9,19034998,4748124,23783122,35,
2026-05-27 18:24:48,ALT,52.1,18166107,34850215,53016322,65,
2026-05-27 18:25:48,ALT,37.4,4533543,12116397,16649941,26,
2026-05-27 18:26:48,ALT,96.0,4772132,4969443,9741575,12,
2026-05-27 18:27:48,ALT,18.2,5366778,29550276,34917054,39,
2026-05-27 18:28:48,ALT,0.8,423342,51656068,52079411,39,
2026-05-27 18:29:48,ALT,17.5,10884585,62237292,73121876,87,
2026-05-27 18:30:48,ALT,54.6,29405286,53823067,83228352,82,
2026-05-27 18:31:48,ALT,81.9,37354579,45625819,82980398,99,
2026-05-27 18:32:48,ALT,245.1,50288802,20520844,70809646,50,
2026-05-27 18:33:48,ALT,195.5,38433862,19658288,58092149,50,
2026-05-27 18:34:48,ALT,30.8,1984954,6454633,8439587,13,
2026-05-27 18:35:49,ALT,92.8,23802206,25661354,49463560,40,
2026-05-27 18:36:49,ALT,130.3,7294326,5597256,12891582,25,
2026-05-27 18:37:49,ALT,13.7,2401011,17511048,19912058,21,
2026-05-27 18:38:49,ALT,1.2,284298,22806397,23090695,38,
2026-05-27 18:39:49,ALT,24.2,10631903,43888208,54520111,51,
2026-05-27 18:40:49,ALT,0.0,0,113253122,113253122,117,
2026-05-27 18:41:49,ALT,227.3,34897794,15354130,50251924,53,
2026-05-27 18:42:49,ALT,390.4,22219009,5691922,27910931,46,
2026-05-27 18:43:49,ALT,27.4,2144060,7829501,9973561,35,
2026-05-27 18:44:49,ALT,5.1,476067,9363662,9839729,27,
2026-05-27 18:45:49,ALT,9.1,1010888,11124494,12135382,18,
2026-05-27 18:46:49,ALT,571.0,36275424,6352739,42628163,33,
2026-05-27 18:47:49,ALT,41.6,5730344,13769535,19499879,21,
2026-05-27 18:48:49,ALT,1305.3,35095345,2688756,37784100,49,
2026-05-27 18:49:49,ALT,41.4,20739972,50073221,70813193,47,
2026-05-27 18:50:49,ALT,40.0,15250928,38134562,53385490,58,
2026-05-27 18:51:49,ALT,3.1,988493,32215398,33203891,21,
2026-05-27 18:52:49,ALT,104.9,56293753,53648310,109942062,106,
2026-05-27 18:53:49,ALT,8.6,2004137,23386079,25390216,15,
2026-05-27 18:54:49,ALT,130.4,4467761,3427221,7894982,10,
2026-05-27 18:55:49,ALT,41.7,2249973,5390640,7640613,17,
2026-05-27 18:56:49,ALT,267.9,16970128,6334696,23304823,39,
2026-05-27 18:57:49,ALT,31.0,2417309,7805875,10223184,33,
2026-05-27 18:58:49,ALT,6.4,936077,14632286,15568364,22,
2026-05-27 18:59:49,ALT,0.6,203021,35677852,35880874,32,
2026-05-27 19:00:49,ALT,6.8,6978907,102106909,109085816,124,
2026-05-27 19:01:49,ALT,25.3,34659331,137252947,171912279,247,
2026-05-27 19:02:49,ALT,158.4,56297751,35531925,91829677,113,
2026-05-27 19:03:49,ALT,111.8,31684026,28348312,60032338,109,
2026-05-27 19:04:49,ALT,14.7,9399138,63768689,73167826,81,
2026-05-27 19:05:49,ALT,24.4,16785100,68706942,85492041,78,
2026-05-27 19:06:49,ALT,6.4,14859983,233651970,248511953,266,
2026-05-27 19:07:49,ALT,80.6,113317065,140613953,253931018,216,
2026-05-27 19:08:49,ALT,21.2,21726766,102354094,124080860,111,
2026-05-27 19:09:49,ALT,41.1,41621318,101202599,142823918,151,
2026-05-27 19:10:49,ALT,239.0,52016914,21762968,73779882,115,
2026-05-27 19:11:49,ALT,314.7,30475719,9684144,40159863,68,
2026-05-27 19:12:49,ALT,128.9,19391553,15041315,34432868,58,
2026-05-27 19:13:49,ALT,2221.9,88458888,3981142,92440031,91,
2026-05-27 19:14:49,ALT,491.7,38356735,7801602,46158337,43,
2026-05-27 19:15:49,ALT,103.4,33874384,32768975,66643359,66,
2026-05-27 19:16:49,ALT,297.0,42371449,14264585,56636033,81,
2026-05-27 19:17:49,ALT,76.6,7858651,10261323,18119974,33,
2026-05-27 19:18:49,ALT,58.6,25404912,43347531,68752443,64,
2026-05-27 19:19:49,ALT,20.9,4694790,22494456,27189245,36,
2026-05-27 19:20:49,ALT,26.0,17567744,67526242,85093986,80,
2026-05-27 19:21:49,ALT,66.7,18292530,27432196,45724726,70,
2026-05-27 19:22:49,ALT,54.4,53696747,98686021,152382768,147,
2026-05-27 19:23:49,ALT,36.0,37191266,103215019,140406285,143,
2026-05-27 19:24:49,ALT,61.7,26701161,43287078,69988238,97,
2026-05-27 19:25:49,ALT,189.7,66242582,34912120,101154702,109,
2026-05-27 19:26:49,ALT,141.6,13929435,9837995,23767430,27,
2026-05-27 19:27:49,ALT,95.9,9966790,10389542,20356332,26,
2026-05-27 19:28:49,ALT,593.0,26868579,4530846,31399425,54,
2026-05-27 19:29:49,ALT,9999.0,36515382,0,36515382,31,
2026-05-27 19:30:49,ALT,232.5,15740161,6771395,22511557,33,
2026-05-27 19:31:49,ALT,2711.8,35833146,1321394,37154540,46,
2026-05-27 19:32:49,ALT,185.3,22777917,12293333,35071250,41,
2026-05-27 19:33:49,ALT,46.0,11433809,24858009,36291817,33,
2026-05-27 19:34:49,ALT,0.8,106749,12613403,12720152,23,
2026-05-27 19:35:49,ALT,6111.5,15516620,253894,15770514,19,
2026-05-27 19:36:49,ALT,801.7,27807597,3468497,31276093,34,
2026-05-27 19:37:49,ALT,159.0,30396226,19116424,49512650,71,
2026-05-27 19:38:49,ALT,141.7,19735677,13927845,33663522,55,
2026-05-27 19:39:49,ALT,112.2,18885231,16826431,35711662,46,
2026-05-27 19:40:49,ALT,107.3,47151433,43940251,91091684,95,
2026-05-27 19:41:49,ALT,113.9,47340217,41552112,88892329,74,
2026-05-27 19:42:49,ALT,177.3,55261178,31173819,86434996,71,
2026-05-27 19:43:49,ALT,57.9,12237625,21120123,33357747,28,
2026-05-27 19:44:49,ALT,47.1,20915204,44380352,65295556,52,
2026-05-27 19:45:49,ALT,1306.7,36295060,2777591,39072652,47,
2026-05-27 19:46:49,ALT,924.1,40599969,4393455,44993425,47,
2026-05-27 19:47:49,ALT,971.7,45329403,4664835,49994238,58,
2026-05-27 19:48:49,ALT,159.8,36710951,22966389,59677340,52,
2026-05-27 19:49:49,ALT,244.3,74715956,30577624,105293580,123,
2026-05-27 19:50:49,ALT,87.3,98243132,112504463,210747596,190,
2026-05-27 19:51:49,ALT,37.4,11351298,30364832,41716130,80,
2026-05-27 19:52:49,ALT,96.9,23360085,24096642,47456727,68,
2026-05-27 19:53:49,ALT,38.7,11039878,28561304,39601182,63,
2026-05-27 19:54:49,ALT,2.2,376154,17057323,17433477,29,
2026-05-27 19:55:49,ALT,514.1,10577344,2057487,12634831,32,
2026-05-27 19:56:49,ALT,273.5,35977391,13155559,49132950,87,
2026-05-27 19:57:49,ALT,169.1,8896259,5261203,14157462,15,
2026-05-27 19:58:49,ALT,90.7,56874837,62707843,119582680,63,
2026-05-27 19:59:49,ALT,10.4,5626642,54141498,59768140,93,
2026-05-27 20:00:49,ALT,49.1,2254297,4593059,6847356,12,
2026-05-27 20:01:49,ALT,309.3,26857314,8683758,35541073,39,
2026-05-27 20:02:49,ALT,166.6,12912695,7751391,20664086,31,
2026-05-27 20:03:49,ALT,3.5,2264285,64672534,66936820,60,
2026-05-27 20:04:49,ALT,86.6,16626772,19191715,35818487,48,
2026-05-27 20:05:49,ALT,339.3,10846892,3196387,14043279,26,
2026-05-27 20:06:49,ALT,110.1,8781223,7972334,16753557,19,
2026-05-27 20:07:49,ALT,23.2,8438204,36395141,44833345,42,
2026-05-27 20:08:49,ALT,9999.0,3553950,0,3553950,9,
2026-05-27 20:09:49,ALT,253.9,12857535,5064892,17922428,13,
2026-05-27 20:10:49,ALT,22.1,1011000,4568008,5579008,14,
2026-05-27 20:11:49,ALT,241.1,21390916,8870619,30261535,40,
2026-05-27 20:12:49,ALT,108.5,13527279,12472754,26000033,47,
2026-05-27 20:13:49,ALT,270.0,32997845,12221522,45219367,75,
2026-05-27 20:14:49,ALT,4.6,1781978,38569213,40351190,39,
2026-05-27 20:15:49,ALT,0.9,170663,18567713,18738376,25,
2026-05-27 20:16:49,ALT,104.6,13122589,12543861,25666450,33,
2026-05-27 20:17:49,ALT,293.4,28137284,9590591,37727876,51,
2026-05-27 20:18:49,ALT,2176.6,42142663,1936194,44078857,84,
2026-05-27 20:19:49,ALT,119.7,172370053,144030475,316400529,308,
2026-05-27 20:20:49,ALT,225.5,137319602,60883524,198203126,175,
2026-05-27 20:21:49,ALT,59.1,25144043,42572637,67716681,73,
2026-05-27 20:22:49,ALT,223.4,26647901,11927503,38575405,42,
2026-05-27 20:23:49,ALT,214.3,18398327,8584264,26982591,37,
2026-05-27 20:24:49,ALT,3001.0,14925521,497353,15422874,21,
2026-05-27 20:25:49,ALT,149.9,20734724,13829597,34564321,37,
2026-05-27 20:26:49,ALT,417.7,58344594,13967627,72312221,81,
2026-05-27 20:27:49,ALT,38.3,12299891,32143033,44442923,61,
2026-05-27 20:28:49,ALT,73.6,29947499,40687496,70634995,62,
2026-05-27 20:29:49,ALT,80.5,7264915,9021079,16285994,20,
2026-05-27 20:30:49,ALT,79.1,21691260,27406580,49097840,37,
2026-05-27 20:31:49,ALT,7.1,1003724,14215648,15219372,32,
2026-05-27 20:32:49,ALT,28.7,14482742,50381199,64863941,67,
2026-05-27 20:33:49,ALT,85.5,8580234,10034118,18614352,34,
2026-05-27 20:34:49,ALT,46.9,8030578,17114222,25144800,31,
2026-05-27 20:35:49,ALT,311.5,19053564,6117024,25170587,25,
2026-05-27 20:36:49,ALT,5.7,796662,14064190,14860852,25,
2026-05-27 20:37:49,ALT,251.2,29610277,11788736,41399013,52,
2026-05-27 20:38:49,ALT,200.5,4058723,2024082,6082805,15,
2026-05-27 20:39:49,ALT,191.8,31892501,16626238,48518739,20,
2026-05-27 20:40:49,ALT,13.6,810524,5974592,6785116,14,
2026-05-27 20:41:49,ALT,8.7,3533112,40830108,44363220,43,
2026-05-27 20:42:49,ALT,39.1,17294875,44239957,61534831,46,
2026-05-27 20:43:49,ALT,63.5,69517775,109413436,178931212,125,
2026-05-27 20:44:49,ALT,34.1,24455028,71651450,96106477,114,
2026-05-27 20:45:49,ALT,45.5,13459332,29597419,43056750,55,
2026-05-27 20:46:49,ALT,415.1,38172979,9197098,47370077,59,
2026-05-27 20:47:49,ALT,284.1,3032203,1067160,4099363,36,
2026-05-27 20:48:49,ALT,7.7,8331104,107589051,115920155,160,
2026-05-27 20:49:49,ALT,37.7,27150743,72010421,99161164,107,
2026-05-27 20:50:49,ALT,5.2,5073884,97295322,102369206,95,
2026-05-27 20:51:49,ALT,61.6,47097688,76423497,123521185,140,
2026-05-27 20:52:49,ALT,101.0,16068655,15916938,31985593,55,
2026-05-27 20:53:49,ALT,35.8,36625245,102373677,138998922,171,
2026-05-27 20:54:49,ALT,1040.3,53466033,5139401,58605433,64,
2026-05-27 20:55:49,ALT,569.8,38140581,6693821,44834402,47,
2026-05-27 20:56:49,ALT,6.0,6567502,109271150,115838652,108,
2026-05-27 20:57:49,ALT,199.3,29547647,14823242,44370890,87,
2026-05-27 20:58:49,ALT,143.1,22892085,16001051,38893136,55,
2026-05-27 20:59:49,ALT,81.7,9944009,12165010,22109019,48,
2026-05-27 21:00:49,ALT,72.2,55499451,76852017,132351468,129,
2026-05-27 21:01:49,ALT,161.4,31721256,19659342,51380598,48,
2026-05-27 21:02:49,ALT,79.3,11526371,14533414,26059785,39,
2026-05-27 21:03:49,ALT,92.6,5088666,5495128,10583794,29,
2026-05-27 21:04:49,ALT,259.6,55712868,21463342,77176211,86,
2026-05-27 21:05:49,ALT,214.4,43795133,20423000,64218133,86,
2026-05-27 21:06:49,ALT,1601.2,94538635,5904262,100442897,110,
2026-05-27 21:07:49,ALT,358.5,107383609,29954329,137337938,138,
2026-05-27 21:08:49,ALT,114.9,51495425,44831843,96327268,92,
2026-05-27 21:09:49,ALT,330.4,40498230,12257958,52756188,82,
2026-05-27 21:10:49,ALT,310.0,34851029,11241499,46092528,49,
2026-05-27 21:11:49,ALT,1.5,934702,62452470,63387172,85,
2026-05-27 21:12:49,ALT,76.2,40196223,52765692,92961915,65,
2026-05-27 21:13:49,ALT,11.4,12819205,112428033,125247238,128,
2026-05-27 21:14:49,ALT,985.0,27527165,2794551,30321716,44,
2026-05-27 21:15:49,ALT,171.6,36199271,21094788,57294059,82,
2026-05-27 21:16:49,ALT,216.5,40118278,18532297,58650575,73,
2026-05-27 21:17:49,ALT,1669.3,16810059,1006995,17817054,21,
2026-05-27 21:18:49,ALT,157.8,11689106,7409079,19098185,27,
2026-05-27 21:19:49,ALT,81.4,10413136,12798005,23211141,24,
2026-05-27 21:20:49,ALT,190.2,1980748,1041540,3022288,8,
2026-05-27 21:21:49,ALT,29.4,14844244,50460762,65305006,44,
2026-05-27 21:22:49,ALT,240.2,70844579,29490934,100335513,79,
2026-05-27 21:23:49,ALT,24.3,5472768,22510592,27983361,27,
2026-05-27 21:24:49,ALT,30.1,3096584,10304478,13401062,17,
2026-05-27 21:25:49,ALT,188.7,6925394,3669876,10595270,12,
2026-05-27 21:26:49,ALT,94.9,31159050,32838838,63997888,69,
2026-05-27 21:27:49,ALT,13.2,13403150,101363870,114767020,62,
