2026-05-27 00:00:45,CHIP,0.3,5001,1981020,1986021,3,
2026-05-27 00:01:45,CHIP,0.0,0,3528136,3528136,6,
2026-05-27 00:02:45,CHIP,0.0,0,12577434,12577434,24,
2026-05-27 00:03:45,CHIP,3.1,2834606,90649666,93484272,151,
2026-05-27 00:04:45,CHIP,190.4,15617530,8203922,23821451,25,
2026-05-27 00:05:45,CHIP,110.3,24600,22307,46907,4,
2026-05-27 00:06:45,CHIP,18.8,301858,1607160,1909018,5,
2026-05-27 00:07:45,CHIP,522.5,16776966,3211190,19988157,12,
2026-05-27 00:08:45,CHIP,0.0,0,8151487,8151487,11,
2026-05-27 00:09:45,CHIP,9999.0,1296812,0,1296812,5,
2026-05-27 00:10:45,CHIP,9999.0,194542,0,194542,1,
2026-05-27 00:11:45,CHIP,3.8,400000,10524368,10924368,22,
2026-05-27 00:13:45,CHIP,169.0,1775138,1050269,2825407,18,
2026-05-27 00:14:45,CHIP,623.6,7485786,1200350,8686137,8,
2026-05-27 00:15:45,CHIP,9999.0,16053880,0,16053880,8,
2026-05-27 00:16:45,CHIP,9999.0,716433,0,716433,4,
2026-05-27 00:17:45,CHIP,9999.0,199777,0,199777,2,
2026-05-27 00:18:45,CHIP,0.1,5001,5555717,5560718,13,
2026-05-27 00:19:45,CHIP,167.9,1303654,776224,2079878,6,
2026-05-27 00:20:45,CHIP,0.0,0,1773857,1773857,3,
2026-05-27 00:21:45,CHIP,0.0,0,197323,197323,1,
2026-05-27 00:22:45,CHIP,0.0,0,200000,200000,1,
2026-05-27 00:23:45,CHIP,0.0,0,2407003,2407003,10,
2026-05-27 00:24:45,CHIP,112.6,10331515,9178090,19509605,14,
2026-05-27 00:27:45,CHIP,133.9,996148,744006,1740154,5,
2026-05-27 00:29:45,CHIP,1471.9,10303427,700000,11003427,8,
2026-05-27 00:30:45,CHIP,17.8,486098,2726773,3212871,30,
2026-05-27 00:31:45,CHIP,1.1,45011,4108664,4153675,34,
2026-05-27 00:32:45,CHIP,982.7,5414610,551017,5965627,6,
2026-05-27 00:33:45,CHIP,9999.0,7841871,0,7841871,7,
2026-05-27 00:34:45,CHIP,0.0,0,8403905,8403905,5,
2026-05-27 00:35:45,CHIP,0.0,0,1260420,1260420,3,
2026-05-27 00:36:45,CHIP,139.9,1736168,1241187,2977355,16,
2026-05-27 00:37:45,CHIP,4.1,25200,616642,641842,3,
2026-05-27 00:38:45,CHIP,9999.0,3018522,0,3018522,7,
2026-05-27 00:39:45,CHIP,9999.0,2506844,0,2506844,8,
2026-05-27 00:40:45,CHIP,9999.0,13112433,0,13112433,11,
2026-05-27 00:41:45,CHIP,9999.0,1734233,0,1734233,10,
2026-05-27 00:42:45,CHIP,9999.0,758969,0,758969,10,
2026-05-27 00:43:45,CHIP,9999.0,280095,0,280095,4,
2026-05-27 00:44:45,CHIP,330.8,34094603,10306950,44401553,34,
2026-05-27 00:45:45,CHIP,15.7,44931,285787,330718,4,
2026-05-27 00:46:45,CHIP,7.9,2341158,29497883,31839041,29,
2026-05-27 00:47:45,CHIP,3903.3,20803848,532977,21336825,21,
2026-05-27 00:48:45,CHIP,0.0,0,7442735,7442735,10,
2026-05-27 00:49:45,CHIP,2898.8,1343272,46338,1389611,4,
2026-05-27 00:50:45,CHIP,0.0,0,1304100,1304100,4,
2026-05-27 00:51:45,CHIP,0.2,5005,2279332,2284338,20,
2026-05-27 00:52:45,CHIP,0.0,0,3880324,3880324,75,
2026-05-27 00:53:45,CHIP,0.0,0,9644204,9644204,93,
2026-05-27 00:55:46,CHIP,0.0,0,132169,132169,1,
2026-05-27 00:56:46,CHIP,721.8,2616796,362562,2979357,11,
2026-05-27 00:57:46,CHIP,550.3,10908933,1982349,12891282,8,
2026-05-27 00:58:46,CHIP,138.8,431416,310728,742144,9,
2026-05-27 00:59:46,CHIP,5224.5,16346877,312892,16659768,40,
2026-05-27 01:00:46,CHIP,3.5,189743,5377823,5567566,18,
2026-05-27 01:01:46,CHIP,0.0,0,1000000,1000000,2,
2026-05-27 01:02:46,CHIP,55.6,225719,406206,631925,4,
2026-05-27 01:03:46,CHIP,1668.5,500322,29986,530308,8,
2026-05-27 01:04:46,CHIP,0.9,19954,2192870,2212824,7,
2026-05-27 01:05:46,CHIP,0.0,0,1366486,1366486,9,
2026-05-27 01:06:46,CHIP,0.0,0,1540438,1540438,8,
2026-05-27 01:07:46,CHIP,0.0,0,2956489,2956489,19,
2026-05-27 01:08:46,CHIP,0.0,0,1041657,1041657,6,
2026-05-27 01:09:46,CHIP,0.0,0,2215789,2215789,10,
2026-05-27 01:11:46,CHIP,0.0,0,1888445,1888445,3,
2026-05-27 01:12:46,CHIP,0.0,0,2481743,2481743,5,
2026-05-27 01:13:46,CHIP,0.0,0,1766071,1766071,11,
2026-05-27 01:14:46,CHIP,0.0,0,723916,723916,9,
2026-05-27 01:15:46,CHIP,78.7,1135822,1443661,2579483,7,
2026-05-27 01:16:46,CHIP,1.9,50078,2591425,2641503,18,
2026-05-27 01:17:46,CHIP,0.0,0,82688,82688,1,
2026-05-27 01:18:46,CHIP,9999.0,36772,0,36772,1,
2026-05-27 01:19:46,CHIP,35.3,1521981,4306685,5828666,6,
2026-05-27 01:20:46,CHIP,360.6,115776,32104,147880,4,
2026-05-27 01:22:46,CHIP,9999.0,220307,0,220307,2,
2026-05-27 01:23:46,CHIP,4443.8,1124068,25295,1149363,8,
2026-05-27 01:24:46,CHIP,367.6,406188,110494,516682,6,
2026-05-27 01:25:46,CHIP,95.8,288904,301482,590386,4,
2026-05-27 01:26:46,CHIP,0.0,0,1478893,1478893,7,
2026-05-27 01:27:46,CHIP,531.7,668044,125641,793684,6,
2026-05-27 01:28:46,CHIP,243.5,2442835,1003072,3445907,11,
2026-05-27 01:29:46,CHIP,7527.5,1129132,15000,1144132,4,
2026-05-27 01:30:46,CHIP,9999.0,251695,0,251695,3,
2026-05-27 01:31:46,CHIP,0.0,0,2322633,2322633,33,
2026-05-27 01:32:46,CHIP,0.0,0,94447,94447,1,
2026-05-27 01:34:46,CHIP,0.0,0,63201,63201,1,
2026-05-27 01:35:46,CHIP,1875.5,1145608,61082,1206690,4,
2026-05-27 01:36:46,CHIP,9999.0,7160425,0,7160425,4,
2026-05-27 01:37:46,CHIP,0.0,0,765825,765825,1,
2026-05-27 01:39:46,CHIP,0.0,0,305391,305391,10,
2026-05-27 01:40:46,CHIP,0.0,0,1214351,1214351,3,
2026-05-27 01:42:46,CHIP,9999.0,3576370,0,3576370,1,
2026-05-27 01:43:46,CHIP,0.0,0,132187,132187,1,
2026-05-27 01:47:46,CHIP,3.5,20130,570067,590197,4,
2026-05-27 01:49:46,CHIP,0.0,0,2506570,2506570,8,
2026-05-27 01:51:46,CHIP,0.0,0,10978,10978,2,
2026-05-27 01:52:46,CHIP,0.0,0,202995,202995,3,
2026-05-27 01:53:46,CHIP,0.0,0,908172,908172,4,
2026-05-27 01:56:46,CHIP,0.0,0,94055,94055,1,
2026-05-27 02:02:46,CHIP,863.9,1913286,221475,2134762,3,
2026-05-27 02:03:46,CHIP,207.2,1807306,872451,2679758,13,
2026-05-27 02:04:46,CHIP,0.0,0,1693271,1693271,6,
2026-05-27 02:06:46,CHIP,66.1,497121,752024,1249145,6,
2026-05-27 02:07:46,CHIP,9999.0,210821,0,210821,2,
2026-05-27 02:08:46,CHIP,0.0,0,1214794,1214794,20,
2026-05-27 02:09:46,CHIP,0.0,0,1585250,1585250,35,
2026-05-27 02:10:46,CHIP,0.0,0,13396395,13396395,9,
2026-05-27 02:11:46,CHIP,9999.0,3990286,0,3990286,3,
2026-05-27 02:14:46,CHIP,0.0,0,1414166,1414166,20,
2026-05-27 02:15:46,CHIP,9999.0,5297883,0,5297883,5,
2026-05-27 02:16:46,CHIP,455.4,1888564,414713,2303277,4,
2026-05-27 02:17:46,CHIP,0.0,0,3012968,3012968,18,
2026-05-27 02:18:46,CHIP,0.0,0,816719,816719,14,
2026-05-27 02:19:46,CHIP,0.0,0,1416156,1416156,17,
2026-05-27 02:20:46,CHIP,7.0,300000,4274409,4574409,44,
2026-05-27 02:21:46,CHIP,0.0,0,24273115,24273115,32,
2026-05-27 02:22:46,CHIP,0.0,0,96450,96450,1,
2026-05-27 02:23:46,CHIP,2.3,300000,13081347,13381347,20,
2026-05-27 02:24:46,CHIP,3.1,120000,3841296,3961296,28,
2026-05-27 02:25:46,CHIP,2.0,60000,3008769,3068769,13,
2026-05-27 02:26:46,CHIP,4.9,120000,2470206,2590206,11,
2026-05-27 02:27:46,CHIP,188.0,1000000,531776,1531776,5,
2026-05-27 02:28:46,CHIP,0.0,0,187963,187963,1,
2026-05-27 02:29:46,CHIP,6.5,1000000,15497481,16497481,24,
2026-05-27 02:30:46,CHIP,3.1,1517651,49325350,50843001,55,
2026-05-27 02:31:46,CHIP,18.5,7968960,43064116,51033077,75,
2026-05-27 02:32:46,CHIP,353.8,11465094,3240734,14705829,54,
2026-05-27 02:33:46,CHIP,89.1,19300342,21657781,40958123,83,
2026-05-27 02:34:46,CHIP,5215.0,2611590,50079,2661669,6,
2026-05-27 02:35:46,CHIP,254.6,3419560,1343296,4762856,6,
2026-05-27 02:36:46,CHIP,39.3,154906,394233,549139,6,
2026-05-27 02:38:46,CHIP,565.4,2418750,427771,2846521,6,
2026-05-27 02:39:46,CHIP,0.0,0,2837310,2837310,12,
2026-05-27 02:40:46,CHIP,34.4,3995582,11623312,15618894,70,
2026-05-27 02:41:46,CHIP,0.0,0,17669259,17669259,30,
2026-05-27 02:42:46,CHIP,123.8,1120416,905256,2025672,6,
2026-05-27 02:43:46,CHIP,9999.0,972006,0,972006,4,
2026-05-27 02:44:46,CHIP,5.7,60000,1043762,1103762,8,
2026-05-27 02:45:46,CHIP,2114.1,1268450,60000,1328450,4,
2026-05-27 02:46:46,CHIP,0.0,0,1855215,1855215,1,
2026-05-27 02:47:46,CHIP,0.0,0,1771714,1771714,5,
2026-05-27 02:48:46,CHIP,9999.0,1904311,0,1904311,2,
2026-05-27 02:49:46,CHIP,9999.0,20089,0,20089,2,
2026-05-27 02:50:46,CHIP,11.5,3074839,26853697,29928536,13,
2026-05-27 02:51:46,CHIP,0.0,0,12984916,12984916,10,
2026-05-27 02:52:46,CHIP,9999.0,2099563,0,2099563,1,
2026-05-27 02:53:46,CHIP,0.0,0,202820,202820,2,
2026-05-27 02:54:46,CHIP,0.0,0,43541,43541,1,
2026-05-27 02:55:46,CHIP,0.0,0,1406598,1406598,12,
2026-05-27 02:56:46,CHIP,0.0,0,95400,95400,1,
2026-05-27 02:57:46,CHIP,0.0,0,160598,160598,4,
2026-05-27 02:58:46,CHIP,191.6,118630,61913,180543,3,
2026-05-27 02:59:46,CHIP,0.0,0,7798991,7798991,35,
2026-05-27 03:00:46,CHIP,60.6,2366446,3907098,6273544,9,
2026-05-27 03:01:46,CHIP,467.0,1789742,383244,2172986,4,
2026-05-27 03:02:46,CHIP,0.0,0,249750,249750,7,
2026-05-27 03:03:46,CHIP,0.0,0,1117543,1117543,11,
2026-05-27 03:04:46,CHIP,0.0,0,2071690,2071690,8,
2026-05-27 03:06:46,CHIP,3.8,59906,1580090,1639996,9,
2026-05-27 03:07:46,CHIP,1.0,10000,967867,977867,8,
2026-05-27 03:08:46,CHIP,0.0,0,2569306,2569306,11,
2026-05-27 03:09:46,CHIP,8.3,60000,719271,779271,11,
2026-05-27 03:10:46,CHIP,0.0,0,2757733,2757733,16,
2026-05-27 03:15:46,CHIP,9999.0,3913505,0,3913505,2,
2026-05-27 03:16:46,CHIP,0.0,0,2394735,2394735,11,
2026-05-27 03:18:46,CHIP,9999.0,6103,0,6103,1,
2026-05-27 03:19:46,CHIP,0.0,0,30047,30047,1,
2026-05-27 03:20:46,CHIP,0.0,0,228221,228221,1,
2026-05-27 03:22:46,CHIP,9999.0,2591799,0,2591799,4,
2026-05-27 03:23:46,CHIP,9999.0,45000,0,45000,1,
2026-05-27 03:27:46,CHIP,0.0,0,264819,264819,3,
2026-05-27 03:28:46,CHIP,4114.8,11262469,273707,11536176,6,
2026-05-27 03:29:46,CHIP,345.6,652958,188918,841875,2,
2026-05-27 03:30:46,CHIP,1.0,87000,8303378,8390378,14,
2026-05-27 03:31:46,CHIP,33.5,60000,178928,238928,4,
2026-05-27 03:32:46,CHIP,0.0,0,2760186,2760186,2,
2026-05-27 03:33:46,CHIP,0.0,0,8537705,8537705,4,
2026-05-27 03:34:46,CHIP,0.0,0,68631,68631,2,
2026-05-27 03:36:46,CHIP,0.0,0,3112405,3112405,18,
2026-05-27 03:37:46,CHIP,0.0,0,2244524,2244524,21,
2026-05-27 03:39:46,CHIP,0.0,0,14598,14598,1,
2026-05-27 03:40:46,CHIP,0.0,0,38056849,38056849,77,
2026-05-27 03:41:46,CHIP,9999.0,39368,0,39368,1,
2026-05-27 03:43:46,CHIP,0.0,0,162381,162381,6,
2026-05-27 03:44:46,CHIP,0.0,7000,20802180,20809180,20,
2026-05-27 03:45:46,CHIP,9999.0,6100402,0,6100402,4,
2026-05-27 03:46:46,CHIP,9999.0,2966496,0,2966496,3,
2026-05-27 03:48:46,CHIP,0.0,0,424509,424509,9,
2026-05-27 03:49:46,CHIP,0.0,0,1472694,1472694,17,
2026-05-27 03:50:46,CHIP,0.0,0,300260,300260,6,
2026-05-27 03:53:46,CHIP,9999.0,3242776,0,3242776,3,
2026-05-27 03:57:46,CHIP,0.0,0,937709,937709,12,
2026-05-27 03:58:46,CHIP,9999.0,203520,0,203520,1,
2026-05-27 04:00:46,CHIP,3409.0,3697475,108463,3805938,4,
2026-05-27 04:01:46,CHIP,0.0,0,1422506,1422506,21,
2026-05-27 04:02:46,CHIP,0.0,0,1108405,1108405,15,
2026-05-27 04:03:46,CHIP,549.0,2060690,375362,2436052,6,
2026-05-27 04:04:46,CHIP,9999.0,80380,0,80380,4,
2026-05-27 04:06:46,CHIP,0.0,0,26040,26040,2,
2026-05-27 04:07:46,CHIP,9999.0,1871411,0,1871411,2,
2026-05-27 04:11:46,CHIP,9999.0,127400,0,127400,1,
2026-05-27 04:12:46,CHIP,0.0,0,824619,824619,12,
2026-05-27 04:13:46,CHIP,2.6,27600,1073948,1101548,6,
2026-05-27 04:14:46,CHIP,42.8,1178381,2752535,3930916,29,
2026-05-27 04:15:46,CHIP,0.0,0,3471043,3471043,13,
2026-05-27 04:16:46,CHIP,0.0,0,149987,149987,2,
2026-05-27 04:19:46,CHIP,9999.0,12806428,0,12806428,9,
2026-05-27 04:24:46,CHIP,9999.0,127200,0,127200,1,
2026-05-27 04:27:46,CHIP,9999.0,5005,0,5005,1,
2026-05-27 04:30:46,CHIP,9999.0,1161818,0,1161818,2,
2026-05-27 04:31:46,CHIP,1.2,28200,2322765,2350965,21,
2026-05-27 04:32:46,CHIP,20.8,72999,350372,423371,12,
2026-05-27 04:33:46,CHIP,145.5,5130143,3524772,8654915,11,
2026-05-27 04:34:46,CHIP,0.0,0,2151135,2151135,9,
2026-05-27 04:35:46,CHIP,0.0,0,605044,605044,2,
2026-05-27 04:36:46,CHIP,0.0,0,257157,257157,1,
2026-05-27 04:38:46,CHIP,4.4,21881,500711,522592,2,
2026-05-27 04:39:46,CHIP,0.0,0,202880,202880,1,
2026-05-27 04:42:46,CHIP,9999.0,1618708,0,1618708,1,
2026-05-27 04:43:46,CHIP,1.1,6000,568344,574344,2,
2026-05-27 04:44:46,CHIP,9999.0,5000,0,5000,1,
2026-05-27 04:45:46,CHIP,1177.8,1247995,105957,1353952,5,
2026-05-27 04:46:46,CHIP,4539.0,6814181,150124,6964306,7,
2026-05-27 04:47:46,CHIP,114.3,1952227,1708397,3660624,13,
2026-05-27 04:49:46,CHIP,0.0,0,6170,6170,1,
2026-05-27 04:50:46,CHIP,0.0,0,50070,50070,1,
2026-05-27 04:51:46,CHIP,0.0,0,338530,338530,7,
2026-05-27 04:53:46,CHIP,9999.0,48892,0,48892,1,
2026-05-27 04:54:46,CHIP,0.8,44000,5584319,5628319,8,
2026-05-27 04:59:46,CHIP,0.0,0,305760,305760,1,
2026-05-27 05:00:46,CHIP,0.0,0,50077,50077,1,
2026-05-27 05:02:46,CHIP,9999.0,908532,0,908532,3,
2026-05-27 05:03:46,CHIP,0.0,0,180255,180255,4,
2026-05-27 05:04:46,CHIP,168.3,1904267,1131167,3035434,10,
2026-05-27 05:05:46,CHIP,9999.0,27746,0,27746,2,
2026-05-27 05:06:46,CHIP,2.4,5094,210487,215581,9,
2026-05-27 05:09:46,CHIP,2095.6,1049326,50074,1099400,6,
2026-05-27 05:10:46,CHIP,0.0,0,80074,80074,2,
2026-05-27 05:11:46,CHIP,0.0,0,521239,521239,1,
2026-05-27 05:14:46,CHIP,20.8,119761,576762,696523,8,
2026-05-27 05:18:46,CHIP,3568.2,1737471,48694,1786164,5,
2026-05-27 05:19:46,CHIP,2125.7,212571,10000,222571,3,
2026-05-27 05:20:46,CHIP,9999.0,620170,0,620170,1,
2026-05-27 05:21:46,CHIP,28.3,3779833,13371611,17151444,13,
2026-05-27 05:22:46,CHIP,9999.0,541005,0,541005,3,
2026-05-27 05:24:46,CHIP,9999.0,9449272,0,9449272,6,
2026-05-27 05:26:46,CHIP,9999.0,1729815,0,1729815,5,
2026-05-27 05:27:46,CHIP,9999.0,843479,0,843479,5,
2026-05-27 05:28:46,CHIP,0.0,0,64300,64300,1,
2026-05-27 05:29:46,CHIP,9999.0,698846,0,698846,3,
2026-05-27 05:30:46,CHIP,9999.0,217479,0,217479,2,
2026-05-27 05:32:46,CHIP,145.6,72835,50040,122874,2,
2026-05-27 05:33:46,CHIP,74.2,1317804,1776587,3094391,6,
2026-05-27 05:37:46,CHIP,9999.0,2900642,0,2900642,5,
2026-05-27 05:39:46,CHIP,9999.0,8927,0,8927,1,
2026-05-27 05:40:46,CHIP,21.5,8398,39013,47411,3,
2026-05-27 05:41:46,CHIP,0.0,0,250196,250196,5,
2026-05-27 05:44:46,CHIP,0.0,0,424583,424583,1,
2026-05-27 05:45:46,CHIP,9999.0,2110214,0,2110214,7,
2026-05-27 05:46:46,CHIP,487.7,5828031,1195100,7023131,10,
2026-05-27 05:47:46,CHIP,0.0,0,374334,374334,3,
2026-05-27 05:48:46,CHIP,0.0,0,505700,505700,6,
2026-05-27 05:50:46,CHIP,0.0,0,3367592,3367592,6,
2026-05-27 05:51:46,CHIP,0.0,0,240509,240509,5,
2026-05-27 05:52:46,CHIP,0.0,0,1751491,1751491,7,
2026-05-27 05:53:46,CHIP,31.1,3766439,12103813,15870252,13,
2026-05-27 05:54:46,CHIP,64721.2,3300782,5100,3305882,6,
2026-05-27 05:57:46,CHIP,9999.0,2013932,0,2013932,4,
2026-05-27 06:00:46,CHIP,0.0,0,129200,129200,1,
2026-05-27 06:01:46,CHIP,26.2,475472,1817763,2293235,4,
2026-05-27 06:02:46,CHIP,73.0,141879,194400,336279,4,
2026-05-27 06:03:46,CHIP,4.8,15000,311721,326721,2,
2026-05-27 06:04:46,CHIP,9999.0,299420,0,299420,1,
2026-05-27 06:07:46,CHIP,0.0,0,685802,685802,9,
2026-05-27 06:08:46,CHIP,0.0,0,312077,312077,8,
2026-05-27 06:09:46,CHIP,0.0,0,4141904,4141904,14,
2026-05-27 06:10:46,CHIP,9.6,721239,7532472,8253711,27,
2026-05-27 06:11:46,CHIP,0.0,0,14827009,14827009,20,
2026-05-27 06:12:46,CHIP,0.0,0,3312371,3312371,2,
2026-05-27 06:13:46,CHIP,58.5,1419427,2427069,3846496,5,
2026-05-27 06:14:46,CHIP,148.3,1793723,1209132,3002856,4,
2026-05-27 06:17:46,CHIP,0.0,0,5108,5108,1,
2026-05-27 06:18:46,CHIP,9999.0,5102,0,5102,1,
2026-05-27 06:19:46,CHIP,38.9,708123,1820492,2528616,2,
2026-05-27 06:25:46,CHIP,0.0,0,3322211,3322211,9,
2026-05-27 06:26:46,CHIP,9999.0,2040573,0,2040573,2,
2026-05-27 06:27:46,CHIP,438.9,2635599,600497,3236096,13,
2026-05-27 06:28:46,CHIP,9999.0,1562758,0,1562758,3,
2026-05-27 06:29:46,CHIP,99.9,5095,5100,10195,2,
2026-05-27 06:30:46,CHIP,0.0,0,118675,118675,1,
2026-05-27 06:31:46,CHIP,9999.0,4566280,0,4566280,3,
2026-05-27 06:32:46,CHIP,0.0,0,2484278,2484278,3,
2026-05-27 06:33:46,CHIP,0.0,0,6927778,6927778,11,
2026-05-27 06:34:46,CHIP,99.9,5094,5100,10194,2,
2026-05-27 06:35:46,CHIP,9999.0,10000,0,10000,1,
2026-05-27 06:37:46,CHIP,9999.0,135318,0,135318,2,
2026-05-27 06:40:46,CHIP,0.0,0,100067,100067,3,
2026-05-27 06:41:46,CHIP,0.6,10190,1608798,1618988,6,
2026-05-27 06:42:46,CHIP,23.2,905876,3902923,4808799,9,
2026-05-27 06:43:46,CHIP,1821.8,16770981,920562,17691543,6,
2026-05-27 06:44:46,CHIP,0.0,0,764275,764275,10,
2026-05-27 06:45:46,CHIP,1.0,28403,2869493,2897896,29,
2026-05-27 06:46:46,CHIP,0.4,10000,2772932,2782932,26,
2026-05-27 06:47:46,CHIP,2.4,30000,1247699,1277699,17,
2026-05-27 06:48:46,CHIP,0.0,0,801594,801594,4,
2026-05-27 06:49:46,CHIP,9999.0,12820,0,12820,1,
2026-05-27 06:50:46,CHIP,1.4,6410,448884,455294,10,
2026-05-27 06:51:46,CHIP,0.0,0,78676,78676,1,
2026-05-27 06:52:46,CHIP,166.9,630352,377690,1008041,3,
2026-05-27 06:54:46,CHIP,0.1,6400,7063535,7069935,15,
2026-05-27 06:56:46,CHIP,0.0,0,15031590,15031590,18,
2026-05-27 06:57:46,CHIP,195.6,1329022,679349,2008371,12,
2026-05-27 07:00:46,CHIP,5.0,24963,503137,528101,4,
2026-05-27 07:02:46,CHIP,0.0,0,1091706,1091706,7,
2026-05-27 07:03:46,CHIP,0.2,5100,2723762,2728862,12,
2026-05-27 07:04:46,CHIP,116.7,3843861,3292764,7136624,8,
2026-05-27 07:06:46,CHIP,0.0,0,200243,200243,5,
2026-05-27 07:07:46,CHIP,68.1,2069520,3037552,5107072,13,
2026-05-27 07:09:46,CHIP,0.0,0,2343786,2343786,11,
2026-05-27 07:10:46,CHIP,93.0,286097,307726,593823,2,
2026-05-27 07:11:46,CHIP,23.0,241206,1050269,1291475,3,
2026-05-27 07:12:46,CHIP,9999.0,975048,0,975048,2,
2026-05-27 07:13:46,CHIP,0.0,0,3995176,3995176,8,
2026-05-27 07:14:46,CHIP,0.0,0,800037,800037,2,
2026-05-27 07:15:46,CHIP,0.0,0,127600,127600,1,
2026-05-27 07:16:46,CHIP,30.0,449821,1497217,1947038,11,
2026-05-27 07:17:46,CHIP,9999.0,469735,0,469735,1,
2026-05-27 07:18:46,CHIP,9999.0,76468,0,76468,1,
2026-05-27 07:19:46,CHIP,1177.5,11861754,1007401,12869154,8,
2026-05-27 07:20:46,CHIP,0.0,0,100088,100088,2,
2026-05-27 07:21:46,CHIP,8.6,50000,578205,628205,11,
2026-05-27 07:22:46,CHIP,9999.0,411048,0,411048,3,
2026-05-27 07:23:46,CHIP,157.5,721684,458265,1179949,8,
2026-05-27 07:24:46,CHIP,0.0,0,49469,49469,1,
2026-05-27 07:27:46,CHIP,0.0,0,2281514,2281514,6,
2026-05-27 07:28:46,CHIP,0.0,0,218486,218486,1,
2026-05-27 07:29:46,CHIP,0.0,0,38382,38382,2,
2026-05-27 07:30:46,CHIP,0.0,0,638611,638611,3,
2026-05-27 07:31:46,CHIP,0.0,0,309556,309556,1,
2026-05-27 07:32:46,CHIP,0.0,0,781125,781125,3,
2026-05-27 07:33:46,CHIP,0.0,0,673308,673308,4,
2026-05-27 07:34:46,CHIP,9999.0,2859534,0,2859534,1,
2026-05-27 07:35:46,CHIP,9999.0,10000,0,10000,1,
2026-05-27 07:36:46,CHIP,644.6,3476243,539296,4015538,10,
2026-05-27 07:37:46,CHIP,0.0,0,235599,235599,2,
2026-05-27 07:38:46,CHIP,652.4,1748343,267989,2016331,7,
2026-05-27 07:40:46,CHIP,9999.0,19200,0,19200,1,
2026-05-27 07:41:46,CHIP,9999.0,1383488,0,1383488,2,
2026-05-27 07:42:46,CHIP,10.7,818970,7688423,8507394,10,
2026-05-27 07:43:46,CHIP,0.9,7901,909648,917549,10,
2026-05-27 07:44:46,CHIP,5.7,36893,646514,683407,15,
2026-05-27 07:45:46,CHIP,61.9,1889459,3050923,4940382,23,
2026-05-27 07:46:46,CHIP,9999.0,164309,0,164309,3,
2026-05-27 07:47:46,CHIP,3.0,33216,1098415,1131631,6,
2026-05-27 07:48:46,CHIP,0.0,0,378397,378397,4,
2026-05-27 07:49:46,CHIP,0.0,0,2305589,2305589,7,
2026-05-27 07:50:46,CHIP,0.0,0,6000,6000,1,
2026-05-27 07:51:46,CHIP,9999.0,499750,0,499750,1,
2026-05-27 07:52:46,CHIP,9999.0,437281,0,437281,1,
2026-05-27 07:53:46,CHIP,9999.0,3078297,0,3078297,7,
2026-05-27 07:54:46,CHIP,111.7,579864,519324,1099188,7,
2026-05-27 07:55:46,CHIP,3.3,100000,3048565,3148565,9,
2026-05-27 07:56:46,CHIP,500.1,16769252,3352853,20122105,8,
2026-05-27 07:58:47,CHIP,0.0,0,227190,227190,2,
2026-05-27 07:59:47,CHIP,109.1,2561651,2347656,4909307,5,
2026-05-27 08:00:47,CHIP,15.8,147281,933961,1081242,6,
2026-05-27 08:02:47,CHIP,0.0,0,994206,994206,9,
2026-05-27 08:03:47,CHIP,22023.5,4309837,19569,4329407,6,
2026-05-27 08:04:47,CHIP,91.7,6504830,7094579,13599409,15,
2026-05-27 08:05:47,CHIP,24.5,63700,259957,323657,5,
2026-05-27 08:07:47,CHIP,0.0,0,5155397,5155397,8,
2026-05-27 08:08:47,CHIP,0.0,0,6927935,6927935,8,
2026-05-27 08:09:47,CHIP,0.0,0,4939036,4939036,6,
2026-05-27 08:10:47,CHIP,82.6,5938737,7188245,13126982,14,
2026-05-27 08:11:47,CHIP,0.0,0,1001590,1001590,6,
2026-05-27 08:12:47,CHIP,0.0,0,10287288,10287288,6,
2026-05-27 08:13:47,CHIP,1.2,5500,468529,474029,7,
2026-05-27 08:14:47,CHIP,0.0,0,731892,731892,2,
2026-05-27 08:15:47,CHIP,0.0,0,596392,596392,3,
2026-05-27 08:16:47,CHIP,0.0,0,10671609,10671609,10,
2026-05-27 08:17:47,CHIP,2.7,180000,6728375,6908375,22,
2026-05-27 08:18:47,CHIP,1.9,49975,2689274,2739249,8,
2026-05-27 08:19:47,CHIP,846.1,17622608,2082811,19705419,12,
2026-05-27 08:20:47,CHIP,9999.0,79953,0,79953,2,
2026-05-27 08:21:47,CHIP,115.9,3278206,2828262,6106468,6,
2026-05-27 08:23:47,CHIP,15.3,188188,1230746,1418934,28,
2026-05-27 08:24:47,CHIP,0.0,0,7976953,7976953,21,
2026-05-27 08:25:47,CHIP,4.1,5005,121115,126120,7,
2026-05-27 08:26:47,CHIP,0.0,0,37197617,37197617,28,
2026-05-27 08:27:47,CHIP,8.1,2836814,34962292,37799105,27,
2026-05-27 08:28:47,CHIP,92.9,2289985,2466113,4756098,5,
2026-05-27 08:29:47,CHIP,95.5,2451957,2568244,5020201,6,
2026-05-27 08:30:47,CHIP,0.0,0,2590598,2590598,4,
2026-05-27 08:31:47,CHIP,35.7,954250,2669555,3623805,5,
2026-05-27 08:32:47,CHIP,19.6,911645,4654506,5566151,10,
2026-05-27 08:33:47,CHIP,0.2,88705,39569598,39658303,83,
2026-05-27 08:34:47,CHIP,14.5,8291171,57222545,65513716,84,
2026-05-27 08:35:47,CHIP,0.5,71005,13544706,13615712,43,
2026-05-27 08:36:47,CHIP,141.3,22963987,16254641,39218628,31,
2026-05-27 08:37:47,CHIP,284.9,8416085,2953826,11369911,7,
2026-05-27 08:38:47,CHIP,9999.0,6368805,0,6368805,4,
2026-05-27 08:39:47,CHIP,31.2,198700,636750,835450,4,
2026-05-27 08:40:47,CHIP,50.2,1970373,3926856,5897229,8,
2026-05-27 08:41:47,CHIP,9999.0,130969,0,130969,2,
2026-05-27 08:42:47,CHIP,0.0,0,10716648,10716648,4,
2026-05-27 08:43:47,CHIP,1.6,10006,632899,642906,5,
2026-05-27 08:44:47,CHIP,9999.0,14645,0,14645,1,
2026-05-27 08:45:47,CHIP,4405.5,2204358,50036,2254394,7,
2026-05-27 08:46:47,CHIP,2645.5,9301195,351586,9652781,20,
2026-05-27 08:47:47,CHIP,154.9,473029,305417,778446,12,
2026-05-27 08:48:47,CHIP,1485.1,743070,50036,793106,12,
2026-05-27 08:49:47,CHIP,2.4,5005,212169,217174,6,
2026-05-27 08:50:47,CHIP,977.8,924050,94500,1018550,3,
2026-05-27 08:51:47,CHIP,125.5,6104759,4863425,10968184,17,
2026-05-27 08:52:47,CHIP,0.0,0,1753242,1753242,4,
2026-05-27 08:53:47,CHIP,516.5,5771927,1117503,6889430,10,
2026-05-27 08:54:47,CHIP,0.0,0,20106264,20106264,10,
2026-05-27 08:55:47,CHIP,33.8,7737562,22898477,30636039,15,
2026-05-27 08:56:47,CHIP,87.4,3131842,3583005,6714847,17,
2026-05-27 08:57:47,CHIP,0.0,0,3176328,3176328,7,
2026-05-27 08:58:47,CHIP,749.0,3382649,451627,3834276,10,
2026-05-27 08:59:47,CHIP,293.0,15173646,5179245,20352891,24,
2026-05-27 09:00:47,CHIP,138.5,404194897,291757736,695952633,851,
2026-05-27 09:01:47,CHIP,65.5,249676970,381137940,630814910,730,
2026-05-27 09:02:47,CHIP,82.3,126257729,153325908,279583636,377,
2026-05-27 09:03:47,CHIP,37.0,66159146,178944794,245103940,291,
2026-05-27 09:04:47,CHIP,113.1,55993737,49519468,105513206,110,
2026-05-27 09:05:47,CHIP,397.9,323258194,81234539,404492733,311,
2026-05-27 09:06:47,CHIP,30.3,61008461,201390362,262398824,279,
2026-05-27 09:07:47,CHIP,69.4,49342503,71067855,120410359,149,
2026-05-27 09:08:47,CHIP,28.8,14350222,49911253,64261475,83,
2026-05-27 09:09:47,CHIP,25.5,62326495,244866124,307192619,227,
2026-05-27 09:10:47,CHIP,17.4,51646572,295986369,347632942,248,
2026-05-27 09:11:47,CHIP,30.8,21616672,70231273,91847945,123,
2026-05-27 09:12:47,CHIP,19.9,26225044,131653868,157878913,190,
2026-05-27 09:13:47,CHIP,34.6,22997291,66486596,89483887,86,
2026-05-27 09:14:47,CHIP,27.5,31872023,115877485,147749508,145,
2026-05-27 09:15:47,CHIP,17.6,5138829,29126506,34265335,48,
2026-05-27 09:16:47,CHIP,64.1,12339004,19245171,31584176,44,
2026-05-27 09:17:47,CHIP,29.6,9699217,32782607,42481824,70,
2026-05-27 09:18:47,CHIP,29.3,33124442,113114826,146239268,203,
2026-05-27 09:19:47,CHIP,53.0,18006363,33978560,51984923,62,
2026-05-27 09:20:47,CHIP,83.1,12127952,14597881,26725833,34,
2026-05-27 09:21:47,CHIP,32.7,9014258,27530972,36545230,51,
2026-05-27 09:22:47,CHIP,28.9,2831506,9784580,12616086,24,
2026-05-27 09:23:47,CHIP,102.0,26985637,26458746,53444383,43,
2026-05-27 09:24:47,CHIP,55.6,8288555,14895878,23184434,20,
2026-05-27 09:25:47,CHIP,234.9,70158435,29873142,100031578,27,
2026-05-27 09:26:47,CHIP,177.4,9536833,5377329,14914163,42,
2026-05-27 09:27:47,CHIP,39.5,6619256,16769282,23388538,20,
2026-05-27 09:28:47,CHIP,227.2,28854218,12701679,41555897,25,
2026-05-27 09:29:47,CHIP,0.0,0,3027169,3027169,7,
2026-05-27 09:30:47,CHIP,175.1,23124257,13205125,36329382,39,
2026-05-27 09:31:47,CHIP,132.0,4084495,3095022,7179518,14,
2026-05-27 09:32:47,CHIP,7.5,841387,11265159,12106546,19,
2026-05-27 09:33:47,CHIP,38.3,3040966,7934550,10975515,21,
2026-05-27 09:34:47,CHIP,265.6,8597017,3237278,11834296,17,
2026-05-27 09:35:47,CHIP,168.1,6381477,3796259,10177735,18,
2026-05-27 09:36:47,CHIP,39.7,640000,1610128,2250128,8,
2026-05-27 09:37:47,CHIP,12486.5,2987735,23928,3011663,5,
2026-05-27 09:38:47,CHIP,9999.0,4991890,0,4991890,17,
2026-05-27 09:39:47,CHIP,1.0,35497,3405054,3440552,7,
2026-05-27 09:40:47,CHIP,100.6,9657203,9600899,19258102,27,
2026-05-27 09:41:47,CHIP,26.6,7148656,26900985,34049642,31,
2026-05-27 09:42:47,CHIP,20.7,472508,2286992,2759500,15,
2026-05-27 09:43:47,CHIP,5.2,5001,96570,101571,2,
2026-05-27 09:44:47,CHIP,667.0,1787846,268035,2055881,8,
2026-05-27 09:45:47,CHIP,1761.3,27139255,1540851,28680105,29,
2026-05-27 09:46:47,CHIP,13.7,640550,4682246,5322796,12,
2026-05-27 09:47:47,CHIP,41.7,833650,2000900,2834550,9,
2026-05-27 09:48:47,CHIP,9999.0,994172,0,994172,12,
2026-05-27 09:49:47,CHIP,727.8,30321242,4166321,34487563,30,
2026-05-27 09:50:47,CHIP,5.0,543320,10845211,11388530,12,
2026-05-27 09:51:47,CHIP,16.7,3732571,22348576,26081148,28,
2026-05-27 09:52:47,CHIP,5086.6,1533125,30140,1563265,6,
2026-05-27 09:53:47,CHIP,1.5,14420,931247,945667,3,
2026-05-27 09:54:47,CHIP,833.3,8337080,1000488,9337568,23,
2026-05-27 09:55:47,CHIP,0.0,0,4566449,4566449,5,
2026-05-27 09:56:47,CHIP,55.2,1059845,1920970,2980815,8,
2026-05-27 09:57:47,CHIP,3518.2,386400,10983,397383,3,
2026-05-27 09:58:47,CHIP,0.0,0,456914,456914,1,
2026-05-27 09:59:47,CHIP,0.0,0,1605563,1605563,1,
2026-05-27 10:00:47,CHIP,9999.0,2828900,0,2828900,11,
2026-05-27 10:01:47,CHIP,19.1,427510,2236168,2663677,8,
2026-05-27 10:02:47,CHIP,73.1,1019710,1395600,2415310,5,
2026-05-27 10:03:47,CHIP,0.0,0,408482,408482,2,
2026-05-27 10:04:47,CHIP,3.7,331635,9002748,9334383,10,
2026-05-27 10:05:47,CHIP,0.7,67925,9127774,9195699,16,
2026-05-27 10:06:47,CHIP,0.0,0,28382087,28382087,30,
2026-05-27 10:07:47,CHIP,0.2,5500,2468683,2474183,3,
2026-05-27 10:08:47,CHIP,731.9,3894766,532150,4426916,11,
2026-05-27 10:09:47,CHIP,36.6,3412437,9330529,12742966,21,
2026-05-27 10:10:47,CHIP,33.9,1592621,4698366,6290987,9,
2026-05-27 10:11:47,CHIP,7.3,145093,1994710,2139803,6,
2026-05-27 10:12:47,CHIP,25.9,1725245,6656294,8381539,8,
2026-05-27 10:13:47,CHIP,82867.3,11912470,14375,11926846,13,
2026-05-27 10:14:47,CHIP,27032.3,2149642,7952,2157594,14,
2026-05-27 10:15:47,CHIP,29.6,1015000,3434589,4449589,11,
2026-05-27 10:16:47,CHIP,281.0,1014977,361179,1376155,8,
2026-05-27 10:17:47,CHIP,149.6,1190383,795491,1985874,9,
2026-05-27 10:18:47,CHIP,248.2,8976340,3616229,12592569,22,
2026-05-27 10:19:47,CHIP,0.0,0,7607869,7607869,14,
2026-05-27 10:20:47,CHIP,115.2,8093854,7028081,15121935,17,
2026-05-27 10:21:47,CHIP,250.1,3137575,1254633,4392208,14,
2026-05-27 10:22:47,CHIP,250.3,3197631,1277340,4474971,16,
2026-05-27 10:23:47,CHIP,0.0,0,2765183,2765183,4,
2026-05-27 10:24:47,CHIP,0.0,0,17828550,17828550,21,
2026-05-27 10:25:47,CHIP,0.9,476826,52712771,53189597,51,
2026-05-27 10:26:47,CHIP,96.7,406531,420304,826835,2,
2026-05-27 10:27:47,CHIP,40698.7,4101614,10078,4111692,11,
2026-05-27 10:29:47,CHIP,157.0,3606210,2297489,5903699,12,
2026-05-27 10:30:47,CHIP,70.9,8835784,12457235,21293019,23,
2026-05-27 10:31:47,CHIP,0.0,0,5021986,5021986,8,
2026-05-27 10:32:47,CHIP,200.0,19361425,9681457,29042882,27,
2026-05-27 10:33:47,CHIP,80.3,2783815,3466649,6250465,16,
2026-05-27 10:34:47,CHIP,9999.0,220575,0,220575,1,
2026-05-27 10:35:47,CHIP,21.2,777615,3665993,4443608,7,
2026-05-27 10:36:47,CHIP,1.2,50039,4300660,4350699,12,
2026-05-27 10:37:47,CHIP,26.8,1000000,3732507,4732507,12,
2026-05-27 10:38:47,CHIP,9999.0,7506150,0,7506150,3,
2026-05-27 10:39:47,CHIP,9999.0,582936,0,582936,2,
2026-05-27 10:40:47,CHIP,64.2,3244375,5051228,8295603,13,
2026-05-27 10:41:47,CHIP,278.7,48179994,17289807,65469801,25,
2026-05-27 10:42:47,CHIP,27.3,713082,2610017,3323099,9,
2026-05-27 10:43:47,CHIP,9999.0,1920967,0,1920967,11,
2026-05-27 10:44:47,CHIP,0.0,0,7491268,7491268,8,
2026-05-27 10:45:47,CHIP,21.1,3607908,17082651,20690559,26,
2026-05-27 10:46:47,CHIP,54.1,4616254,8538722,13154976,11,
2026-05-27 10:47:47,CHIP,15.5,1696493,10910310,12606803,18,
2026-05-27 10:48:47,CHIP,0.0,0,1973866,1973866,2,
2026-05-27 10:49:47,CHIP,0.0,0,8278701,8278701,12,
2026-05-27 10:50:47,CHIP,84.6,8393317,9915618,18308935,17,
2026-05-27 10:51:47,CHIP,1274.2,637511,50032,687543,6,
2026-05-27 10:52:47,CHIP,9999.0,299850,0,299850,1,
2026-05-27 10:53:47,CHIP,0.0,0,6879341,6879341,7,
2026-05-27 10:54:47,CHIP,208.5,13786572,6611018,20397591,14,
2026-05-27 10:55:47,CHIP,24.5,47142,192119,239261,5,
2026-05-27 10:56:47,CHIP,216.5,299384,138275,437659,3,
2026-05-27 10:57:47,CHIP,0.1,5094,8507730,8512824,25,
2026-05-27 10:58:47,CHIP,2.8,45010,1598414,1643424,6,
2026-05-27 10:59:47,CHIP,9.9,99950,1008455,1108405,8,
2026-05-27 11:00:47,CHIP,0.7,5102,687767,692869,5,
2026-05-27 11:01:47,CHIP,16499.2,982300,5954,988254,9,
2026-05-27 11:02:47,CHIP,0.2,45000,24469414,24514414,18,
2026-05-27 11:03:47,CHIP,0.4,10000,2470014,2480014,6,
2026-05-27 11:04:47,CHIP,39.7,7602335,19149739,26752075,34,
2026-05-27 11:05:47,CHIP,169.1,2595973,1535232,4131205,3,
2026-05-27 11:06:47,CHIP,0.0,0,9825354,9825354,8,
2026-05-27 11:07:47,CHIP,1.3,304051,24049175,24353226,41,
2026-05-27 11:08:47,CHIP,19.5,3650144,18670837,22320981,26,
2026-05-27 11:09:47,CHIP,0.0,0,5403924,5403924,9,
2026-05-27 11:10:47,CHIP,8.4,746264,8847871,9594135,14,
2026-05-27 11:11:47,CHIP,299.9,4413252,1471346,5884597,34,
2026-05-27 11:12:47,CHIP,1360.7,5457061,401061,5858122,8,
2026-05-27 11:13:47,CHIP,9999.0,308418,0,308418,2,
2026-05-27 11:14:47,CHIP,169.0,3772272,2232010,6004283,16,
2026-05-27 11:15:47,CHIP,227.1,6168782,2715871,8884653,22,
2026-05-27 11:16:47,CHIP,0.6,5555,998438,1003992,2,
2026-05-27 11:17:47,CHIP,0.2,6000,3804212,3810212,8,
2026-05-27 11:18:47,CHIP,47.0,2512311,5349599,7861910,13,
2026-05-27 11:19:47,CHIP,0.0,0,11957,11957,1,
2026-05-27 11:20:47,CHIP,633.3,15471486,2442872,17914358,13,
2026-05-27 11:21:47,CHIP,610.9,40161999,6573774,46735774,33,
2026-05-27 11:22:47,CHIP,467.7,24684165,5277474,29961640,31,
2026-05-27 11:23:47,CHIP,192.6,2007055,1041918,3048973,20,
2026-05-27 11:24:47,CHIP,368.9,25052844,6791750,31844595,59,
2026-05-27 11:25:47,CHIP,17.1,3976955,23257956,27234911,33,
2026-05-27 11:26:47,CHIP,87.7,6355244,7244656,13599900,27,
2026-05-27 11:27:47,CHIP,215.3,17478282,8119188,25597470,29,
2026-05-27 11:28:47,CHIP,289.2,35153177,12153889,47307066,48,
2026-05-27 11:29:47,CHIP,23.9,4892593,20469641,25362235,55,
2026-05-27 11:30:47,CHIP,114.8,9522467,8294006,17816474,29,
2026-05-27 11:31:47,CHIP,30.2,1946502,6445652,8392155,17,
2026-05-27 11:32:47,CHIP,31.0,10834593,34949868,45784461,31,
2026-05-27 11:33:47,CHIP,247.0,15908735,6441050,22349784,45,
2026-05-27 11:34:47,CHIP,231.8,11297285,4873369,16170653,23,
2026-05-27 11:35:47,CHIP,37.6,2662706,7072873,9735579,23,
2026-05-27 11:36:47,CHIP,0.4,15000,3598813,3613813,4,
2026-05-27 11:37:47,CHIP,2.1,297681,14005644,14303325,25,
2026-05-27 11:38:47,CHIP,6.1,297681,4842173,5139854,13,
2026-05-27 11:39:47,CHIP,1296.8,2593589,200000,2793589,7,
2026-05-27 11:40:47,CHIP,74.2,16135002,21739180,37874181,43,
2026-05-27 11:41:47,CHIP,381.2,1960316,514312,2474628,12,
2026-05-27 11:42:47,CHIP,110.0,1081256,982677,2063933,9,
2026-05-27 11:43:47,CHIP,9999.0,2450662,0,2450662,11,
2026-05-27 11:44:47,CHIP,72.7,2032487,2797180,4829667,16,
2026-05-27 11:45:47,CHIP,6364.3,7743466,121671,7865137,24,
2026-05-27 11:46:47,CHIP,306.3,8016789,2617227,10634016,21,
2026-05-27 11:47:47,CHIP,51282.6,10232867,19954,10252821,18,
2026-05-27 11:48:47,CHIP,4016.6,3114579,77543,3192122,6,
2026-05-27 11:49:47,CHIP,205.9,19178814,9316640,28495454,35,
2026-05-27 11:50:47,CHIP,120.7,4020804,3332501,7353305,22,
2026-05-27 11:51:47,CHIP,458.2,2989203,652384,3641588,15,
2026-05-27 11:52:47,CHIP,98.7,2513858,2547647,5061504,18,
2026-05-27 11:53:47,CHIP,15.6,2371258,15199973,17571232,27,
2026-05-27 11:54:47,CHIP,262.6,7298786,2779713,10078499,29,
2026-05-27 11:55:47,CHIP,136.5,3834411,2809509,6643920,22,
2026-05-27 11:56:47,CHIP,232.6,6965672,2995313,9960985,13,
2026-05-27 11:57:47,CHIP,396.1,5195933,1311769,6507701,14,
2026-05-27 11:58:47,CHIP,88.6,2347477,2650055,4997532,21,
2026-05-27 11:59:47,CHIP,99635.9,6476331,6500,6482831,17,
2026-05-27 12:00:47,CHIP,5716.5,11723174,205078,11928252,27,
2026-05-27 12:01:47,CHIP,1007.4,10580373,1050293,11630666,31,
2026-05-27 12:02:47,CHIP,24.8,1528773,6162742,7691515,18,
2026-05-27 12:03:47,CHIP,1468.1,34322730,2337850,36660579,56,
2026-05-27 12:04:47,CHIP,89.0,7619297,8563456,16182753,26,
2026-05-27 12:05:47,CHIP,27.2,2464246,9071961,11536207,26,
2026-05-27 12:06:47,CHIP,9999.0,12964029,0,12964029,20,
2026-05-27 12:07:47,CHIP,86019.9,4804558,5585,4810143,13,
2026-05-27 12:08:47,CHIP,303.7,9258577,3048515,12307093,33,
2026-05-27 12:09:47,CHIP,66.2,8761897,13241749,22003647,21,
2026-05-27 12:10:47,CHIP,77.7,8284390,10655826,18940217,40,
2026-05-27 12:11:47,CHIP,29.4,4341467,14778372,19119839,42,
2026-05-27 12:12:47,CHIP,1011.3,23526307,2326404,25852711,33,
2026-05-27 12:13:47,CHIP,241.9,370257,153066,523323,5,
2026-05-27 12:14:47,CHIP,431.5,4049087,938340,4987427,19,
2026-05-27 12:15:47,CHIP,87.9,7676133,8735896,16412028,23,
2026-05-27 12:16:47,CHIP,29884.4,15889520,53170,15942690,40,
2026-05-27 12:17:47,CHIP,381.6,18256877,4783823,23040700,42,
2026-05-27 12:18:47,CHIP,457.2,7673242,1678361,9351602,18,
2026-05-27 12:19:47,CHIP,22.1,4173615,18921778,23095393,34,
2026-05-27 12:20:47,CHIP,149.7,9852911,6583154,16436064,10,
2026-05-27 12:21:47,CHIP,4151.3,1763282,42475,1805757,8,
2026-05-27 12:22:47,CHIP,3.6,335080,9382709,9717790,19,
2026-05-27 12:23:47,CHIP,42.9,8107535,18897832,27005367,21,
2026-05-27 12:24:47,CHIP,641.3,15597080,2432145,18029225,34,
2026-05-27 12:25:47,CHIP,87.1,20380492,23400682,43781174,56,
2026-05-27 12:26:47,CHIP,59.6,8751598,14674209,23425807,28,
2026-05-27 12:27:47,CHIP,26.5,2144062,8089226,10233289,19,
2026-05-27 12:28:47,CHIP,534.1,2655859,497278,3153136,7,
2026-05-27 12:29:47,CHIP,9999.0,7211087,0,7211087,9,
2026-05-27 12:30:47,CHIP,107.2,4844378,4520669,9365047,16,
2026-05-27 12:31:47,CHIP,9999.0,29647419,0,29647419,31,
2026-05-27 12:32:47,CHIP,26.2,2931457,11185733,14117190,29,
2026-05-27 12:33:47,CHIP,153.3,4314015,2813400,7127415,11,
2026-05-27 12:34:47,CHIP,114.9,7466613,6497356,13963969,17,
2026-05-27 12:35:47,CHIP,9.3,344864,3722888,4067752,5,
2026-05-27 12:36:47,CHIP,2.8,200000,7218937,7418937,8,
2026-05-27 12:37:47,CHIP,216.1,6072677,2810515,8883192,14,
2026-05-27 12:38:47,CHIP,83.4,4245907,5090934,9336841,10,
2026-05-27 12:39:47,CHIP,239.3,12515980,5230699,17746679,30,
2026-05-27 12:40:47,CHIP,1.3,5095,382490,387585,3,
2026-05-27 12:41:47,CHIP,153.0,15656640,10235727,25892367,25,
2026-05-27 12:42:47,CHIP,38.5,4397009,11434055,15831065,13,
2026-05-27 12:43:47,CHIP,585.7,14398803,2458276,16857079,20,
2026-05-27 12:44:47,CHIP,63.3,35174925,55583234,90758160,40,
2026-05-27 12:45:47,CHIP,48.5,10617739,21898865,32516604,55,
2026-05-27 12:46:47,CHIP,55.1,5525243,10028557,15553800,30,
2026-05-27 12:47:47,CHIP,35.0,20636967,58989157,79626125,89,
2026-05-27 12:48:47,CHIP,17.8,6368156,35833357,42201513,35,
2026-05-27 12:49:47,CHIP,26.6,6111787,23016172,29127958,40,
2026-05-27 12:50:47,CHIP,3.5,643000,18492000,19135000,29,
2026-05-27 12:51:47,CHIP,7.3,1012289,13778145,14790434,24,
2026-05-27 12:52:47,CHIP,2713.8,17477044,644000,18121044,15,
2026-05-27 12:53:47,CHIP,2237.2,13544682,605424,14150106,16,
2026-05-27 12:54:47,CHIP,4.3,704016,16409406,17113422,22,
2026-05-27 12:55:47,CHIP,179.0,4542008,2537440,7079447,14,
2026-05-27 12:56:47,CHIP,0.0,0,1931133,1931133,5,
2026-05-27 12:57:47,CHIP,1491.3,3690820,247490,3938309,5,
2026-05-27 12:58:47,CHIP,0.0,0,4440764,4440764,15,
2026-05-27 12:59:47,CHIP,0.0,0,9400110,9400110,18,
2026-05-27 13:00:47,CHIP,192.1,4375852,2277817,6653669,14,
2026-05-27 13:01:47,CHIP,0.0,0,10891641,10891641,16,
2026-05-27 13:02:47,CHIP,2.5,128744,5165489,5294233,12,
2026-05-27 13:03:47,CHIP,9999.0,6040485,0,6040485,2,
2026-05-27 13:04:47,CHIP,73.2,15190560,20745950,35936511,11,
2026-05-27 13:05:47,CHIP,486.9,7301835,1499712,8801547,22,
2026-05-27 13:06:47,CHIP,24.9,530112,2125561,2655673,7,
2026-05-27 13:07:47,CHIP,0.0,0,9129696,9129696,12,
2026-05-27 13:08:47,CHIP,0.0,0,256627,256627,2,
2026-05-27 13:09:47,CHIP,0.0,0,17740110,17740110,28,
2026-05-27 13:10:47,CHIP,961.7,1059567,110182,1169748,13,
2026-05-27 13:11:47,CHIP,98.7,3683983,3732138,7416121,40,
2026-05-27 13:12:47,CHIP,58.7,1045858,1783009,2828867,27,
2026-05-27 13:13:47,CHIP,34.7,4794894,13800167,18595060,46,
2026-05-27 13:14:47,CHIP,6.4,13298,208458,221756,25,
2026-05-27 13:15:47,CHIP,0.0,0,9942947,9942947,27,
2026-05-27 13:16:47,CHIP,0.0,0,25682295,25682295,51,
2026-05-27 13:17:47,CHIP,1.2,16769,1375525,1392294,28,
2026-05-27 13:18:47,CHIP,2.1,152798,7225593,7378392,38,
2026-05-27 13:19:47,CHIP,0.1,43179,33235018,33278197,53,
2026-05-27 13:20:47,CHIP,64.9,31245453,48110478,79355931,93,
2026-05-27 13:21:47,CHIP,151.2,11247979,7438423,18686402,26,
2026-05-27 13:22:47,CHIP,5476.8,5168163,94364,5262527,9,
2026-05-27 13:23:47,CHIP,90.1,15496369,17203264,32699633,22,
2026-05-27 13:24:47,CHIP,361.4,5491416,1519359,7010775,8,
2026-05-27 13:25:47,CHIP,605.5,25965746,4288599,30254344,18,
2026-05-27 13:26:47,CHIP,2.4,628492,26496804,27125296,28,
2026-05-27 13:28:47,CHIP,13.8,3038347,22022137,25060484,22,
2026-05-27 13:29:47,CHIP,0.0,0,7509500,7509500,13,
2026-05-27 13:30:47,CHIP,13.4,10109878,75642324,85752202,80,
2026-05-27 13:31:47,CHIP,24.1,9156865,37971460,47128324,64,
2026-05-27 13:32:47,CHIP,14.8,4034047,27176623,31210670,31,
2026-05-27 13:33:47,CHIP,94.7,8500359,8973051,17473410,23,
2026-05-27 13:34:47,CHIP,362.9,29538749,8139947,37678696,16,
2026-05-27 13:35:47,CHIP,936.1,3438777,367358,3806135,6,
2026-05-27 13:36:47,CHIP,28.5,1201050,4207950,5409000,5,
2026-05-27 13:37:47,CHIP,359.2,969006,269760,1238766,5,
2026-05-27 13:38:47,CHIP,0.0,0,17701958,17701958,16,
2026-05-27 13:39:47,CHIP,66.8,5033578,7535368,12568946,7,
2026-05-27 13:40:47,CHIP,0.0,0,1555034,1555034,8,
2026-05-27 13:41:47,CHIP,0.0,0,500000,500000,1,
2026-05-27 13:42:47,CHIP,27.4,2000442,7297904,9298346,15,
2026-05-27 13:43:47,CHIP,0.0,0,98099,98099,1,
2026-05-27 13:44:47,CHIP,0.0,0,5585885,5585885,11,
2026-05-27 13:45:47,CHIP,0.0,0,4105499,4105499,6,
2026-05-27 13:46:47,CHIP,93.1,9819761,10549091,20368852,10,
2026-05-27 13:47:47,CHIP,9999.0,15047,0,15047,1,
2026-05-27 13:48:47,CHIP,0.0,0,1093732,1093732,2,
2026-05-27 13:49:47,CHIP,0.0,0,6836121,6836121,7,
2026-05-27 13:50:47,CHIP,0.0,0,129265,129265,3,
2026-05-27 13:51:47,CHIP,15.0,757721,5052542,5810263,9,
2026-05-27 13:52:47,CHIP,9999.0,667558,0,667558,1,
2026-05-27 13:53:47,CHIP,215.1,7039757,3273519,10313276,8,
2026-05-27 13:54:47,CHIP,0.0,0,1362224,1362224,3,
2026-05-27 13:55:47,CHIP,339.6,2811657,827877,3639535,12,
2026-05-27 13:56:47,CHIP,40.8,794199,1944517,2738716,6,
2026-05-27 13:57:47,CHIP,9999.0,2776316,0,2776316,4,
2026-05-27 13:58:47,CHIP,187.8,25779000,13723703,39502702,17,
2026-05-27 13:59:47,CHIP,9999.0,2326458,0,2326458,5,
2026-05-27 14:00:48,CHIP,9999.0,131859,0,131859,2,
2026-05-27 14:01:48,CHIP,68.0,1114400,1639279,2753678,4,
2026-05-27 14:02:48,CHIP,102.3,984467,962724,1947191,5,
2026-05-27 14:03:48,CHIP,0.0,0,25708577,25708577,8,
2026-05-27 14:04:48,CHIP,72.6,4399347,6058035,10457382,8,
2026-05-27 14:05:48,CHIP,0.7,50000,7012659,7062659,11,
2026-05-27 14:06:48,CHIP,6.5,235750,3616917,3852667,6,
2026-05-27 14:07:48,CHIP,4.8,105900,2200651,2306551,9,
2026-05-27 14:08:48,CHIP,0.0,0,2016230,2016230,2,
2026-05-27 14:09:48,CHIP,0.0,0,1013819,1013819,2,
2026-05-27 14:10:48,CHIP,9999.0,1980683,0,1980683,3,
2026-05-27 14:11:48,CHIP,1792.5,500000,27893,527893,3,
2026-05-27 14:12:48,CHIP,0.0,0,7512944,7512944,14,
2026-05-27 14:13:48,CHIP,9999.0,2850386,0,2850386,3,
2026-05-27 14:14:48,CHIP,9999.0,4577513,0,4577513,3,
2026-05-27 14:15:48,CHIP,157.6,622166,394697,1016863,3,
2026-05-27 14:16:48,CHIP,4.9,46000,946646,992646,6,
2026-05-27 14:17:48,CHIP,1.4,34022,2417682,2451704,9,
2026-05-27 14:19:48,CHIP,0.0,0,17532262,17532262,26,
2026-05-27 14:20:48,CHIP,6.7,1218556,18115468,19334024,24,
2026-05-27 14:21:48,CHIP,101.5,2308925,2275485,4584410,6,
2026-05-27 14:22:48,CHIP,0.0,0,1047180,1047180,2,
2026-05-27 14:23:48,CHIP,1654.5,4306452,260290,4566741,7,
2026-05-27 14:24:48,CHIP,0.0,0,75743,75743,1,
2026-05-27 14:25:48,CHIP,0.0,0,1117372,1117372,3,
2026-05-27 14:26:48,CHIP,4.7,686400,14491595,15177995,25,
2026-05-27 14:27:48,CHIP,28.1,5796361,20600789,26397150,27,
2026-05-27 14:28:48,CHIP,133.1,11042260,8295282,19337542,14,
2026-05-27 14:29:48,CHIP,0.0,0,10936335,10936335,5,
2026-05-27 14:30:48,CHIP,1.2,30000,2403109,2433109,4,
2026-05-27 14:31:48,CHIP,0.0,0,5125515,5125515,6,
2026-05-27 14:32:48,CHIP,0.0,0,37253,37253,1,
2026-05-27 14:33:48,CHIP,0.1,6000,11517270,11523270,16,
2026-05-27 14:34:48,CHIP,9999.0,495515,0,495515,2,
2026-05-27 14:35:48,CHIP,115.6,960219,830457,1790675,2,
2026-05-27 14:36:48,CHIP,0.0,0,3099830,3099830,4,
2026-05-27 14:37:48,CHIP,12.4,919138,7405448,8324586,10,
2026-05-27 14:38:48,CHIP,0.0,0,558231,558231,1,
2026-05-27 14:39:48,CHIP,9999.0,7281921,0,7281921,4,
2026-05-27 14:40:48,CHIP,80.3,7304490,9091252,16395742,13,
2026-05-27 14:41:48,CHIP,11.1,425112,3837852,4262965,4,
2026-05-27 14:42:48,CHIP,33.3,8746693,26235808,34982501,15,
2026-05-27 14:43:48,CHIP,0.2,80000,32437907,32517907,37,
2026-05-27 14:44:48,CHIP,13.0,96300,740589,836889,9,
2026-05-27 14:45:48,CHIP,9999.0,4180819,0,4180819,3,
2026-05-27 14:46:48,CHIP,9999.0,86300,0,86300,2,
2026-05-27 14:47:48,CHIP,201.6,23252267,11531256,34783523,25,
2026-05-27 14:48:48,CHIP,5219.4,8416147,161246,8577394,12,
2026-05-27 14:49:48,CHIP,33.1,2725889,8229924,10955813,5,
2026-05-27 14:50:48,CHIP,0.0,0,48313,48313,1,
2026-05-27 14:51:48,CHIP,2.2,54917,2482058,2536974,5,
2026-05-27 14:52:48,CHIP,8.7,617674,7134442,7752117,5,
2026-05-27 14:53:48,CHIP,0.1,10925,15723285,15734210,9,
2026-05-27 14:54:48,CHIP,95.0,11315098,11916150,23231248,14,
2026-05-27 14:55:48,CHIP,9999.0,4463907,0,4463907,8,
2026-05-27 14:56:48,CHIP,3156.9,3153101,99881,3252982,6,
2026-05-27 14:57:48,CHIP,9999.0,1463313,0,1463313,5,
2026-05-27 14:58:48,CHIP,0.0,0,55062,55062,2,
2026-05-27 14:59:48,CHIP,10.0,500000,4978884,5478884,7,
2026-05-27 15:00:48,CHIP,1007.5,318451,31609,350060,5,
2026-05-27 15:02:48,CHIP,37.2,998423,2686828,3685250,9,
2026-05-27 15:04:48,CHIP,0.0,0,1563526,1563526,2,
2026-05-27 15:05:48,CHIP,101.8,1503140,1476031,2979171,8,
2026-05-27 15:06:48,CHIP,12.1,1357551,11194490,12552041,14,
2026-05-27 15:07:48,CHIP,9999.0,80000,0,80000,1,
2026-05-27 15:08:48,CHIP,175.2,164777,94028,258806,3,
2026-05-27 15:09:48,CHIP,444.7,499750,112377,612127,2,
2026-05-27 15:10:48,CHIP,21.6,272414,1262397,1534810,4,
2026-05-27 15:11:48,CHIP,0.0,0,23755106,23755106,18,
2026-05-27 15:12:48,CHIP,85.6,49573658,57906474,107480132,70,
2026-05-27 15:13:48,CHIP,66.2,33075531,49962990,83038521,58,
2026-05-27 15:14:48,CHIP,31.9,8970111,28088403,37058514,29,
2026-05-27 15:15:48,CHIP,114.1,12565437,11012320,23577757,9,
2026-05-27 15:16:48,CHIP,9999.0,1341544,0,1341544,1,
2026-05-27 15:17:48,CHIP,131.2,550000,419111,969111,4,
2026-05-27 15:18:48,CHIP,0.0,0,188987,188987,1,
2026-05-27 15:19:48,CHIP,43.1,5469811,12702911,18172722,20,
2026-05-27 15:20:48,CHIP,57.6,4213903,7316987,11530890,5,
2026-05-27 15:21:48,CHIP,6.9,570690,8277912,8848602,13,
2026-05-27 15:22:48,CHIP,1.2,101235,8545032,8646267,15,
2026-05-27 15:23:48,CHIP,153.5,14132481,9204390,23336872,18,
2026-05-27 15:24:48,CHIP,354.8,1545671,435587,1981259,13,
2026-05-27 15:25:48,CHIP,0.6,44735,7123431,7168166,11,
2026-05-27 15:26:48,CHIP,9999.0,5518,0,5518,1,
2026-05-27 15:27:48,CHIP,47.7,899550,1884188,2783739,6,
2026-05-27 15:29:48,CHIP,1684.5,687497,40813,728310,5,
2026-05-27 15:30:48,CHIP,9999.0,5309820,0,5309820,5,
2026-05-27 15:31:48,CHIP,15.5,824131,5324303,6148434,11,
2026-05-27 15:32:48,CHIP,0.2,5509,2936415,2941924,10,
2026-05-27 15:33:48,CHIP,88.1,1995200,2265869,4261069,12,
2026-05-27 15:34:48,CHIP,0.0,0,1330619,1330619,2,
2026-05-27 15:35:48,CHIP,0.1,10510,9709344,9719854,24,
2026-05-27 15:36:48,CHIP,9999.0,1519313,0,1519313,6,
2026-05-27 15:37:48,CHIP,134.5,4123655,3064987,7188642,8,
2026-05-27 15:38:48,CHIP,95.5,6864649,7185467,14050116,23,
2026-05-27 15:39:48,CHIP,16.3,355636,2187101,2542737,9,
2026-05-27 15:40:48,CHIP,36.1,6904034,19141422,26045456,13,
2026-05-27 15:41:48,CHIP,162.3,1809987,1115355,2925342,12,
2026-05-27 15:42:48,CHIP,9999.0,1069465,0,1069465,2,
2026-05-27 15:43:48,CHIP,874.3,6192235,708283,6900518,9,
2026-05-27 15:44:48,CHIP,9999.0,10185867,0,10185867,9,
2026-05-27 15:45:48,CHIP,54.8,1890021,3451842,5341863,17,
2026-05-27 15:46:48,CHIP,0.0,0,657630,657630,2,
2026-05-27 15:47:48,CHIP,0.1,4988,7002114,7007101,11,
2026-05-27 15:50:48,CHIP,9999.0,297781,0,297781,3,
2026-05-27 15:51:48,CHIP,8237.5,2026503,24601,2051105,4,
2026-05-27 15:52:48,CHIP,57.7,170494,295234,465728,3,
2026-05-27 15:53:48,CHIP,180.1,3243302,1800372,5043674,15,
2026-05-27 15:54:48,CHIP,1553.5,5125958,329969,5455927,12,
2026-05-27 15:55:48,CHIP,2055.7,1618728,78744,1697471,14,
2026-05-27 15:56:48,CHIP,9999.0,330472,0,330472,2,
2026-05-27 15:57:48,CHIP,0.0,0,1261407,1261407,4,
2026-05-27 16:00:48,CHIP,0.0,0,322159,322159,2,
2026-05-27 16:01:48,CHIP,9.2,314371,3400749,3715120,6,
2026-05-27 16:02:48,CHIP,9999.0,3534003,0,3534003,6,
2026-05-27 16:03:48,CHIP,200216.0,13346401,6666,13353067,15,
2026-05-27 16:04:48,CHIP,51.0,38278,75070,113348,5,
2026-05-27 16:05:48,CHIP,0.0,0,26778,26778,2,
2026-05-27 16:06:48,CHIP,9999.0,706580,0,706580,2,
2026-05-27 16:07:48,CHIP,9999.0,2200223,0,2200223,3,
2026-05-27 16:08:48,CHIP,44.0,183721,417090,600811,10,
2026-05-27 16:09:48,CHIP,322.4,2963718,919160,3882877,12,
2026-05-27 16:10:48,CHIP,7.8,600000,7732446,8332446,12,
2026-05-27 16:11:48,CHIP,0.0,0,2271976,2271976,3,
2026-05-27 16:12:48,CHIP,1.2,5509,444386,449894,3,
2026-05-27 16:13:48,CHIP,9999.0,349650,0,349650,1,
2026-05-27 16:14:48,CHIP,0.0,0,300632,300632,1,
2026-05-27 16:15:48,CHIP,9999.0,2176789,0,2176789,3,
2026-05-27 16:16:48,CHIP,503.7,5137745,1019902,6157647,6,
2026-05-27 16:17:48,CHIP,22.9,1468802,6404196,7872998,20,
2026-05-27 16:19:48,CHIP,9999.0,2735981,0,2735981,7,
2026-05-27 16:20:48,CHIP,9999.0,232168,0,232168,1,
2026-05-27 16:21:48,CHIP,9999.0,1364630,0,1364630,2,
2026-05-27 16:22:48,CHIP,54646.7,19978434,36559,20014994,13,
2026-05-27 16:23:48,CHIP,9999.0,16570668,0,16570668,10,
2026-05-27 16:24:48,CHIP,455.7,2692976,590995,3283971,9,
2026-05-27 16:26:48,CHIP,9999.0,101000,0,101000,2,
2026-05-27 16:28:48,CHIP,9999.0,5754284,0,5754284,10,
2026-05-27 16:29:48,CHIP,26.1,3963276,15193307,19156582,17,
2026-05-27 16:30:48,CHIP,9999.0,2263803,0,2263803,3,
2026-05-27 16:31:48,CHIP,9999.0,1375136,0,1375136,3,
2026-05-27 16:32:48,CHIP,9999.0,6081438,0,6081438,5,
2026-05-27 16:33:48,CHIP,0.0,0,9257532,9257532,10,
2026-05-27 16:34:48,CHIP,9999.0,7006859,0,7006859,13,
2026-05-27 16:35:48,CHIP,8.6,5517,63800,69317,2,
2026-05-27 16:36:48,CHIP,2.9,30000,1048871,1078871,2,
2026-05-27 16:37:48,CHIP,568.4,7946399,1397975,9344374,18,
2026-05-27 16:38:48,CHIP,0.0,0,6775259,6775259,8,
2026-05-27 16:39:48,CHIP,9999.0,1000000,0,1000000,3,
2026-05-27 16:40:48,CHIP,5.4,1306915,24300410,25607325,25,
2026-05-27 16:41:48,CHIP,1644.1,4751922,289024,5040947,5,
2026-05-27 16:42:48,CHIP,0.0,0,2237191,2237191,5,
2026-05-27 16:43:48,CHIP,0.0,0,7889068,7889068,9,
2026-05-27 16:44:48,CHIP,55.9,1288501,2303454,3591955,11,
2026-05-27 16:45:48,CHIP,9999.0,570368,0,570368,2,
2026-05-27 16:46:48,CHIP,1588.7,4647166,292505,4939671,7,
2026-05-27 16:47:48,CHIP,9999.0,6331211,0,6331211,7,
2026-05-27 16:48:48,CHIP,9999.0,1056622,0,1056622,4,
2026-05-27 16:49:48,CHIP,347.7,620149,178360,798509,4,
2026-05-27 16:50:48,CHIP,9999.0,1166678,0,1166678,3,
2026-05-27 16:51:48,CHIP,0.0,0,20006,20006,1,
2026-05-27 16:52:48,CHIP,0.0,0,1353750,1353750,3,
2026-05-27 16:53:48,CHIP,0.0,0,1275563,1275563,4,
2026-05-27 16:54:48,CHIP,0.0,0,3457969,3457969,10,
2026-05-27 16:55:48,CHIP,185.7,3373763,1816764,5190527,6,
2026-05-27 16:56:48,CHIP,0.0,0,2472916,2472916,2,
2026-05-27 16:57:48,CHIP,652.7,6159868,943728,7103595,5,
2026-05-27 16:58:48,CHIP,13.3,16880,126593,143473,4,
2026-05-27 16:59:48,CHIP,0.0,0,555414,555414,3,
2026-05-27 17:00:48,CHIP,0.0,0,9662204,9662204,9,
2026-05-27 17:02:48,CHIP,9999.0,100000,0,100000,1,
2026-05-27 17:03:48,CHIP,0.8,8946,1121881,1130827,6,
2026-05-27 17:04:48,CHIP,113.2,494606,436924,931530,8,
2026-05-27 17:05:48,CHIP,313.9,342755,109205,451960,4,
2026-05-27 17:06:48,CHIP,9999.0,580880,0,580880,1,
2026-05-27 17:07:48,CHIP,17680.9,19278003,109033,19387036,13,
2026-05-27 17:08:48,CHIP,9999.0,2634258,0,2634258,1,
2026-05-27 17:09:48,CHIP,73.8,45154694,61155878,106310571,43,
2026-05-27 17:10:48,CHIP,367.5,12114908,3296916,15411825,7,
2026-05-27 17:11:48,CHIP,0.0,0,503083,503083,4,
2026-05-27 17:13:48,CHIP,2117.8,141619,6687,148306,4,
2026-05-27 17:14:48,CHIP,3674.1,3656767,99529,3756296,5,
2026-05-27 17:15:48,CHIP,8.4,247470,2928764,3176234,6,
2026-05-27 17:16:48,CHIP,0.0,0,4854358,4854358,2,
2026-05-27 17:17:48,CHIP,32.3,5817989,18013086,23831075,18,
2026-05-27 17:18:48,CHIP,9999.0,633219,0,633219,2,
2026-05-27 17:20:48,CHIP,8.9,825793,9286418,10112211,7,
2026-05-27 17:21:48,CHIP,9999.0,52594,0,52594,1,
2026-05-27 17:22:48,CHIP,0.0,0,1314797,1314797,3,
2026-05-27 17:23:48,CHIP,3.5,4360199,123047319,127407518,42,
2026-05-27 17:24:48,CHIP,0.0,0,2198144,2198144,2,
2026-05-27 17:26:48,CHIP,0.0,0,884202,884202,4,
2026-05-27 17:27:48,CHIP,23.3,879388,3780343,4659731,19,
2026-05-27 17:28:48,CHIP,0.0,0,2000000,2000000,3,
2026-05-27 17:29:48,CHIP,4.0,4365,109624,113989,3,
2026-05-27 17:30:48,CHIP,2.3,227433,9744758,9972191,13,
2026-05-27 17:32:48,CHIP,0.0,0,1716834,1716834,11,
2026-05-27 17:33:48,CHIP,19.6,1429715,7285031,8714746,13,
2026-05-27 17:34:48,CHIP,289.3,1596257,551792,2148048,6,
2026-05-27 17:35:48,CHIP,9999.0,1680540,0,1680540,5,
2026-05-27 17:36:48,CHIP,500.9,2504665,500000,3004665,5,
2026-05-27 17:37:48,CHIP,7252.5,5889131,81201,5970333,11,
2026-05-27 17:38:48,CHIP,67516.5,4507773,6677,4514449,5,
2026-05-27 17:40:48,CHIP,81.5,21023014,25805790,46828805,11,
2026-05-27 17:41:48,CHIP,9999.0,307000,0,307000,2,
2026-05-27 17:42:48,CHIP,9999.0,12101,0,12101,1,
2026-05-27 17:45:48,CHIP,0.0,0,99842,99842,1,
2026-05-27 17:46:48,CHIP,0.0,0,2167918,2167918,10,
2026-05-27 17:47:48,CHIP,4.5,118405,2616010,2734415,13,
2026-05-27 17:49:48,CHIP,0.0,0,3673880,3673880,5,
2026-05-27 17:50:48,CHIP,1.9,262250,13552096,13814346,11,
2026-05-27 17:51:48,CHIP,6.3,1152062,18202246,19354308,28,
2026-05-27 17:52:48,CHIP,0.0,0,3761943,3761943,3,
2026-05-27 17:53:48,CHIP,0.0,0,10610740,10610740,12,
2026-05-27 17:54:48,CHIP,101.7,1064433,1046456,2110889,8,
2026-05-27 17:55:48,CHIP,22.5,680991,3022207,3703198,5,
2026-05-27 17:56:48,CHIP,5.4,50000,929084,979084,5,
2026-05-27 17:57:48,CHIP,100.3,6666,6645,13311,2,
2026-05-27 17:58:48,CHIP,0.4,74691,17598370,17673061,27,
2026-05-27 17:59:48,CHIP,0.0,0,2866734,2866734,3,
2026-05-27 18:00:48,CHIP,9999.0,3629524,0,3629524,3,
2026-05-27 18:01:48,CHIP,0.0,0,1182574,1182574,4,
2026-05-27 18:02:48,CHIP,9.4,984016,10456631,11440647,27,
2026-05-27 18:03:48,CHIP,44.7,16878054,37734228,54612282,37,
2026-05-27 18:04:48,CHIP,29.0,3224951,11111099,14336050,10,
2026-05-27 18:05:48,CHIP,10866.0,4949537,45551,4995088,6,
2026-05-27 18:06:48,CHIP,9999.0,163461,0,163461,3,
2026-05-27 18:07:48,CHIP,9999.0,3031109,0,3031109,2,
2026-05-27 18:08:48,CHIP,1290.8,12331105,955277,13286382,16,
2026-05-27 18:09:48,CHIP,9999.0,566610,0,566610,2,
2026-05-27 18:10:48,CHIP,9999.0,11000,0,11000,2,
2026-05-27 18:11:48,CHIP,2652.7,1316852,49642,1366494,5,
2026-05-27 18:12:48,CHIP,0.0,0,2102234,2102234,2,
2026-05-27 18:14:48,CHIP,9999.0,102078,0,102078,6,
2026-05-27 18:15:48,CHIP,0.1,6000,9230943,9236943,9,
2026-05-27 18:16:48,CHIP,56.7,4785863,8435846,13221709,10,
2026-05-27 18:17:48,CHIP,0.0,0,7630,7630,1,
2026-05-27 18:19:48,CHIP,113.9,1412368,1240267,2652635,9,
2026-05-27 18:20:48,CHIP,178.7,2393262,1339209,3732471,6,
2026-05-27 18:21:48,CHIP,9999.0,5886677,0,5886677,7,
2026-05-27 18:22:48,CHIP,9999.0,476844,0,476844,2,
2026-05-27 18:23:48,CHIP,134.8,9650615,7161114,16811729,7,
2026-05-27 18:24:48,CHIP,58.8,1599850,2722143,4321993,7,
2026-05-27 18:25:48,CHIP,48.2,1250409,2595144,3845553,9,
2026-05-27 18:26:48,CHIP,16.8,1172284,6978731,8151015,10,
2026-05-27 18:27:48,CHIP,0.0,0,9520341,9520341,10,
2026-05-27 18:28:48,CHIP,0.0,0,263833,263833,2,
2026-05-27 18:30:48,CHIP,9999.0,1418587,0,1418587,5,
2026-05-27 18:31:48,CHIP,0.0,0,177160,177160,1,
2026-05-27 18:32:48,CHIP,0.0,0,46383,46383,1,
2026-05-27 18:33:48,CHIP,56.2,1595632,2841384,4437016,7,
2026-05-27 18:35:49,CHIP,506.9,935070,184455,1119525,3,
2026-05-27 18:37:49,CHIP,0.0,0,201920,201920,1,
2026-05-27 18:38:49,CHIP,0.0,0,381755,381755,1,
2026-05-27 18:39:49,CHIP,0.0,0,2962222,2962222,4,
2026-05-27 18:40:49,CHIP,583.0,6529822,1120045,7649867,9,
2026-05-27 18:41:49,CHIP,189.6,804268,424110,1228378,7,
2026-05-27 18:43:49,CHIP,13.1,117683,901385,1019068,4,
2026-05-27 18:45:49,CHIP,9999.0,1382496,0,1382496,6,
2026-05-27 18:46:49,CHIP,9999.0,36000,0,36000,2,
2026-05-27 18:47:49,CHIP,9999.0,127000,0,127000,1,
2026-05-27 18:48:49,CHIP,0.0,0,22979,22979,1,
2026-05-27 18:51:49,CHIP,0.0,0,3961856,3961856,3,
2026-05-27 18:55:49,CHIP,9999.0,107000,0,107000,1,
2026-05-27 18:56:49,CHIP,0.0,0,2262706,2262706,2,
2026-05-27 18:57:49,CHIP,0.0,0,1876287,1876287,2,
2026-05-27 18:58:49,CHIP,13.2,2349519,17830136,20179655,4,
2026-05-27 18:59:49,CHIP,9999.0,10032,0,10032,1,
2026-05-27 19:00:49,CHIP,20.7,1167365,5647234,6814599,10,
2026-05-27 19:01:49,CHIP,0.0,0,3010682,3010682,3,
2026-05-27 19:02:49,CHIP,9999.0,285623,0,285623,2,
2026-05-27 19:03:49,CHIP,36.2,1849372,5102659,6952031,7,
2026-05-27 19:04:49,CHIP,5.1,953379,18527549,19480928,10,
2026-05-27 19:05:49,CHIP,9999.0,5001,0,5001,1,
2026-05-27 19:07:49,CHIP,160.6,574404,357581,931986,4,
2026-05-27 19:08:49,CHIP,32.4,1812212,5588684,7400896,18,
2026-05-27 19:09:49,CHIP,9999.0,2057465,0,2057465,7,
2026-05-27 19:10:49,CHIP,9999.0,1008211,0,1008211,7,
2026-05-27 19:13:49,CHIP,9999.0,904553,0,904553,3,
2026-05-27 19:14:49,CHIP,122.7,2462650,2006920,4469570,3,
2026-05-27 19:15:49,CHIP,36.6,18195,49677,67872,2,
2026-05-27 19:16:49,CHIP,273.6,12824615,4687612,17512227,12,
2026-05-27 19:17:49,CHIP,9999.0,571644,0,571644,2,
2026-05-27 19:18:49,CHIP,9999.0,374937,0,374937,2,
2026-05-27 19:19:49,CHIP,46.2,6911202,14958896,21870097,13,
2026-05-27 19:20:49,CHIP,41.7,571693,1369533,1941226,5,
2026-05-27 19:21:49,CHIP,15884.9,2109039,13277,2122316,11,
2026-05-27 19:22:49,CHIP,9999.0,2368922,0,2368922,3,
2026-05-27 19:24:49,CHIP,0.0,0,13705563,13705563,3,
2026-05-27 19:27:49,CHIP,0.0,0,89858,89858,1,
2026-05-27 19:28:49,CHIP,118.4,422284,356602,778886,7,
2026-05-27 19:30:49,CHIP,0.0,0,22740227,22740227,17,
2026-05-27 19:31:49,CHIP,0.0,0,547820,547820,2,
2026-05-27 19:32:49,CHIP,0.0,0,119625,119625,1,
2026-05-27 19:33:49,CHIP,0.0,0,1724965,1724965,13,
2026-05-27 19:34:49,CHIP,0.0,0,886719,886719,6,
2026-05-27 19:35:49,CHIP,45.4,228579,503360,731939,6,
2026-05-27 19:36:49,CHIP,26.8,1638631,6117591,7756221,18,
2026-05-27 19:37:49,CHIP,26.2,1308727,4990754,6299481,9,
2026-05-27 19:38:49,CHIP,9999.0,3288859,0,3288859,8,
2026-05-27 19:39:49,CHIP,306.5,7037229,2296343,9333572,15,
2026-05-27 19:40:49,CHIP,9999.0,770841,0,770841,5,
2026-05-27 19:41:49,CHIP,0.0,0,245931,245931,2,
2026-05-27 19:42:49,CHIP,0.0,0,4704230,4704230,7,
2026-05-27 19:43:49,CHIP,9999.0,780453,0,780453,1,
2026-05-27 19:44:49,CHIP,90.2,5768156,6391319,12159475,8,
2026-05-27 19:46:49,CHIP,9999.0,25000,0,25000,2,
2026-05-27 19:47:49,CHIP,9999.0,7496,0,7496,1,
2026-05-27 19:48:49,CHIP,0.0,0,3313568,3313568,5,
2026-05-27 19:49:49,CHIP,752.8,6014737,798996,6813733,4,
2026-05-27 19:52:49,CHIP,0.0,0,10000,10000,1,
2026-05-27 19:54:49,CHIP,5.8,845230,14669926,15515156,16,
2026-05-27 19:55:49,CHIP,0.0,0,104628,104628,3,
2026-05-27 19:56:49,CHIP,115.4,100587,87130,187717,5,
2026-05-27 19:57:49,CHIP,0.0,0,443783,443783,5,
2026-05-27 19:58:49,CHIP,0.0,0,150919,150919,2,
2026-05-27 19:59:49,CHIP,36.0,1563579,4342728,5906307,10,
2026-05-27 20:02:49,CHIP,54.5,653673,1200074,1853747,8,
2026-05-27 20:04:49,CHIP,0.6,50400,8144641,8195041,7,
2026-05-27 20:06:49,CHIP,9999.0,263417,0,263417,4,
2026-05-27 20:07:49,CHIP,9999.0,310768,0,310768,1,
2026-05-27 20:09:49,CHIP,0.0,0,5788106,5788106,4,
2026-05-27 20:10:49,CHIP,51947.0,3272658,6300,3278958,9,
2026-05-27 20:11:49,CHIP,9999.0,262759,0,262759,3,
2026-05-27 20:12:49,CHIP,9999.0,271021,0,271021,1,
2026-05-27 20:13:49,CHIP,234.6,234563,100000,334563,3,
2026-05-27 20:14:49,CHIP,9999.0,74599,0,74599,2,
2026-05-27 20:15:49,CHIP,0.0,0,102169,102169,1,
2026-05-27 20:16:49,CHIP,0.0,0,310768,310768,1,
2026-05-27 20:17:49,CHIP,0.0,0,104454,104454,1,
2026-05-27 20:19:49,CHIP,0.0,0,850497,850497,1,
2026-05-27 20:20:49,CHIP,0.0,0,1994741,1994741,2,
2026-05-27 20:22:49,CHIP,9999.0,63162,0,63162,2,
2026-05-27 20:23:49,CHIP,5.4,253338,4731767,4985104,3,
2026-05-27 20:24:49,CHIP,6.9,331158,4827595,5158753,7,
2026-05-27 20:25:49,CHIP,5.8,70026,1199400,1269426,2,
2026-05-27 20:26:49,CHIP,27.2,2096583,7717516,9814098,10,
2026-05-27 20:27:49,CHIP,9999.0,299850,0,299850,1,
2026-05-27 20:28:49,CHIP,9999.0,267607,0,267607,1,
2026-05-27 20:30:49,CHIP,0.0,0,1047547,1047547,3,
2026-05-27 20:31:49,CHIP,63.7,1273354,1998871,3272225,8,
2026-05-27 20:32:49,CHIP,0.0,0,651078,651078,3,
2026-05-27 20:33:49,CHIP,54.4,1762475,3240641,5003116,7,
2026-05-27 20:34:49,CHIP,30801.6,1570882,5100,1575982,4,
2026-05-27 20:36:49,CHIP,9999.0,19257,0,19257,1,
2026-05-27 20:37:49,CHIP,9999.0,1329307,0,1329307,7,
2026-05-27 20:38:49,CHIP,100.2,5555,5546,11101,2,
2026-05-27 20:39:49,CHIP,0.0,0,2474510,2474510,5,
2026-05-27 20:40:49,CHIP,9999.0,256669,0,256669,2,
2026-05-27 20:42:49,CHIP,44.2,2226610,5041443,7268053,10,
2026-05-27 20:43:49,CHIP,9999.0,3528682,0,3528682,7,
2026-05-27 20:44:49,CHIP,9999.0,471327,0,471327,3,
2026-05-27 20:45:49,CHIP,80.9,12014242,14850762,26865004,22,
2026-05-27 20:46:49,CHIP,9540.7,6951560,72862,7024422,6,
2026-05-27 20:47:49,CHIP,3544.6,2950416,83237,3033653,7,
2026-05-27 20:49:49,CHIP,0.0,0,4927951,4927951,10,
2026-05-27 20:51:49,CHIP,0.0,0,6812476,6812476,4,
2026-05-27 20:52:49,CHIP,0.0,0,1521348,1521348,1,
2026-05-27 20:53:49,CHIP,0.0,0,9834601,9834601,9,
2026-05-27 20:54:49,CHIP,0.0,0,13964007,13964007,5,
2026-05-27 20:56:49,CHIP,0.0,0,807107,807107,3,
2026-05-27 20:57:49,CHIP,9999.0,3508340,0,3508340,4,
2026-05-27 20:59:49,CHIP,0.0,0,205676,205676,1,
2026-05-27 21:01:49,CHIP,1755.5,1111245,63300,1174545,6,
2026-05-27 21:02:49,CHIP,71.0,595450,838986,1434436,4,
2026-05-27 21:03:49,CHIP,57.4,4371477,7612872,11984349,12,
2026-05-27 21:04:49,CHIP,9999.0,20000,0,20000,2,
2026-05-27 21:05:49,CHIP,47.8,684693,1431859,2116552,11,
2026-05-27 21:06:49,CHIP,0.1,20000,19597510,19617510,12,
2026-05-27 21:07:49,CHIP,0.0,0,2500000,2500000,3,
2026-05-27 21:08:49,CHIP,658.0,415831,63200,479031,2,
2026-05-27 21:09:49,CHIP,27.2,758799,2792536,3551335,5,
2026-05-27 21:11:49,CHIP,50.1,2739284,5462899,8202183,9,
2026-05-27 21:13:49,CHIP,242.0,1110393,458786,1569179,4,
2026-05-27 21:14:49,CHIP,0.0,0,6899516,6899516,5,
2026-05-27 21:15:49,CHIP,0.0,0,463747,463747,1,
2026-05-27 21:16:49,CHIP,0.0,0,10151306,10151306,2,
2026-05-27 21:17:49,CHIP,0.0,0,5957496,5957496,3,
2026-05-27 21:18:49,CHIP,22.7,200028,881701,1081729,3,
2026-05-27 21:19:49,CHIP,49.2,170080,345942,516022,6,
2026-05-27 21:20:49,CHIP,21788.2,1111197,5100,1116297,10,
2026-05-27 21:21:49,CHIP,1597.5,2006709,125615,2132325,12,
2026-05-27 21:22:49,CHIP,9999.0,5646685,0,5646685,15,
2026-05-27 21:23:49,CHIP,654.4,4423246,675972,5099218,12,
2026-05-27 21:24:49,CHIP,191.6,5060392,2641509,7701902,12,
2026-05-27 21:25:49,CHIP,9999.0,3281394,0,3281394,6,
2026-05-27 21:26:49,CHIP,9999.0,795264,0,795264,6,
2026-05-27 21:27:49,CHIP,9999.0,4336133,0,4336133,1,
2026-05-27 21:28:49,CHIP,737.1,4187928,568174,4756102,10,
2026-05-27 21:29:49,CHIP,2038.4,4754062,233224,4987286,11,
2026-05-27 21:30:49,CHIP,0.0,0,7117529,7117529,6,
2026-05-27 21:31:49,CHIP,455.3,1200000,263580,1463580,6,
2026-05-27 21:32:49,CHIP,0.0,0,55630,55630,1,
2026-05-27 21:33:49,CHIP,172.8,768251,444644,1212894,4,
2026-05-27 21:34:49,CHIP,9999.0,319226,0,319226,4,
2026-05-27 21:35:49,CHIP,6.5,2294122,35129440,37423562,17,
2026-05-27 21:36:49,CHIP,80947.9,5708470,7052,5715522,11,
2026-05-27 21:37:49,CHIP,10080.1,2753978,27321,2781299,9,
2026-05-27 21:38:49,CHIP,9476.5,484062,5108,489170,4,
2026-05-27 21:39:49,CHIP,9999.0,1817757,0,1817757,8,
2026-05-27 21:40:49,CHIP,27.6,622365,2254078,2876443,7,
2026-05-27 21:41:49,CHIP,0.0,0,3437601,3437601,11,
2026-05-27 21:42:49,CHIP,9999.0,1840406,0,1840406,3,
2026-05-27 21:43:49,CHIP,0.0,0,1104192,1104192,8,
2026-05-27 21:44:49,CHIP,2.9,29487,1021042,1050529,4,
2026-05-27 21:45:49,CHIP,27.4,976894,3563227,4540121,5,
2026-05-27 21:46:49,CHIP,4.4,186630,4247198,4433828,16,
2026-05-27 21:47:49,CHIP,9999.0,2500168,0,2500168,1,
2026-05-27 21:48:49,CHIP,7.6,715818,9452310,10168128,22,
2026-05-27 21:49:49,CHIP,372.8,186266,49961,236226,2,
2026-05-27 21:50:49,CHIP,0.0,0,3270042,3270042,3,
2026-05-27 21:51:49,CHIP,17.6,83907,475956,559862,7,
2026-05-27 21:52:49,CHIP,0.0,0,4312596,4312596,6,
2026-05-27 21:53:49,CHIP,0.0,0,731444,731444,3,
2026-05-27 21:54:49,CHIP,0.0,0,2963568,2963568,3,
2026-05-27 21:55:49,CHIP,86.9,6705953,7715376,14421329,9,
2026-05-27 21:56:49,CHIP,9999.0,6537,0,6537,1,
2026-05-27 21:57:49,CHIP,9999.0,1224079,0,1224079,5,
2026-05-27 21:58:49,CHIP,0.9,8784,1026525,1035309,2,
2026-05-27 21:59:49,CHIP,9999.0,386217,0,386217,11,
2026-05-27 22:00:49,CHIP,0.4,10000,2650144,2660144,8,
2026-05-27 22:01:49,CHIP,9999.0,73363,0,73363,2,
2026-05-27 22:02:49,CHIP,9999.0,764581,0,764581,6,
2026-05-27 22:04:49,CHIP,0.0,0,2292705,2292705,6,
2026-05-27 22:05:49,CHIP,0.6,70476,12090919,12161395,23,
2026-05-27 22:06:49,CHIP,81.0,24014442,29635550,53649992,26,
2026-05-27 22:07:49,CHIP,9999.0,446942,0,446942,2,
2026-05-27 22:08:49,CHIP,9999.0,12378936,0,12378936,2,
2026-05-27 22:09:49,CHIP,401.6,4545643,1131840,5677482,8,
2026-05-27 22:10:49,CHIP,9999.0,1005674,0,1005674,3,
2026-05-27 22:11:49,CHIP,0.0,0,1931550,1931550,5,
2026-05-27 22:12:49,CHIP,38.5,2217562,5753288,7970850,8,
2026-05-27 22:14:49,CHIP,0.2,20000,12193116,12213116,6,
2026-05-27 22:15:49,CHIP,161.3,32035674,19854813,51890487,16,
2026-05-27 22:16:49,CHIP,0.0,0,4958527,4958527,2,
2026-05-27 22:17:49,CHIP,0.0,0,481898,481898,1,
2026-05-27 22:18:49,CHIP,0.0,0,437549,437549,2,
2026-05-27 22:20:49,CHIP,0.0,0,793731,793731,4,
2026-05-27 22:21:49,CHIP,0.0,0,9809632,9809632,10,
2026-05-27 22:24:49,CHIP,0.0,0,100357,100357,1,
2026-05-27 22:26:49,CHIP,0.0,0,4045255,4045255,7,
2026-05-27 22:27:49,CHIP,0.0,0,14773155,14773155,38,
2026-05-27 22:28:49,CHIP,37.1,2411549,6505434,8916982,23,
2026-05-27 22:29:49,CHIP,372.8,6977125,1871761,8848886,7,
2026-05-27 22:30:49,CHIP,83.4,14641438,17554285,32195723,19,
2026-05-27 22:31:49,CHIP,0.0,0,6923962,6923962,7,
2026-05-27 22:32:49,CHIP,0.0,0,2618858,2618858,2,
2026-05-27 22:33:49,CHIP,54.6,10000,18315,28315,2,
2026-05-27 22:34:49,CHIP,9999.0,6070848,0,6070848,3,
2026-05-27 22:35:49,CHIP,167.9,313362,186638,500000,2,
2026-05-27 22:36:49,CHIP,0.0,0,3215675,3215675,4,
2026-05-27 22:37:49,CHIP,117.2,8204511,7002729,15207241,16,
2026-05-27 22:38:49,CHIP,0.0,0,10913807,10913807,15,
2026-05-27 22:39:49,CHIP,1.0,12475,1193854,1206329,11,
2026-05-27 22:40:49,CHIP,0.0,0,13364648,13364648,14,
2026-05-27 22:41:49,CHIP,141.6,3830330,2705258,6535588,22,
2026-05-27 22:43:49,CHIP,7.3,2027848,27764542,29792391,17,
2026-05-27 22:44:49,CHIP,38.7,23460851,60631679,84092530,71,
2026-05-27 22:45:49,CHIP,550.4,2966776,539070,3505846,8,
2026-05-27 22:46:49,CHIP,9.3,31800,341559,373359,2,
2026-05-27 22:47:49,CHIP,39.9,1610525,4033695,5644220,6,
2026-05-27 22:48:49,CHIP,9999.0,8227161,0,8227161,5,
2026-05-27 22:49:49,CHIP,29.8,642538,2155503,2798041,4,
2026-05-27 22:50:49,CHIP,416.6,11242294,2698524,13940818,12,
2026-05-27 22:51:49,CHIP,9999.0,384035,0,384035,1,
2026-05-27 22:52:49,CHIP,9999.0,6831758,0,6831758,7,
2026-05-27 22:53:49,CHIP,3379.4,5064871,149874,5214745,4,
2026-05-27 22:54:49,CHIP,159.4,813057,510092,1323149,3,
2026-05-27 22:55:49,CHIP,57.8,1745824,3022030,4767855,6,
2026-05-27 22:56:49,CHIP,0.0,0,5327342,5327342,3,
2026-05-27 22:57:49,CHIP,222.5,50229,22578,72807,3,
2026-05-27 22:58:49,CHIP,431.1,5000000,1159950,6159950,6,
2026-05-27 22:59:49,CHIP,0.0,0,4273928,4273928,6,
2026-05-27 23:00:49,CHIP,9999.0,1823119,0,1823119,6,
2026-05-27 23:01:49,CHIP,9999.0,1499500,0,1499500,2,
2026-05-27 23:02:49,CHIP,48.0,1000000,2084625,3084625,2,
2026-05-27 23:03:49,CHIP,0.0,0,140000,140000,1,
2026-05-27 23:04:49,CHIP,608.0,490772,80719,571491,6,
2026-05-27 23:07:49,CHIP,0.0,0,69190,69190,1,
2026-05-27 23:08:49,CHIP,0.0,0,4581575,4581575,6,
2026-05-27 23:09:49,CHIP,0.0,0,3423110,3423110,9,
2026-05-27 23:10:49,CHIP,9999.0,90175,0,90175,2,
2026-05-27 23:11:49,CHIP,187.8,4292196,2285154,6577349,5,
2026-05-27 23:12:49,CHIP,0.0,0,4957964,4957964,1,
2026-05-27 23:14:49,CHIP,84.6,423094,500000,923094,2,
2026-05-27 23:17:49,CHIP,14.3,376556,2640722,3017278,4,
2026-05-27 23:18:49,CHIP,0.0,0,1867990,1867990,2,
2026-05-27 23:19:49,CHIP,9999.0,1722112,0,1722112,5,
2026-05-27 23:20:49,CHIP,9999.0,36390,0,36390,1,
2026-05-27 23:21:49,CHIP,9999.0,37452,0,37452,3,
2026-05-27 23:23:49,CHIP,43.1,2565666,5955901,8521567,10,
2026-05-27 23:25:49,CHIP,25.0,5242364,20972760,26215125,14,
2026-05-27 23:26:49,CHIP,441.7,1657925,375361,2033286,10,
2026-05-27 23:27:49,CHIP,42.0,1320130,3142018,4462148,14,
2026-05-27 23:28:49,CHIP,9999.0,2899055,0,2899055,3,
2026-05-27 23:29:49,CHIP,0.0,0,866647,866647,3,
2026-05-27 23:30:49,CHIP,9999.0,17639,0,17639,2,
2026-05-27 23:31:49,CHIP,1353.1,3429668,253459,3683127,12,
2026-05-27 23:32:49,CHIP,225.8,4457333,1973997,6431330,19,
2026-05-27 23:33:49,CHIP,3068.1,540000,17600,557600,6,
2026-05-27 23:34:49,CHIP,9999.0,110016,0,110016,2,
2026-05-27 23:35:49,CHIP,2124.5,949617,44698,994315,3,
2026-05-27 23:36:49,CHIP,0.0,0,7344920,7344920,4,
2026-05-27 23:37:49,CHIP,0.0,0,2978357,2978357,4,
2026-05-27 23:38:49,CHIP,2.9,140263,4806968,4947231,4,
2026-05-27 23:40:49,CHIP,0.0,0,3379179,3379179,5,
2026-05-27 23:41:49,CHIP,0.6,12242,2105505,2117747,5,
2026-05-27 23:43:49,CHIP,9999.0,995465,0,995465,2,
2026-05-27 23:48:49,CHIP,9999.0,10048,0,10048,1,
2026-05-27 23:50:49,CHIP,9999.0,546418,0,546418,2,
2026-05-27 23:52:49,CHIP,9999.0,99195,0,99195,4,
2026-05-27 23:53:49,CHIP,9999.0,88695,0,88695,9,
2026-05-27 23:54:49,CHIP,9999.0,587090,0,587090,12,
2026-05-27 23:55:49,CHIP,9999.0,212216,0,212216,2,
2026-05-27 23:56:49,CHIP,43.3,564550,1303757,1868307,13,
2026-05-27 23:57:49,CHIP,7042261.7,30000,0,30000,4,
2026-05-27 23:58:49,CHIP,427.0,928052,217329,1145381,3,
