2026-05-26 00:01:41,ICP,0.0,0,1442130,1442130,4,
2026-05-26 00:03:41,ICP,0.0,0,1161280,1161280,2,
2026-05-26 00:04:41,ICP,0.0,0,187697,187697,3,
2026-05-26 00:07:41,ICP,13.7,96773,705300,802073,8,
2026-05-26 00:08:41,ICP,381.1,3811240,1000000,4811240,5,
2026-05-26 00:09:41,ICP,0.0,0,9517694,9517694,3,
2026-05-26 00:10:41,ICP,587.2,1501362,255673,1757035,5,
2026-05-26 00:11:41,ICP,9999.0,4549083,0,4549083,2,
2026-05-26 00:12:41,ICP,9999.0,5020,0,5020,1,
2026-05-26 00:13:41,ICP,0.0,0,5085140,5085140,6,
2026-05-26 00:14:41,ICP,125.7,103657,82437,186094,6,
2026-05-26 00:15:41,ICP,0.0,0,586941,586941,5,
2026-05-26 00:16:41,ICP,0.0,0,6000,6000,1,
2026-05-26 00:17:41,ICP,0.0,0,2030928,2030928,4,
2026-05-26 00:18:41,ICP,9999.0,5020,0,5020,1,
2026-05-26 00:20:41,ICP,0.0,0,966704,966704,2,
2026-05-26 00:21:41,ICP,0.0,0,922028,922028,3,
2026-05-26 00:24:41,ICP,9999.0,64906,0,64906,1,
2026-05-26 00:26:41,ICP,9999.0,499474,0,499474,1,
2026-05-26 00:28:41,ICP,0.0,0,78013,78013,1,
2026-05-26 00:29:41,ICP,27.6,24872,90186,115057,5,
2026-05-26 00:30:41,ICP,9999.0,5020,0,5020,1,
2026-05-26 00:31:41,ICP,9999.0,5020,0,5020,1,
2026-05-26 00:33:41,ICP,9999.0,53952,0,53952,2,
2026-05-26 00:38:41,ICP,9999.0,500607,0,500607,1,
2026-05-26 00:40:41,ICP,9999.0,219720,0,219720,2,
2026-05-26 00:41:41,ICP,9999.0,6949825,0,6949825,2,
2026-05-26 00:42:41,ICP,0.0,0,980090,980090,1,
2026-05-26 00:43:41,ICP,9999.0,49950,0,49950,1,
2026-05-26 00:49:41,ICP,0.0,0,475485,475485,1,
2026-05-26 00:50:41,ICP,9999.0,826838,0,826838,2,
2026-05-26 00:51:41,ICP,0.0,0,693299,693299,2,
2026-05-26 00:52:41,ICP,0.0,0,1241276,1241276,5,
2026-05-26 00:53:41,ICP,12.3,45001,365809,410810,3,
2026-05-26 00:56:41,ICP,0.0,0,6940495,6940495,1,
2026-05-26 00:58:41,ICP,9999.0,2867451,0,2867451,1,
2026-05-26 00:59:41,ICP,9999.0,1780055,0,1780055,1,
2026-05-26 01:04:42,ICP,0.0,0,110000,110000,1,
2026-05-26 01:11:42,ICP,0.0,0,1200903,1200903,1,
2026-05-26 01:13:42,ICP,9999.0,6141213,0,6141213,3,
2026-05-26 01:14:42,ICP,19.2,317350,1656388,1973738,3,
2026-05-26 01:19:42,ICP,0.0,0,931672,931672,2,
2026-05-26 01:21:42,ICP,9999.0,56718,0,56718,2,
2026-05-26 01:32:42,ICP,169.4,1703234,1005495,2708728,4,
2026-05-26 01:35:42,ICP,621.5,2253395,362573,2615968,6,
2026-05-26 01:37:42,ICP,209.3,3118135,1490088,4608223,5,
2026-05-26 01:40:42,ICP,0.0,0,12000,12000,1,
2026-05-26 01:41:42,ICP,9999.0,15149,0,15149,1,
2026-05-26 01:42:42,ICP,93.9,118429,126124,244553,7,
2026-05-26 01:43:42,ICP,9999.0,998251,0,998251,3,
2026-05-26 01:45:42,ICP,1585.2,17824313,1124419,18948732,13,
2026-05-26 01:46:42,ICP,334.9,19950330,5956708,25907038,45,
2026-05-26 01:47:42,ICP,20.9,7105599,34046190,41151789,20,
2026-05-26 01:48:42,ICP,153.7,8883011,5780364,14663375,13,
2026-05-26 01:49:42,ICP,0.0,0,1062046,1062046,4,
2026-05-26 01:50:42,ICP,0.0,0,539636,539636,2,
2026-05-26 01:51:42,ICP,19.4,5181774,26715712,31897486,7,
2026-05-26 01:52:42,ICP,0.0,0,226252,226252,1,
2026-05-26 01:53:42,ICP,2168.6,5047041,232731,5279772,2,
2026-05-26 01:54:42,ICP,184.2,8065021,4378049,12443070,12,
2026-05-26 01:55:42,ICP,425.4,5696315,1338959,7035274,9,
2026-05-26 01:56:42,ICP,1.4,75242,5308484,5383726,7,
2026-05-26 01:57:42,ICP,67.1,332169,495115,827284,8,
2026-05-26 01:59:42,ICP,0.0,0,991821,991821,2,
2026-05-26 02:00:42,ICP,0.0,0,76079,76079,1,
2026-05-26 02:01:42,ICP,42.8,330134,771409,1101543,4,
2026-05-26 02:02:42,ICP,5086.3,611110,12015,623125,3,
2026-05-26 02:03:42,ICP,0.0,0,2372091,2372091,7,
2026-05-26 02:04:42,ICP,0.0,0,77699,77699,1,
2026-05-26 02:05:42,ICP,9999.0,4449763,0,4449763,2,
2026-05-26 02:06:42,ICP,0.0,0,3928110,3928110,2,
2026-05-26 02:08:42,ICP,0.0,0,62929,62929,1,
2026-05-26 02:13:42,ICP,0.0,0,2619164,2619164,9,
2026-05-26 02:14:42,ICP,0.0,0,16453,16453,2,
2026-05-26 02:15:42,ICP,11.4,71145,621497,692642,3,
2026-05-26 02:17:42,ICP,14.1,56526,401586,458112,2,
2026-05-26 02:18:42,ICP,224.8,15319,6814,22133,2,
2026-05-26 02:21:42,ICP,9999.0,35920,0,35920,1,
2026-05-26 02:26:42,ICP,3799.7,2716010,71480,2787491,3,
2026-05-26 02:28:42,ICP,9999.0,764233,0,764233,2,
2026-05-26 02:29:42,ICP,0.0,0,1088862,1088862,1,
2026-05-26 02:30:42,ICP,9999.0,123923,0,123923,2,
2026-05-26 02:31:42,ICP,3712.4,601479,16202,617681,4,
2026-05-26 02:33:42,ICP,26.9,72019,267270,339289,5,
2026-05-26 02:36:42,ICP,0.0,0,587720,587720,1,
2026-05-26 02:37:42,ICP,85.0,327879,385934,713814,6,
2026-05-26 02:41:42,ICP,0.0,0,938272,938272,2,
2026-05-26 02:42:42,ICP,0.0,0,885918,885918,4,
2026-05-26 02:44:42,ICP,9999.0,313452,0,313452,1,
2026-05-26 02:46:42,ICP,0.0,0,5043,5043,1,
2026-05-26 02:48:42,ICP,9999.0,6067273,0,6067273,1,
2026-05-26 02:53:42,ICP,0.0,0,3205095,3205095,4,
2026-05-26 02:54:42,ICP,0.0,0,15171,15171,1,
2026-05-26 03:00:42,ICP,0.0,0,1200000,1200000,3,
2026-05-26 03:03:42,ICP,18.6,45867,246045,291912,4,
2026-05-26 03:06:42,ICP,9999.0,15398,0,15398,1,
2026-05-26 03:07:42,ICP,9999.0,959826,0,959826,2,
2026-05-26 03:09:42,ICP,9999.0,88538,0,88538,2,
2026-05-26 03:10:42,ICP,0.0,0,877887,877887,5,
2026-05-26 03:14:42,ICP,0.0,0,3054628,3054628,3,
2026-05-26 03:18:42,ICP,981.2,11127652,1134070,12261722,8,
2026-05-26 03:26:42,ICP,0.0,0,7060643,7060643,5,
2026-05-26 03:27:42,ICP,9999.0,175735,0,175735,2,
2026-05-26 03:28:42,ICP,9999.0,1712895,0,1712895,2,
2026-05-26 03:40:42,ICP,0.0,0,8062,8062,1,
2026-05-26 03:43:42,ICP,9999.0,5020,0,5020,1,
2026-05-26 03:47:42,ICP,9999.0,10040,0,10040,2,
2026-05-26 03:51:42,ICP,15.2,10040,66184,76224,5,
2026-05-26 03:58:42,ICP,9999.0,50000,0,50000,1,
2026-05-26 04:00:42,ICP,0.0,0,177304,177304,3,
2026-05-26 04:02:42,ICP,3.1,5020,164138,169158,3,
2026-05-26 04:04:42,ICP,9999.0,5020,0,5020,1,
2026-05-26 04:08:42,ICP,9999.0,5020,0,5020,1,
2026-05-26 04:09:42,ICP,0.0,0,100000,100000,2,
2026-05-26 04:13:42,ICP,0.0,0,1873320,1873320,4,
2026-05-26 04:14:42,ICP,0.0,0,811758,811758,2,
2026-05-26 04:17:42,ICP,0.0,0,3086896,3086896,1,
2026-05-26 04:31:42,ICP,9999.0,5020,0,5020,1,
2026-05-26 04:33:42,ICP,9999.0,8092,0,8092,1,
2026-05-26 04:39:42,ICP,0.0,0,8062,8062,1,
2026-05-26 04:40:42,ICP,9999.0,939952,0,939952,3,
2026-05-26 04:46:42,ICP,9999.0,10602000,0,10602000,4,
2026-05-26 04:47:42,ICP,9999.0,221492,0,221492,2,
2026-05-26 04:49:42,ICP,9999.0,3000000,0,3000000,1,
2026-05-26 05:01:42,ICP,9999.0,2682795,0,2682795,4,
2026-05-26 05:04:42,ICP,9999.0,571842,0,571842,1,
2026-05-26 05:05:42,ICP,0.0,0,32812,32812,1,
2026-05-26 05:10:42,ICP,9999.0,11562,0,11562,1,
2026-05-26 05:13:42,ICP,0.0,0,458242,458242,1,
2026-05-26 05:16:42,ICP,9999.0,1103629,0,1103629,4,
2026-05-26 05:18:42,ICP,9999.0,257527,0,257527,4,
2026-05-26 05:19:42,ICP,9999.0,781237,0,781237,2,
2026-05-26 05:20:42,ICP,9999.0,22649,0,22649,1,
2026-05-26 05:25:42,ICP,1.8,107157,6013337,6120494,3,
2026-05-26 05:27:42,ICP,9999.0,461979,0,461979,1,
2026-05-26 05:28:42,ICP,10.7,109440,1026718,1136158,2,
2026-05-26 05:30:42,ICP,0.0,0,6000000,6000000,2,
2026-05-26 05:34:42,ICP,0.0,0,40500,40500,1,
2026-05-26 05:35:42,ICP,1122.7,1286431,114588,1401018,7,
2026-05-26 05:36:42,ICP,1.5,45002,2916251,2961253,5,
2026-05-26 05:37:42,ICP,0.0,0,403460,403460,1,
2026-05-26 05:41:42,ICP,156813.0,12642263,8062,12650325,9,
2026-05-26 05:43:42,ICP,9999.0,7000,0,7000,1,
2026-05-26 05:44:42,ICP,9999.0,484771,0,484771,1,
2026-05-26 05:45:42,ICP,9999.0,562258,0,562258,1,
2026-05-26 05:47:42,ICP,3.4,403460,11751801,12155261,4,
2026-05-26 05:48:42,ICP,219.1,1095177,499752,1594929,4,
2026-05-26 05:51:42,ICP,9999.0,645597,0,645597,1,
2026-05-26 05:52:42,ICP,9999.0,1209300,0,1209300,3,
2026-05-26 05:53:42,ICP,9999.0,403300,0,403300,2,
2026-05-26 05:55:42,ICP,9999.0,220726,0,220726,1,
2026-05-26 05:56:42,ICP,9999.0,106342,0,106342,1,
2026-05-26 05:57:42,ICP,9999.0,5020,0,5020,1,
2026-05-26 06:03:42,ICP,9999.0,485280,0,485280,1,
2026-05-26 06:04:42,ICP,0.0,0,5020,5020,1,
2026-05-26 06:09:42,ICP,9999.0,5537,0,5537,1,
2026-05-26 06:10:42,ICP,7.7,209463,2705553,2915016,7,
2026-05-26 06:11:42,ICP,9999.0,9998,0,9998,1,
2026-05-26 06:16:42,ICP,0.0,0,348939,348939,2,
2026-05-26 06:17:42,ICP,0.0,0,17889,17889,2,
2026-05-26 06:19:42,ICP,704.8,343101,48680,391781,4,
2026-05-26 06:22:42,ICP,9999.0,180583,0,180583,1,
2026-05-26 06:24:42,ICP,9999.0,9998,0,9998,1,
2026-05-26 06:25:42,ICP,434.3,2436029,560863,2996891,3,
2026-05-26 06:26:42,ICP,9999.0,233222,0,233222,1,
2026-05-26 06:27:42,ICP,9999.0,420000,0,420000,2,
2026-05-26 06:28:42,ICP,131.3,2237097,1703862,3940959,2,
2026-05-26 06:30:42,ICP,20060.2,1007020,5020,1012040,3,
2026-05-26 06:32:42,ICP,9999.0,125000,0,125000,1,
2026-05-26 06:33:43,ICP,0.0,0,192751,192751,2,
2026-05-26 06:35:43,ICP,4.8,5020,105020,110040,2,
2026-05-26 06:37:43,ICP,9999.0,9998,0,9998,1,
2026-05-26 06:41:43,ICP,48.9,653605,1337944,1991549,7,
2026-05-26 06:43:43,ICP,9999.0,5020,0,5020,1,
2026-05-26 06:44:43,ICP,9999.0,4921344,0,4921344,4,
2026-05-26 06:45:43,ICP,0.0,0,905165,905165,1,
2026-05-26 06:48:43,ICP,9999.0,142986,0,142986,2,
2026-05-26 06:49:43,ICP,9999.0,5113407,0,5113407,3,
2026-05-26 06:51:43,ICP,9999.0,83601,0,83601,1,
2026-05-26 06:52:43,ICP,639.2,343097,53675,396771,4,
2026-05-26 07:00:43,ICP,0.0,0,14948,14948,1,
2026-05-26 07:03:43,ICP,0.0,0,50039,50039,1,
2026-05-26 07:07:43,ICP,9999.0,5020,0,5020,1,
2026-05-26 07:08:43,ICP,0.0,0,1000000,1000000,2,
2026-05-26 07:11:43,ICP,0.0,0,1000000,1000000,1,
2026-05-26 07:15:43,ICP,9999.0,1019374,0,1019374,1,
2026-05-26 07:18:43,ICP,0.0,0,199660,199660,1,
2026-05-26 07:19:43,ICP,0.0,0,199800,199800,1,
2026-05-26 07:21:43,ICP,9999.0,9998,0,9998,1,
2026-05-26 07:22:43,ICP,9999.0,11377156,0,11377156,5,
2026-05-26 07:25:43,ICP,9999.0,10587785,0,10587785,10,
2026-05-26 07:26:43,ICP,9999.0,2519635,0,2519635,5,
2026-05-26 07:27:43,ICP,9999.0,526107,0,526107,1,
2026-05-26 07:28:43,ICP,0.0,0,5298,5298,1,
2026-05-26 07:30:43,ICP,248.1,1009420,406930,1416350,7,
2026-05-26 07:31:43,ICP,39.5,4550267,11527273,16077540,9,
2026-05-26 07:32:43,ICP,0.2,38746,23401390,23440137,17,
2026-05-26 07:33:43,ICP,0.0,0,47719,47719,1,
2026-05-26 07:35:43,ICP,0.0,0,14438486,14438486,5,
2026-05-26 07:36:43,ICP,0.0,0,12967490,12967490,7,
2026-05-26 07:37:43,ICP,156.8,41237896,26297678,67535574,10,
2026-05-26 07:38:43,ICP,228.6,7390837,3232849,10623686,5,
2026-05-26 07:39:43,ICP,0.0,0,137588,137588,2,
2026-05-26 07:40:43,ICP,0.0,0,2778058,2778058,6,
2026-05-26 07:44:43,ICP,91.3,5653756,6194564,11848319,2,
2026-05-26 07:45:43,ICP,0.0,0,159206,159206,2,
2026-05-26 07:47:43,ICP,667.6,21078482,3157320,24235802,14,
2026-05-26 07:49:43,ICP,9999.0,4481467,0,4481467,14,
2026-05-26 07:50:43,ICP,9999.0,15100,0,15100,2,
2026-05-26 07:51:43,ICP,9999.0,1066423,0,1066423,1,
2026-05-26 07:52:43,ICP,33.2,101036,304152,405188,2,
2026-05-26 07:53:43,ICP,0.0,0,786894,786894,3,
2026-05-26 07:59:43,ICP,0.0,0,15978107,15978107,5,
2026-05-26 08:00:43,ICP,0.0,0,495265,495265,1,
2026-05-26 08:01:43,ICP,0.0,0,985370,985370,1,
2026-05-26 08:02:43,ICP,0.0,0,5554,5554,1,
2026-05-26 08:04:43,ICP,0.0,0,3349038,3349038,1,
2026-05-26 08:05:43,ICP,232.5,5843277,2513498,8356774,6,
2026-05-26 08:06:43,ICP,9999.0,1769108,0,1769108,5,
2026-05-26 08:09:43,ICP,100.0,5020,5020,10040,2,
2026-05-26 08:13:43,ICP,9999.0,1766327,0,1766327,1,
2026-05-26 08:15:43,ICP,0.0,0,799376,799376,2,
2026-05-26 08:16:43,ICP,9999.0,1383682,0,1383682,2,
2026-05-26 08:18:43,ICP,0.0,0,620966,620966,2,
2026-05-26 08:20:43,ICP,0.0,0,12256442,12256442,4,
2026-05-26 08:21:43,ICP,9999.0,286435,0,286435,3,
2026-05-26 08:22:43,ICP,0.0,0,1591742,1591742,2,
2026-05-26 08:27:43,ICP,0.0,0,323425,323425,3,
2026-05-26 08:31:43,ICP,9999.0,56774,0,56774,3,
2026-05-26 08:32:43,ICP,9999.0,16119024,0,16119024,9,
2026-05-26 08:34:43,ICP,9999.0,10040,0,10040,2,
2026-05-26 08:37:43,ICP,0.0,0,810110,810110,2,
2026-05-26 08:41:43,ICP,505.2,1000000,197952,1197952,3,
2026-05-26 08:42:43,ICP,81170.1,4264340,5254,4269593,7,
2026-05-26 08:43:43,ICP,0.0,0,613642,613642,2,
2026-05-26 08:45:43,ICP,0.0,0,2680354,2680354,1,
2026-05-26 08:46:43,ICP,9999.0,2683726,0,2683726,2,
2026-05-26 08:47:43,ICP,9999.0,312694,0,312694,2,
2026-05-26 08:51:43,ICP,1385.3,1055666,76206,1131871,4,
2026-05-26 08:52:43,ICP,9999.0,9877167,0,9877167,8,
2026-05-26 08:53:43,ICP,9999.0,2068366,0,2068366,2,
2026-05-26 08:54:43,ICP,9999.0,4518539,0,4518539,5,
2026-05-26 08:55:43,ICP,11640.2,2003665,17213,2020878,5,
2026-05-26 09:00:43,ICP,0.6,5896,1047808,1053705,5,
2026-05-26 09:01:43,ICP,9999.0,2455077,0,2455077,4,
2026-05-26 09:02:43,ICP,0.0,0,79540,79540,2,
2026-05-26 09:03:43,ICP,0.0,0,76258,76258,2,
2026-05-26 09:04:43,ICP,12.7,55188,432872,488060,2,
2026-05-26 09:05:43,ICP,9999.0,5020,0,5020,1,
2026-05-26 09:07:43,ICP,9999.0,240999,0,240999,1,
2026-05-26 09:08:43,ICP,9999.0,141685,0,141685,1,
2026-05-26 09:09:43,ICP,9999.0,3412480,0,3412480,1,
2026-05-26 09:10:43,ICP,0.0,0,523972,523972,1,
2026-05-26 09:13:43,ICP,17.2,131206,764290,895496,4,
2026-05-26 09:16:43,ICP,0.0,18525,45440909,45459434,14,
2026-05-26 09:17:43,ICP,9999.0,5933,0,5933,1,
2026-05-26 09:18:43,ICP,4.6,299622,6515036,6814658,3,
2026-05-26 09:19:43,ICP,9999.0,101452,0,101452,1,
2026-05-26 09:20:43,ICP,9999.0,31460,0,31460,1,
2026-05-26 09:22:43,ICP,0.0,0,669075,669075,2,
2026-05-26 09:23:43,ICP,0.1,10000,11445998,11455998,17,
2026-05-26 09:24:43,ICP,0.0,0,11315,11315,1,
2026-05-26 09:25:43,ICP,0.0,0,248685,248685,2,
2026-05-26 09:27:43,ICP,52.1,2590887,4974458,7565345,7,
2026-05-26 09:28:43,ICP,0.0,0,1087970,1087970,2,
2026-05-26 09:31:43,ICP,9999.0,745051,0,745051,6,
2026-05-26 09:32:43,ICP,0.0,0,1105956,1105956,3,
2026-05-26 09:35:43,ICP,0.0,0,400736,400736,2,
2026-05-26 09:36:43,ICP,6.3,522397,8346302,8868699,16,
2026-05-26 09:38:43,ICP,11.6,140962,1217236,1358198,7,
2026-05-26 09:40:43,ICP,893.1,8930622,1000000,9930622,8,
2026-05-26 09:41:43,ICP,5.2,490500,9375336,9865836,10,
2026-05-26 09:43:43,ICP,25.8,103300,400000,503300,4,
2026-05-26 09:44:43,ICP,9999.0,83663,0,83663,1,
2026-05-26 09:45:43,ICP,9999.0,3763305,0,3763305,10,
2026-05-26 09:46:43,ICP,9999.0,183377,0,183377,3,
2026-05-26 09:47:43,ICP,0.0,0,1924422,1924422,5,
2026-05-26 09:49:43,ICP,9999.0,25075,0,25075,1,
2026-05-26 09:51:43,ICP,46.7,170695,365768,536463,6,
2026-05-26 09:52:43,ICP,10.7,1036723,9653259,10689982,8,
2026-05-26 09:53:43,ICP,0.0,0,537870,537870,8,
2026-05-26 09:54:43,ICP,127.9,17945596,14033633,31979229,6,
2026-05-26 09:55:43,ICP,9999.0,4271574,0,4271574,9,
2026-05-26 10:01:43,ICP,0.0,0,293552,293552,1,
2026-05-26 10:02:43,ICP,0.0,0,293271,293271,2,
2026-05-26 10:03:43,ICP,0.0,0,17912852,17912852,2,
2026-05-26 10:05:43,ICP,0.0,0,3030045,3030045,1,
2026-05-26 10:06:43,ICP,0.0,0,1054595,1054595,1,
2026-05-26 10:10:43,ICP,0.0,0,19653,19653,1,
2026-05-26 10:12:43,ICP,9999.0,48335,0,48335,2,
2026-05-26 10:15:43,ICP,9999.0,1054799,0,1054799,3,
2026-05-26 10:19:43,ICP,32.6,96803,296746,393549,2,
2026-05-26 10:22:43,ICP,2.7,267894,9745127,10013022,3,
2026-05-26 10:23:43,ICP,0.0,0,1050305,1050305,2,
2026-05-26 10:25:43,ICP,0.0,0,552015,552015,2,
2026-05-26 10:26:43,ICP,0.0,0,317638,317638,1,
2026-05-26 10:28:43,ICP,546.6,3622378,662709,4285088,9,
2026-05-26 10:29:43,ICP,0.0,0,1663611,1663611,4,
2026-05-26 10:30:43,ICP,0.0,0,88785,88785,1,
2026-05-26 10:31:43,ICP,0.0,0,1659478,1659478,1,
2026-05-26 10:32:43,ICP,0.0,0,23361,23361,1,
2026-05-26 10:33:43,ICP,0.0,0,160148,160148,3,
2026-05-26 10:34:43,ICP,282.8,2262373,800000,3062373,7,
2026-05-26 10:36:43,ICP,202.4,1049254,518425,1567679,5,
2026-05-26 10:39:43,ICP,170.9,5714459,3342821,9057280,5,
2026-05-26 10:40:43,ICP,0.4,38870,10271373,10310243,4,
2026-05-26 10:41:43,ICP,134.7,42088698,31251239,73339937,34,
2026-05-26 10:42:43,ICP,9999.0,53149,0,53149,3,
2026-05-26 10:44:43,ICP,0.0,0,1223160,1223160,5,
2026-05-26 10:45:43,ICP,9999.0,149118,0,149118,1,
2026-05-26 10:48:43,ICP,9999.0,500000,0,500000,2,
2026-05-26 10:49:43,ICP,9999.0,3014325,0,3014325,3,
2026-05-26 10:50:43,ICP,9999.0,3370062,0,3370062,3,
2026-05-26 10:54:43,ICP,0.0,0,105504,105504,1,
2026-05-26 10:56:43,ICP,9999.0,3027017,0,3027017,1,
2026-05-26 10:57:43,ICP,0.0,0,750748,750748,2,
2026-05-26 10:58:43,ICP,0.0,0,4395521,4395521,7,
2026-05-26 10:59:43,ICP,9999.0,465889,0,465889,4,
2026-05-26 11:00:43,ICP,0.0,0,633050,633050,2,
2026-05-26 11:04:43,ICP,0.0,0,1354958,1354958,3,
2026-05-26 11:05:43,ICP,15.8,48540,307213,355752,6,
2026-05-26 11:07:43,ICP,9999.0,610698,0,610698,2,
2026-05-26 11:08:43,ICP,9999.0,50467,0,50467,2,
2026-05-26 11:10:43,ICP,9999.0,5020,0,5020,1,
2026-05-26 11:13:43,ICP,0.0,0,10146,10146,1,
2026-05-26 11:16:43,ICP,0.0,0,39803,39803,1,
2026-05-26 11:17:43,ICP,0.0,0,4844071,4844071,3,
2026-05-26 11:18:43,ICP,0.0,0,4845000,4845000,1,
2026-05-26 11:19:43,ICP,9999.0,221502,0,221502,1,
2026-05-26 11:23:43,ICP,0.0,0,100000,100000,1,
2026-05-26 11:25:43,ICP,590.9,3939243,666629,4605872,3,
2026-05-26 11:28:43,ICP,31.8,252451,794864,1047314,3,
2026-05-26 11:29:43,ICP,0.0,0,5301,5301,1,
2026-05-26 11:33:43,ICP,9999.0,283967,0,283967,1,
2026-05-26 11:35:43,ICP,9999.0,4000000,0,4000000,1,
2026-05-26 11:36:43,ICP,9999.0,5020,0,5020,1,
2026-05-26 11:40:43,ICP,0.0,0,90684,90684,1,
2026-05-26 11:44:43,ICP,0.0,0,787244,787244,1,
2026-05-26 11:45:43,ICP,0.0,0,481487,481487,1,
2026-05-26 11:46:43,ICP,0.0,0,11614,11614,2,
2026-05-26 11:47:43,ICP,9999.0,11622,0,11622,1,
2026-05-26 11:58:43,ICP,9999.0,378903,0,378903,1,
2026-05-26 11:59:43,ICP,0.8,75020,9365780,9440800,4,
2026-05-26 12:01:43,ICP,0.1,5020,4917716,4922736,4,
2026-05-26 12:03:43,ICP,0.0,0,1148606,1148606,3,
2026-05-26 12:06:43,ICP,2.4,252777,10372029,10624807,7,
2026-05-26 12:07:43,ICP,15242.3,1650179,10826,1661005,7,
2026-05-26 12:08:43,ICP,0.0,0,1584321,1584321,5,
2026-05-26 12:10:43,ICP,68.7,111084,161625,272709,4,
2026-05-26 12:11:43,ICP,0.0,0,121438,121438,1,
2026-05-26 12:22:43,ICP,0.0,0,10236,10236,1,
2026-05-26 12:25:43,ICP,0.0,0,207596,207596,1,
2026-05-26 12:28:44,ICP,43.1,600000,1391904,1991904,6,
2026-05-26 12:30:44,ICP,9999.0,115717,0,115717,1,
2026-05-26 12:34:44,ICP,9999.0,40000,0,40000,1,
2026-05-26 12:38:44,ICP,9999.0,116134,0,116134,1,
2026-05-26 12:40:44,ICP,2.8,69012,2430988,2500000,2,
2026-05-26 12:42:44,ICP,9999.0,99960,0,99960,1,
2026-05-26 12:44:44,ICP,9999.0,100142,0,100142,1,
2026-05-26 12:46:44,ICP,0.0,0,10000,10000,1,
2026-05-26 12:48:44,ICP,16.1,538483,3351517,3890000,3,
2026-05-26 13:00:44,ICP,0.0,0,9236282,9236282,6,
2026-05-26 13:06:44,ICP,0.0,0,46973,46973,2,
2026-05-26 13:16:44,ICP,9999.0,5019,0,5019,1,
2026-05-26 13:20:44,ICP,9999.0,70895,0,70895,1,
2026-05-26 13:23:44,ICP,9999.0,311520,0,311520,2,
2026-05-26 13:24:44,ICP,9999.0,306769,0,306769,2,
2026-05-26 13:28:44,ICP,9999.0,1735392,0,1735392,4,
2026-05-26 13:29:44,ICP,0.0,0,107461,107461,1,
2026-05-26 13:34:44,ICP,9999.0,149416,0,149416,1,
2026-05-26 13:36:44,ICP,0.0,0,16137,16137,1,
2026-05-26 13:40:44,ICP,0.0,0,24723,24723,1,
2026-05-26 13:42:44,ICP,0.0,0,156840,156840,1,
2026-05-26 13:45:44,ICP,9999.0,5000,0,5000,1,
2026-05-26 13:48:44,ICP,0.0,0,40963,40963,1,
2026-05-26 13:50:44,ICP,0.0,0,3200815,3200815,1,
2026-05-26 13:54:44,ICP,9999.0,9950,0,9950,1,
2026-05-26 13:59:44,ICP,494.3,1255482,253991,1509473,5,
2026-05-26 14:01:44,ICP,0.0,0,1071800,1071800,3,
2026-05-26 14:02:44,ICP,9999.0,3267531,0,3267531,1,
2026-05-26 14:08:44,ICP,9999.0,25209,0,25209,1,
2026-05-26 14:12:44,ICP,9999.0,25234,0,25234,1,
2026-05-26 14:13:44,ICP,372.7,15564820,4176525,19741345,6,
2026-05-26 14:14:44,ICP,9999.0,88843,0,88843,1,
2026-05-26 14:15:44,ICP,9999.0,17221176,0,17221176,4,
2026-05-26 14:16:44,ICP,9999.0,1927180,0,1927180,4,
2026-05-26 14:18:44,ICP,0.0,0,301057,301057,4,
2026-05-26 14:21:44,ICP,0.0,0,500762,500762,1,
2026-05-26 14:24:44,ICP,9999.0,5020,0,5020,1,
2026-05-26 14:29:44,ICP,9999.0,1999795,0,1999795,5,
2026-05-26 14:30:44,ICP,9999.0,430045,0,430045,2,
2026-05-26 14:35:44,ICP,9999.0,26540,0,26540,2,
2026-05-26 14:39:44,ICP,1284.2,12885485,1003415,13888899,11,
2026-05-26 14:40:44,ICP,0.0,0,8969039,8969039,4,
2026-05-26 14:41:44,ICP,1.2,5095,415763,420858,3,
2026-05-26 14:45:44,ICP,0.0,0,548260,548260,1,
2026-05-26 14:47:44,ICP,0.0,0,8448332,8448332,7,
2026-05-26 14:51:44,ICP,240.0,1321551,550678,1872229,3,
2026-05-26 14:52:44,ICP,0.0,0,75146,75146,1,
2026-05-26 14:53:44,ICP,0.0,0,1696478,1696478,3,
2026-05-26 14:54:44,ICP,4934.4,3116374,63156,3179530,6,
2026-05-26 14:55:44,ICP,9999.0,176238,0,176238,1,
2026-05-26 15:00:44,ICP,350.1,400089,114293,514381,3,
2026-05-26 15:03:44,ICP,0.0,0,4977429,4977429,2,
2026-05-26 15:07:44,ICP,0.0,0,8064,8064,1,
2026-05-26 15:11:44,ICP,0.0,0,700000,700000,2,
2026-05-26 15:14:44,ICP,9999.0,10000,0,10000,1,
2026-05-26 15:15:44,ICP,9999.0,549701,0,549701,1,
2026-05-26 15:16:44,ICP,21.0,733687,3494674,4228361,3,
2026-05-26 15:17:44,ICP,9999.0,292612,0,292612,2,
2026-05-26 15:18:44,ICP,9999.0,14155,0,14155,1,
2026-05-26 15:19:44,ICP,0.0,0,6792,6792,1,
2026-05-26 15:20:44,ICP,0.0,0,1702577,1702577,4,
2026-05-26 15:22:44,ICP,0.0,0,9566175,9566175,5,
2026-05-26 15:23:44,ICP,0.0,0,1500000,1500000,3,
2026-05-26 15:25:44,ICP,0.0,0,8672,8672,1,
2026-05-26 15:28:44,ICP,0.0,0,39280,39280,1,
2026-05-26 15:29:44,ICP,0.2,5392,3144488,3149880,9,
2026-05-26 15:36:44,ICP,9999.0,16864,0,16864,1,
2026-05-26 15:37:44,ICP,107697.1,5444364,5055,5449419,4,
2026-05-26 15:38:44,ICP,9999.0,5019,0,5019,1,
2026-05-26 15:40:44,ICP,9999.0,9734348,0,9734348,6,
2026-05-26 15:41:44,ICP,9999.0,5050,0,5050,1,
2026-05-26 15:43:44,ICP,9999.0,35685,0,35685,1,
2026-05-26 15:45:44,ICP,9999.0,5050,0,5050,1,
2026-05-26 15:46:44,ICP,9999.0,113098,0,113098,2,
2026-05-26 15:48:44,ICP,0.0,0,99950,99950,1,
2026-05-26 15:51:44,ICP,9999.0,5020,0,5020,1,
2026-05-26 15:52:44,ICP,9999.0,904709,0,904709,3,
2026-05-26 15:53:44,ICP,9999.0,12901,0,12901,2,
2026-05-26 15:54:44,ICP,345.5,882887,255516,1138403,3,
2026-05-26 15:57:44,ICP,0.0,0,2024275,2024275,1,
2026-05-26 15:58:44,ICP,2.5,5020,198750,203770,2,
2026-05-26 16:00:44,ICP,2083.0,555421,26665,582086,2,
2026-05-26 16:02:44,ICP,33.5,23786,71071,94857,2,
2026-05-26 16:03:44,ICP,0.0,0,1168234,1168234,2,
2026-05-26 16:04:44,ICP,0.0,0,103161,103161,3,
2026-05-26 16:05:44,ICP,0.0,0,1870450,1870450,4,
2026-05-26 16:06:44,ICP,0.0,0,406274,406274,2,
2026-05-26 16:07:44,ICP,0.0,0,2216477,2216477,1,
2026-05-26 16:09:44,ICP,639.2,4376023,684583,5060606,3,
2026-05-26 16:10:44,ICP,0.0,0,315417,315417,2,
2026-05-26 16:11:44,ICP,16.3,710637,4366102,5076739,7,
2026-05-26 16:12:44,ICP,151.8,5180000,3411660,8591660,6,
2026-05-26 16:14:44,ICP,9999.0,669736,0,669736,2,
2026-05-26 16:17:44,ICP,0.0,0,959353,959353,5,
2026-05-26 16:20:44,ICP,0.0,0,157000,157000,1,
2026-05-26 16:32:44,ICP,0.0,0,1912965,1912965,7,
2026-05-26 16:33:44,ICP,0.0,0,5544,5544,1,
2026-05-26 16:34:44,ICP,9999.0,1339632,0,1339632,4,
2026-05-26 16:35:44,ICP,0.0,0,1358899,1358899,2,
2026-05-26 16:37:44,ICP,0.0,0,1641101,1641101,3,
2026-05-26 16:39:44,ICP,0.0,0,593511,593511,5,
2026-05-26 16:40:44,ICP,0.2,5020,2174656,2179676,3,
2026-05-26 16:41:44,ICP,100.0,5020,5020,10040,2,
2026-05-26 16:47:44,ICP,0.0,0,5020,5020,1,
2026-05-26 16:48:44,ICP,0.0,0,790842,790842,2,
2026-05-26 16:52:44,ICP,9999.0,5020,0,5020,1,
2026-05-26 16:53:44,ICP,9999.0,21388366,0,21388366,9,
2026-05-26 17:04:44,ICP,9999.0,974126,0,974126,1,
2026-05-26 17:06:44,ICP,508.4,536077,105440,641517,2,
2026-05-26 17:07:44,ICP,9999.0,170363,0,170363,2,
2026-05-26 17:09:44,ICP,253.9,2537037,999127,3536164,7,
2026-05-26 17:12:44,ICP,0.0,0,3012227,3012227,3,
2026-05-26 17:13:44,ICP,9999.0,5020,0,5020,1,
2026-05-26 17:14:44,ICP,11.6,2255990,19456308,21712298,14,
2026-05-26 17:15:44,ICP,9999.0,51565,0,51565,2,
2026-05-26 17:16:44,ICP,0.0,0,59265,59265,1,
2026-05-26 17:17:44,ICP,9999.0,51200,0,51200,1,
2026-05-26 17:19:44,ICP,9999.0,9360,0,9360,1,
2026-05-26 17:20:44,ICP,9999.0,10040,0,10040,1,
2026-05-26 17:22:44,ICP,0.6,5020,791800,796820,2,
2026-05-26 17:23:44,ICP,9999.0,9711759,0,9711759,5,
2026-05-26 17:25:44,ICP,0.0,5019,10332105,10337123,6,
2026-05-26 17:26:44,ICP,9999.0,572219,0,572219,1,
2026-05-26 17:27:44,ICP,9999.0,100000,0,100000,1,
2026-05-26 17:31:44,ICP,9999.0,1661599,0,1661599,5,
2026-05-26 17:32:44,ICP,9999.0,59250,0,59250,2,
2026-05-26 17:35:44,ICP,38.0,550120,1449373,1999493,4,
2026-05-26 17:37:44,ICP,9999.0,635981,0,635981,1,
2026-05-26 17:38:44,ICP,9999.0,18894273,0,18894273,8,
2026-05-26 17:39:44,ICP,9999.0,1972418,0,1972418,3,
2026-05-26 17:40:44,ICP,9999.0,150343,0,150343,1,
2026-05-26 17:42:44,ICP,9999.0,395000,0,395000,1,
2026-05-26 17:45:44,ICP,0.0,0,7832300,7832300,6,
2026-05-26 17:48:44,ICP,9999.0,5020,0,5020,1,
2026-05-26 17:50:44,ICP,0.0,0,959755,959755,5,
2026-05-26 17:51:44,ICP,0.0,0,8628494,8628494,9,
2026-05-26 17:52:44,ICP,0.0,0,4646333,4646333,4,
2026-05-26 17:53:44,ICP,541.0,60000,11091,71091,2,
2026-05-26 17:54:44,ICP,9999.0,5020,0,5020,1,
2026-05-26 17:55:44,ICP,0.0,0,299500,299500,1,
2026-05-26 17:57:44,ICP,0.0,0,31696,31696,1,
2026-05-26 17:58:44,ICP,51.8,151985,293269,445253,3,
2026-05-26 18:00:44,ICP,1.1,5019,441734,446753,2,
2026-05-26 18:01:44,ICP,0.0,0,1423112,1423112,4,
2026-05-26 18:02:44,ICP,0.1,5020,6074175,6079195,8,
2026-05-26 18:10:44,ICP,9999.0,74344,0,74344,2,
2026-05-26 18:13:44,ICP,0.0,0,98443,98443,1,
2026-05-26 18:14:44,ICP,100.0,150000,150000,300000,2,
2026-05-26 18:17:45,ICP,286.0,455058,159093,614151,6,
2026-05-26 18:18:45,ICP,9999.0,299963,0,299963,2,
2026-05-26 18:19:45,ICP,9999.0,999501,0,999501,4,
2026-05-26 18:20:45,ICP,9999.0,364228,0,364228,1,
2026-05-26 18:23:45,ICP,249.5,4975292,1994497,6969790,4,
2026-05-26 18:25:45,ICP,949.3,99675,10500,110175,2,
2026-05-26 18:26:45,ICP,0.4,16348,4055820,4072168,3,
2026-05-26 18:27:45,ICP,7894.3,543573,6886,550458,5,
2026-05-26 18:28:45,ICP,9999.0,661395,0,661395,2,
2026-05-26 18:29:45,ICP,9999.0,3258804,0,3258804,3,
2026-05-26 18:31:45,ICP,9999.0,28234,0,28234,2,
2026-05-26 18:32:45,ICP,74.8,4284008,5728977,10012985,6,
2026-05-26 18:34:45,ICP,0.1,5020,6031028,6036048,2,
2026-05-26 18:35:45,ICP,3.7,544888,14597857,15142745,6,
2026-05-26 18:36:45,ICP,19.6,348728,1776287,2125015,6,
2026-05-26 18:38:45,ICP,0.0,5020,41848320,41853340,21,
2026-05-26 18:39:45,ICP,3273.0,4390904,134157,4525061,4,
2026-05-26 18:40:45,ICP,11.3,280000,2474952,2754952,11,
2026-05-26 18:41:45,ICP,70.4,1640279,2328359,3968638,6,
2026-05-26 18:42:45,ICP,9999.0,5020,0,5020,1,
2026-05-26 18:44:45,ICP,0.0,0,80682,80682,1,
2026-05-26 18:46:45,ICP,7.3,91629,1248818,1340447,6,
2026-05-26 18:47:45,ICP,9999.0,5020,0,5020,1,
2026-05-26 18:48:45,ICP,0.0,0,397157,397157,2,
2026-05-26 18:49:45,ICP,0.0,0,8954303,8954303,15,
2026-05-26 18:50:45,ICP,9999.0,5020,0,5020,1,
2026-05-26 18:51:45,ICP,9999.0,10040,0,10040,2,
2026-05-26 18:55:45,ICP,0.1,5020,4163537,4168557,2,
2026-05-26 18:56:45,ICP,9999.0,5017,0,5017,1,
2026-05-26 18:59:45,ICP,103.6,5878084,5673708,11551792,3,
2026-05-26 19:00:45,ICP,3.1,68270,2175872,2244142,8,
2026-05-26 19:05:45,ICP,306.8,2264038,737976,3002014,5,
2026-05-26 19:06:45,ICP,618.9,31069,5020,36089,2,
2026-05-26 19:07:45,ICP,9999.0,5020,0,5020,1,
2026-05-26 19:08:45,ICP,9999.0,5020,0,5020,1,
2026-05-26 19:09:45,ICP,9999.0,5020,0,5020,1,
2026-05-26 19:11:45,ICP,9999.0,10040,0,10040,2,
2026-05-26 19:12:45,ICP,9999.0,5020,0,5020,1,
2026-05-26 19:13:45,ICP,9999.0,3819406,0,3819406,4,
2026-05-26 19:15:45,ICP,9999.0,5020,0,5020,1,
2026-05-26 19:16:45,ICP,9.5,5020,52579,57599,2,
2026-05-26 19:17:45,ICP,9999.0,2996857,0,2996857,1,
2026-05-26 19:19:45,ICP,9999.0,410978,0,410978,5,
2026-05-26 19:20:45,ICP,0.6,58132,9436774,9494906,14,
2026-05-26 19:22:45,ICP,174.1,27159435,15600009,42759443,47,
2026-05-26 19:23:45,ICP,53.5,4248399,7938226,12186625,9,
2026-05-26 19:24:45,ICP,26964.4,6090995,22589,6113584,6,
2026-05-26 19:25:45,ICP,760.6,13536926,1779851,15316778,10,
2026-05-26 19:26:45,ICP,0.1,5020,3871285,3876305,11,
2026-05-26 19:27:45,ICP,48.9,1434153,2934834,4368987,10,
2026-05-26 19:28:45,ICP,0.0,0,31088,31088,1,
2026-05-26 19:29:45,ICP,0.0,0,15678167,15678167,19,
2026-05-26 19:30:45,ICP,9999.0,8448,0,8448,1,
2026-05-26 19:31:45,ICP,0.0,0,118854,118854,1,
2026-05-26 19:32:45,ICP,0.1,5020,4734896,4739916,6,
2026-05-26 19:33:45,ICP,9999.0,238395,0,238395,2,
2026-05-26 19:34:45,ICP,0.0,0,100253,100253,2,
2026-05-26 19:37:45,ICP,1.3,99744,7897869,7997613,11,
2026-05-26 19:38:45,ICP,0.0,0,750030,750030,2,
2026-05-26 19:40:45,ICP,9999.0,2547444,0,2547444,4,
2026-05-26 19:42:45,ICP,6.3,999501,15748659,16748160,12,
2026-05-26 19:44:45,ICP,0.0,0,1010233,1010233,2,
2026-05-26 19:45:45,ICP,9999.0,1512255,0,1512255,4,
2026-05-26 19:47:45,ICP,4.3,67132,1566578,1633711,5,
2026-05-26 19:50:45,ICP,200.0,10040,5020,15060,3,
2026-05-26 19:51:45,ICP,30.9,12531,40500,53031,2,
2026-05-26 19:53:45,ICP,0.0,0,1086542,1086542,1,
2026-05-26 19:54:45,ICP,228.5,2255225,987022,3242247,3,
2026-05-26 19:56:45,ICP,9999.0,256355,0,256355,3,
2026-05-26 19:57:45,ICP,9999.0,999928,0,999928,3,
2026-05-26 19:59:45,ICP,0.0,0,20215000,20215000,6,
2026-05-26 20:00:45,ICP,9999.0,6677177,0,6677177,6,
2026-05-26 20:04:45,ICP,9999.0,2634126,0,2634126,1,
2026-05-26 20:05:45,ICP,343.1,357377,104154,461531,3,
2026-05-26 20:06:45,ICP,0.0,0,499500,499500,3,
2026-05-26 20:08:45,ICP,0.3,5019,1615299,1620318,3,
2026-05-26 20:09:45,ICP,0.1,5020,3682068,3687088,2,
2026-05-26 20:11:45,ICP,1915.8,950391,49609,1000000,2,
2026-05-26 20:12:45,ICP,0.1,11676,11601008,11612684,7,
2026-05-26 20:14:45,ICP,145.4,637538,438579,1076117,3,
2026-05-26 20:15:45,ICP,125.2,2504284,2000000,4504284,8,
2026-05-26 20:18:45,ICP,9999.0,5020,0,5020,1,
2026-05-26 20:19:45,ICP,9999.0,20115,0,20115,1,
2026-05-26 20:20:45,ICP,9999.0,110040,0,110040,3,
2026-05-26 20:21:45,ICP,9999.0,10035,0,10035,2,
2026-05-26 20:22:45,ICP,9999.0,19500,0,19500,1,
2026-05-26 20:23:45,ICP,8.5,255198,3001576,3256774,4,
2026-05-26 20:24:45,ICP,121.3,6654794,5487977,12142771,7,
2026-05-26 20:26:45,ICP,0.4,20755,4747310,4768064,5,
2026-05-26 20:28:45,ICP,9999.0,572635,0,572635,3,
2026-05-26 20:31:45,ICP,31.3,178148,568338,746486,7,
2026-05-26 20:33:45,ICP,20020.3,1005017,5020,1010037,4,
2026-05-26 20:34:45,ICP,0.0,0,1613541,1613541,4,
2026-05-26 20:35:45,ICP,9999.0,2605914,0,2605914,1,
2026-05-26 20:36:45,ICP,9999.0,40350,0,40350,1,
2026-05-26 20:37:45,ICP,9999.0,1074590,0,1074590,3,
2026-05-26 20:38:45,ICP,9999.0,5019,0,5019,1,
2026-05-26 20:39:45,ICP,9999.0,5018,0,5018,1,
2026-05-26 20:41:45,ICP,0.0,0,1641580,1641580,3,
2026-05-26 20:42:45,ICP,0.0,0,707849,707849,2,
2026-05-26 20:43:45,ICP,0.0,0,260753,260753,2,
2026-05-26 20:45:45,ICP,0.0,0,20225000,20225000,6,
2026-05-26 20:46:45,ICP,308.5,429199,139137,568337,3,
2026-05-26 20:49:45,ICP,2311.9,5735457,248083,5983540,5,
2026-05-26 20:50:45,ICP,5.0,24340,487164,511504,7,
2026-05-26 20:51:45,ICP,9.0,1504764,16755493,18260257,13,
2026-05-26 20:52:45,ICP,9999.0,783693,0,783693,2,
2026-05-26 20:53:45,ICP,0.0,0,49950,49950,1,
2026-05-26 20:54:45,ICP,9999.0,984155,0,984155,3,
2026-05-26 20:55:45,ICP,41.1,5018,12222,17240,2,
2026-05-26 20:56:45,ICP,0.0,0,12222,12222,1,
2026-05-26 20:57:45,ICP,34.6,189880,548865,738745,2,
2026-05-26 20:58:45,ICP,1.0,5018,500000,505018,2,
2026-05-26 20:59:45,ICP,0.0,0,1469581,1469581,4,
2026-05-26 21:00:45,ICP,0.0,0,5375619,5375619,1,
2026-05-26 21:01:45,ICP,9999.0,35000,0,35000,1,
2026-05-26 21:02:45,ICP,9999.0,807165,0,807165,2,
2026-05-26 21:03:45,ICP,0.0,0,5303694,5303694,2,
2026-05-26 21:04:45,ICP,0.0,0,515063,515063,1,
2026-05-26 21:05:45,ICP,6.7,10000,150261,160261,3,
2026-05-26 21:06:45,ICP,0.0,0,3817870,3817870,8,
2026-05-26 21:07:45,ICP,0.0,0,364339,364339,1,
2026-05-26 21:08:45,ICP,71.8,933187,1300000,2233187,4,
2026-05-26 21:09:45,ICP,0.0,0,6895,6895,1,
2026-05-26 21:10:45,ICP,415.2,2511931,605018,3116949,4,
2026-05-26 21:11:45,ICP,9999.0,5018,0,5018,1,
2026-05-26 21:12:45,ICP,252.6,8821003,3491604,12312607,8,
2026-05-26 21:13:45,ICP,0.0,0,247557,247557,1,
2026-05-26 21:14:45,ICP,9999.0,5018,0,5018,1,
2026-05-26 21:15:45,ICP,9999.0,442569,0,442569,2,
2026-05-26 21:17:45,ICP,0.0,0,522246,522246,1,
2026-05-26 21:18:45,ICP,0.0,0,212262,212262,2,
2026-05-26 21:19:45,ICP,216.8,7326815,3380153,10706968,13,
2026-05-26 21:20:45,ICP,4.8,22013,454005,476018,5,
2026-05-26 21:21:45,ICP,0.0,0,99284,99284,1,
2026-05-26 21:22:45,ICP,0.0,0,3187,3187,1,
2026-05-26 21:23:45,ICP,0.0,0,1129180,1129180,4,
2026-05-26 21:24:45,ICP,0.8,20000,2628818,2648818,6,
2026-05-26 21:29:45,ICP,9999.0,1762790,0,1762790,3,
2026-05-26 21:30:45,ICP,40.5,7090269,17519609,24609878,22,
2026-05-26 21:31:45,ICP,15.3,258632,1685179,1943811,5,
2026-05-26 21:32:45,ICP,9999.0,1126604,0,1126604,4,
2026-05-26 21:33:45,ICP,0.0,0,1786780,1786780,5,
2026-05-26 21:34:45,ICP,0.6,34009,5995422,6029431,11,
2026-05-26 21:35:45,ICP,0.0,0,514271,514271,1,
2026-05-26 21:36:45,ICP,9999.0,5018,0,5018,1,
2026-05-26 21:37:45,ICP,0.0,0,504681,504681,1,
2026-05-26 21:38:45,ICP,0.0,0,3831185,3831185,7,
2026-05-26 21:39:45,ICP,0.0,0,44482825,44482825,10,
2026-05-26 21:41:45,ICP,9999.0,5018,0,5018,1,
2026-05-26 21:43:45,ICP,0.0,0,1613704,1613704,4,
2026-05-26 21:44:45,ICP,106.4,6600053,6204823,12804876,4,
2026-05-26 21:48:45,ICP,3.0,5897,194891,200788,2,
2026-05-26 21:49:45,ICP,0.0,0,4054326,4054326,7,
2026-05-26 21:50:45,ICP,0.0,0,200517,200517,2,
2026-05-26 21:51:45,ICP,62.0,562951,908482,1471433,7,
2026-05-26 21:52:45,ICP,9999.0,256576,0,256576,1,
2026-05-26 21:53:45,ICP,0.5,5018,999000,1004018,5,
2026-05-26 21:54:45,ICP,0.0,0,5018,5018,1,
2026-05-26 21:58:45,ICP,9999.0,8064967,0,8064967,5,
2026-05-26 21:59:45,ICP,9999.0,5018,0,5018,1,
2026-05-26 22:01:45,ICP,0.0,0,1034064,1034064,2,
2026-05-26 22:02:45,ICP,0.7,5018,674979,679997,2,
2026-05-26 22:03:45,ICP,26.0,6063702,23314733,29378435,17,
2026-05-26 22:04:45,ICP,0.0,0,20152300,20152300,16,
2026-05-26 22:05:45,ICP,0.0,0,3179470,3179470,4,
2026-05-26 22:07:45,ICP,9999.0,10487803,0,10487803,7,
2026-05-26 22:08:45,ICP,9999.0,2531559,0,2531559,1,
2026-05-26 22:09:45,ICP,0.0,0,50025,50025,1,
2026-05-26 22:10:45,ICP,9999.0,5838540,0,5838540,1,
2026-05-26 22:11:45,ICP,598.1,786020,131426,917445,3,
2026-05-26 22:12:45,ICP,0.3,5018,1523054,1528072,5,
2026-05-26 22:13:45,ICP,9999.0,470002,0,470002,1,
2026-05-26 22:16:45,ICP,15.7,593511,3779215,4372727,10,
2026-05-26 22:20:45,ICP,0.0,0,1572911,1572911,3,
2026-05-26 22:21:45,ICP,0.5,20180,4000000,4020180,3,
2026-05-26 22:22:45,ICP,1144.0,1507754,131796,1639550,4,
2026-05-26 22:23:45,ICP,495.1,4356098,879912,5236010,4,
2026-05-26 22:25:45,ICP,0.0,0,17406,17406,1,
2026-05-26 22:28:45,ICP,0.0,0,8069,8069,1,
2026-05-26 22:29:45,ICP,9999.0,813080,0,813080,1,
2026-05-26 22:31:45,ICP,275.5,7278295,2641719,9920014,13,
2026-05-26 22:33:45,ICP,26.1,2701482,10356262,13057744,3,
2026-05-26 22:34:45,ICP,0.0,0,3021959,3021959,2,
2026-05-26 22:36:45,ICP,0.0,0,1985389,1985389,3,
2026-05-26 22:37:45,ICP,0.0,0,176329,176329,1,
2026-05-26 22:38:45,ICP,0.0,0,691307,691307,2,
2026-05-26 22:39:45,ICP,9.1,20150,220910,241060,2,
2026-05-26 22:42:45,ICP,9999.0,348042,0,348042,1,
2026-05-26 22:43:45,ICP,0.7,11300,1640144,1651444,3,
2026-05-26 22:44:45,ICP,0.0,0,2968436,2968436,4,
2026-05-26 22:45:45,ICP,1.1,32547,3019410,3051958,2,
2026-05-26 22:46:45,ICP,50.6,1679401,3321834,5001235,8,
2026-05-26 22:48:45,ICP,9999.0,31952,0,31952,2,
2026-05-26 22:49:45,ICP,9999.0,74366,0,74366,5,
2026-05-26 22:50:45,ICP,17.6,170099,965052,1135152,4,
2026-05-26 22:51:45,ICP,2113.3,1857138,87880,1945018,6,
2026-05-26 22:52:45,ICP,207.3,1137506,548780,1686287,7,
2026-05-26 22:53:45,ICP,33.2,296453,892588,1189041,7,
2026-05-26 22:55:45,ICP,355.9,4053940,1138979,5192919,5,
2026-05-26 22:56:45,ICP,9999.0,134918,0,134918,3,
2026-05-26 22:57:45,ICP,9999.0,70385,0,70385,2,
2026-05-26 22:59:45,ICP,0.0,0,154560,154560,2,
2026-05-26 23:00:45,ICP,54.2,591383,1090665,1682048,5,
2026-05-26 23:01:45,ICP,9999.0,206288,0,206288,1,
2026-05-26 23:02:45,ICP,171.2,305555,178441,483996,4,
2026-05-26 23:03:45,ICP,0.0,0,157900,157900,1,
2026-05-26 23:06:45,ICP,9999.0,6050,0,6050,1,
2026-05-26 23:07:45,ICP,5.3,15008,282214,297222,7,
2026-05-26 23:08:45,ICP,0.0,0,425021,425021,4,
2026-05-26 23:11:45,ICP,9999.0,40420,0,40420,2,
2026-05-26 23:14:45,ICP,8.9,20000,225911,245911,6,
2026-05-26 23:15:45,ICP,76.5,430852,563374,994226,2,
2026-05-26 23:16:45,ICP,53.0,1096318,2067917,3164236,6,
2026-05-26 23:17:45,ICP,0.0,0,166143,166143,2,
2026-05-26 23:19:45,ICP,9999.0,5781803,0,5781803,4,
2026-05-26 23:20:45,ICP,0.0,0,3184504,3184504,9,
2026-05-26 23:21:45,ICP,0.0,0,7087593,7087593,6,
2026-05-26 23:22:45,ICP,9999.0,173335,0,173335,2,
2026-05-26 23:23:45,ICP,16.0,624702,3898622,4523324,12,
2026-05-26 23:24:45,ICP,9999.0,1192930,0,1192930,11,
2026-05-26 23:25:45,ICP,0.0,0,197742,197742,1,
2026-05-26 23:26:45,ICP,516.5,49151,9516,58667,2,
2026-05-26 23:28:45,ICP,0.0,0,51684,51684,1,
2026-05-26 23:29:45,ICP,0.0,0,5095,5095,1,
2026-05-26 23:30:45,ICP,761.4,2238796,294029,2532825,10,
2026-05-26 23:31:45,ICP,9.8,306757,3131272,3438029,13,
2026-05-26 23:32:45,ICP,9999.0,55060,0,55060,1,
2026-05-26 23:33:45,ICP,50.7,4545516,8958559,13504075,14,
2026-05-26 23:34:45,ICP,9999.0,1398118,0,1398118,2,
2026-05-26 23:35:45,ICP,9999.0,4541408,0,4541408,3,
2026-05-26 23:36:45,ICP,0.0,0,8714168,8714168,12,
2026-05-26 23:37:45,ICP,0.0,0,1998522,1998522,4,
2026-05-26 23:38:45,ICP,0.0,0,7212879,7212879,9,
2026-05-26 23:39:45,ICP,0.9,57815,6672918,6730732,10,
2026-05-26 23:40:45,ICP,495.6,5098491,1028850,6127341,17,
2026-05-26 23:42:45,ICP,641.2,10107564,1576402,11683965,6,
2026-05-26 23:43:45,ICP,467.0,7707398,1650534,9357932,11,
2026-05-26 23:44:45,ICP,9999.0,45001,0,45001,1,
2026-05-26 23:45:45,ICP,9999.0,780650,0,780650,4,
2026-05-26 23:46:45,ICP,0.0,0,1118935,1118935,1,
2026-05-26 23:47:45,ICP,9999.0,3816961,0,3816961,6,
2026-05-26 23:48:45,ICP,9999.0,9707934,0,9707934,14,
2026-05-26 23:50:45,ICP,9999.0,1111601,0,1111601,3,
2026-05-26 23:51:45,ICP,9999.0,12437120,0,12437120,12,
2026-05-26 23:52:45,ICP,0.0,0,598872,598872,4,
2026-05-26 23:53:45,ICP,9999.0,5018,0,5018,1,
2026-05-26 23:54:45,ICP,0.0,0,6557412,6557412,3,
2026-05-26 23:55:45,ICP,0.0,0,10667190,10667190,5,
2026-05-26 23:57:45,ICP,0.0,0,2797221,2797221,3,
2026-05-27 00:00:45,ICP,4.6,871592,19001212,19872804,13,
2026-05-27 00:02:45,ICP,0.0,0,1942848,1942848,3,
2026-05-27 00:03:45,ICP,20.1,710940,3534514,4245454,15,
2026-05-27 00:04:45,ICP,140.0,6945023,4960015,11905038,9,
2026-05-27 00:05:45,ICP,9999.0,3266011,0,3266011,10,
2026-05-27 00:07:45,ICP,0.0,0,58654,58654,2,
2026-05-27 00:08:45,ICP,9999.0,5164357,0,5164357,3,
2026-05-27 00:10:45,ICP,9999.0,1053144,0,1053144,3,
2026-05-27 00:12:45,ICP,177.5,532311,299933,832244,5,
2026-05-27 00:14:45,ICP,9999.0,8020,0,8020,1,
2026-05-27 00:15:45,ICP,9999.0,332506,0,332506,4,
2026-05-27 00:16:45,ICP,9999.0,8038,0,8038,1,
2026-05-27 00:17:45,ICP,9999.0,40190,0,40190,1,
2026-05-27 00:18:45,ICP,9999.0,281640,0,281640,7,
2026-05-27 00:19:45,ICP,67.6,964641,1425989,2390630,11,
2026-05-27 00:20:45,ICP,9999.0,293405,0,293405,3,
2026-05-27 00:21:45,ICP,9999.0,840854,0,840854,3,
2026-05-27 00:22:45,ICP,4136.2,1798655,43486,1842141,4,
2026-05-27 00:23:45,ICP,69.2,4148921,5991483,10140404,13,
2026-05-27 00:25:45,ICP,0.0,0,106973,106973,2,
2026-05-27 00:28:45,ICP,477.2,1879122,393800,2272923,6,
2026-05-27 00:29:45,ICP,1240.0,118007,9517,127524,3,
2026-05-27 00:30:45,ICP,0.0,0,100000,100000,1,
2026-05-27 00:31:45,ICP,216.7,216621,99950,316571,3,
2026-05-27 00:32:45,ICP,585.1,2644228,451899,3096127,6,
2026-05-27 00:34:45,ICP,0.0,0,159960,159960,1,
2026-05-27 00:36:45,ICP,0.0,0,13153,13153,2,
2026-05-27 00:37:45,ICP,0.0,0,6218,6218,1,
2026-05-27 00:41:45,ICP,103.1,80231,77840,158072,2,
2026-05-27 00:45:45,ICP,0.0,0,1736506,1736506,3,
2026-05-27 00:46:45,ICP,0.0,0,85892,85892,1,
2026-05-27 00:52:45,ICP,9999.0,5543,0,5543,1,
2026-05-27 00:53:45,ICP,15.0,83983,559746,643729,3,
2026-05-27 00:55:46,ICP,9999.0,87954,0,87954,1,
2026-05-27 00:56:46,ICP,9999.0,174747,0,174747,2,
2026-05-27 00:58:46,ICP,9999.0,6707,0,6707,1,
2026-05-27 00:59:46,ICP,9999.0,157747,0,157747,2,
2026-05-27 01:00:46,ICP,9999.0,420240,0,420240,2,
2026-05-27 01:02:46,ICP,0.0,0,99950,99950,1,
2026-05-27 01:05:46,ICP,9999.0,379722,0,379722,1,
2026-05-27 01:08:46,ICP,9999.0,1705108,0,1705108,2,
2026-05-27 01:10:46,ICP,9999.0,89844,0,89844,1,
2026-05-27 01:11:46,ICP,9999.0,350000,0,350000,1,
2026-05-27 01:12:46,ICP,10.5,101529,967346,1068875,6,
2026-05-27 01:13:46,ICP,0.6,5859,932654,938513,3,
2026-05-27 01:14:46,ICP,0.0,0,10986,10986,1,
2026-05-27 01:15:46,ICP,9999.0,23416,0,23416,1,
2026-05-27 01:16:46,ICP,0.0,0,5017,5017,1,
2026-05-27 01:18:46,ICP,0.0,0,8863124,8863124,1,
2026-05-27 01:19:46,ICP,828.6,869774,104966,974740,3,
2026-05-27 01:20:46,ICP,0.0,0,1922284,1922284,2,
2026-05-27 01:21:46,ICP,11.3,178270,1575240,1753510,4,
2026-05-27 01:23:46,ICP,0.0,0,1358779,1358779,2,
2026-05-27 01:24:46,ICP,30.2,570402,1888889,2459291,4,
2026-05-27 01:25:46,ICP,0.0,0,2469270,2469270,9,
2026-05-27 01:26:46,ICP,9999.0,6017,0,6017,1,
2026-05-27 01:27:46,ICP,0.0,0,9517,9517,1,
2026-05-27 01:28:46,ICP,19.0,627637,3306426,3934063,7,
2026-05-27 01:29:46,ICP,9999.0,565743,0,565743,2,
2026-05-27 01:31:46,ICP,0.0,0,1229424,1229424,2,
2026-05-27 01:32:46,ICP,0.0,0,3311667,3311667,10,
2026-05-27 01:33:46,ICP,0.6,49121,8799615,8848735,3,
2026-05-27 01:34:46,ICP,0.0,0,130934,130934,1,
2026-05-27 01:41:46,ICP,9999.0,30000,0,30000,1,
2026-05-27 01:46:46,ICP,9999.0,1754581,0,1754581,1,
2026-05-27 01:49:46,ICP,72.3,5837,8074,13911,2,
2026-05-27 01:50:46,ICP,12.7,905423,7132421,8037843,7,
2026-05-27 01:54:46,ICP,9999.0,94434,0,94434,1,
2026-05-27 01:55:46,ICP,9999.0,565643,0,565643,2,
2026-05-27 01:56:46,ICP,9999.0,56046,0,56046,1,
2026-05-27 02:00:46,ICP,119.1,8288,6962,15250,2,
2026-05-27 02:02:46,ICP,9999.0,501362,0,501362,2,
2026-05-27 02:05:46,ICP,0.0,0,511100,511100,2,
2026-05-27 02:09:46,ICP,9999.0,30986,0,30986,1,
2026-05-27 02:11:46,ICP,9999.0,6050,0,6050,1,
2026-05-27 02:13:46,ICP,171.2,259599,151649,411248,2,
2026-05-27 02:14:46,ICP,0.0,0,10000,10000,1,
2026-05-27 02:18:46,ICP,0.0,0,1258468,1258468,7,
2026-05-27 02:19:46,ICP,0.0,0,17578288,17578288,17,
2026-05-27 02:20:46,ICP,0.0,0,18114968,18114968,26,
2026-05-27 02:21:46,ICP,70.2,495623,706365,1201988,7,
2026-05-27 02:22:46,ICP,0.3,5876,1813853,1819729,5,
2026-05-27 02:23:46,ICP,68.2,1103315,1618613,2721928,17,
2026-05-27 02:24:46,ICP,0.0,0,27126,27126,1,
2026-05-27 02:25:46,ICP,0.0,0,47532,47532,1,
2026-05-27 02:26:46,ICP,0.8,10000,1185164,1195164,9,
2026-05-27 02:27:46,ICP,0.0,0,442708,442708,3,
2026-05-27 02:28:46,ICP,0.0,0,1957081,1957081,7,
2026-05-27 02:29:46,ICP,33.7,7637771,22683386,30321157,56,
2026-05-27 02:30:46,ICP,3.9,48041,1233915,1281956,8,
2026-05-27 02:31:46,ICP,9999.0,22438,0,22438,1,
2026-05-27 02:32:46,ICP,48.3,62121,128721,190842,3,
2026-05-27 02:35:46,ICP,9999.0,43809,0,43809,1,
2026-05-27 02:36:46,ICP,9.5,7586,79680,87265,3,
2026-05-27 02:37:46,ICP,381.6,1886500,494348,2380848,8,
2026-05-27 02:38:46,ICP,0.0,0,974062,974062,3,
2026-05-27 02:39:46,ICP,12.7,6014,47508,53522,2,
2026-05-27 02:45:46,ICP,9999.0,1272000,0,1272000,4,
2026-05-27 02:47:46,ICP,0.0,0,405614,405614,1,
2026-05-27 02:49:46,ICP,9999.0,56492,0,56492,1,
2026-05-27 02:54:46,ICP,9999.0,49993,0,49993,2,
2026-05-27 02:55:46,ICP,0.0,0,8074,8074,1,
2026-05-27 02:59:46,ICP,17.1,270392,1577386,1847778,6,
2026-05-27 03:02:46,ICP,0.0,0,1441030,1441030,2,
2026-05-27 03:06:46,ICP,0.0,0,573687,573687,2,
2026-05-27 03:09:46,ICP,0.0,0,360483,360483,4,
2026-05-27 03:11:46,ICP,0.0,0,3000000,3000000,5,
2026-05-27 03:15:46,ICP,9999.0,5851,0,5851,1,
2026-05-27 03:17:46,ICP,105.2,5988848,5693266,11682114,11,
2026-05-27 03:20:46,ICP,9999.0,44507,0,44507,1,
2026-05-27 03:21:46,ICP,9999.0,153046,0,153046,2,
2026-05-27 03:22:46,ICP,9999.0,10106,0,10106,1,
2026-05-27 03:24:46,ICP,14.7,103188,700120,803308,8,
2026-05-27 03:25:46,ICP,12.4,420400,3383154,3803554,8,
2026-05-27 03:26:46,ICP,0.0,0,257842,257842,2,
2026-05-27 03:28:46,ICP,0.0,0,398500,398500,2,
2026-05-27 03:29:46,ICP,9999.0,1305062,0,1305062,4,
2026-05-27 03:30:46,ICP,9999.0,5095,0,5095,1,
2026-05-27 03:31:46,ICP,0.0,0,2192964,2192964,5,
2026-05-27 03:37:46,ICP,0.0,0,17272,17272,1,
2026-05-27 03:38:46,ICP,0.0,0,140593,140593,2,
2026-05-27 03:40:46,ICP,0.0,0,242825,242825,3,
2026-05-27 03:41:46,ICP,0.0,0,12377,12377,1,
2026-05-27 03:43:46,ICP,0.0,0,5077,5077,1,
2026-05-27 03:44:46,ICP,9999.0,132129,0,132129,2,
2026-05-27 03:45:46,ICP,9999.0,658471,0,658471,2,
2026-05-27 03:48:46,ICP,0.0,0,496688,496688,1,
2026-05-27 03:52:46,ICP,9999.0,218057,0,218057,2,
2026-05-27 03:56:46,ICP,0.0,0,497065,497065,1,
2026-05-27 03:57:46,ICP,0.0,0,282747,282747,1,
2026-05-27 03:58:46,ICP,0.0,0,303436,303436,4,
2026-05-27 04:08:46,ICP,0.0,0,1709925,1709925,1,
2026-05-27 04:09:46,ICP,0.0,0,18611,18611,2,
2026-05-27 04:10:46,ICP,9999.0,1456097,0,1456097,2,
2026-05-27 04:15:46,ICP,0.0,0,225080,225080,2,
2026-05-27 04:18:46,ICP,9.2,395385,4286386,4681771,2,
2026-05-27 04:19:46,ICP,9999.0,461954,0,461954,1,
2026-05-27 04:22:46,ICP,0.0,0,28681,28681,1,
2026-05-27 04:35:46,ICP,0.0,0,801890,801890,2,
2026-05-27 04:36:46,ICP,0.0,0,9515,9515,1,
2026-05-27 04:39:46,ICP,0.0,0,119626,119626,1,
2026-05-27 04:45:46,ICP,0.0,0,802092,802092,1,
2026-05-27 04:56:46,ICP,248.6,20076,8074,28150,2,
2026-05-27 05:03:46,ICP,0.0,0,7010,7010,1,
2026-05-27 05:06:46,ICP,9999.0,250000,0,250000,1,
2026-05-27 05:10:46,ICP,0.0,0,100000,100000,1,
2026-05-27 05:12:46,ICP,0.0,0,100000,100000,1,
2026-05-27 05:21:46,ICP,0.0,0,10972,10972,1,
2026-05-27 05:22:46,ICP,0.0,0,49042,49042,1,
2026-05-27 05:26:46,ICP,1621.2,1605414,99028,1704442,6,
2026-05-27 05:32:46,ICP,9999.0,810463,0,810463,3,
2026-05-27 05:33:46,ICP,0.0,0,58699,58699,2,
2026-05-27 05:35:46,ICP,31.9,2917430,9152603,12070033,5,
2026-05-27 05:36:46,ICP,9999.0,55186,0,55186,1,
2026-05-27 05:38:46,ICP,629.5,1634386,259640,1894027,7,
2026-05-27 05:39:46,ICP,0.0,0,90826,90826,1,
2026-05-27 05:44:46,ICP,0.0,0,1644563,1644563,1,
2026-05-27 05:45:46,ICP,0.0,0,12979,12979,2,
2026-05-27 06:01:46,ICP,0.0,0,1645809,1645809,1,
2026-05-27 06:02:46,ICP,0.0,0,1135881,1135881,1,
2026-05-27 06:03:46,ICP,0.0,0,114863,114863,3,
2026-05-27 06:04:46,ICP,0.0,0,108074,108074,2,
2026-05-27 06:11:46,ICP,0.0,0,100000,100000,1,
2026-05-27 06:13:46,ICP,0.0,0,8462,8462,1,
2026-05-27 06:16:46,ICP,0.0,0,1000000,1000000,1,
2026-05-27 06:21:46,ICP,0.0,0,9719,9719,1,
2026-05-27 06:33:46,ICP,9999.0,552977,0,552977,2,
2026-05-27 06:37:46,ICP,0.0,0,5645,5645,1,
2026-05-27 06:39:46,ICP,9999.0,1270947,0,1270947,2,
2026-05-27 06:42:46,ICP,9999.0,1628705,0,1628705,1,
2026-05-27 06:45:46,ICP,0.0,0,39514,39514,2,
2026-05-27 06:48:46,ICP,266.8,3622145,1357483,4979628,6,
2026-05-27 06:49:46,ICP,6.7,10000,149774,159774,3,
2026-05-27 06:50:46,ICP,0.0,0,2999436,2999436,4,
2026-05-27 06:54:46,ICP,0.0,0,2393844,2393844,3,
2026-05-27 06:55:46,ICP,0.0,0,785600,785600,1,
2026-05-27 06:57:46,ICP,9999.0,2524467,0,2524467,4,
2026-05-27 07:00:46,ICP,9999.0,1465184,0,1465184,1,
2026-05-27 07:01:46,ICP,0.0,0,1465184,1465184,1,
2026-05-27 07:05:46,ICP,0.0,0,2210731,2210731,2,
2026-05-27 07:12:46,ICP,579.2,17413203,3006485,20419688,9,
2026-05-27 07:13:46,ICP,0.0,0,1542689,1542689,9,
2026-05-27 07:26:46,ICP,9999.0,14982,0,14982,1,
2026-05-27 07:28:46,ICP,9999.0,695178,0,695178,2,
2026-05-27 07:30:46,ICP,0.0,0,234494,234494,2,
2026-05-27 07:33:46,ICP,9999.0,676802,0,676802,1,
2026-05-27 07:35:46,ICP,9999.0,643928,0,643928,1,
2026-05-27 07:37:46,ICP,0.0,0,2088283,2088283,6,
2026-05-27 07:44:46,ICP,0.0,0,6226,6226,1,
2026-05-27 07:45:46,ICP,714.9,1807853,252895,2060748,5,
2026-05-27 07:49:46,ICP,0.0,0,116993,116993,1,
2026-05-27 07:50:46,ICP,152.5,2220402,1455747,3676148,7,
2026-05-27 07:51:46,ICP,0.0,0,1432133,1432133,9,
2026-05-27 07:55:46,ICP,0.0,0,700129,700129,2,
2026-05-27 07:56:46,ICP,0.0,0,6507,6507,1,
2026-05-27 08:00:47,ICP,9999.0,1561349,0,1561349,4,
2026-05-27 08:03:47,ICP,9999.0,300000,0,300000,2,
2026-05-27 08:06:47,ICP,9999.0,10000,0,10000,1,
2026-05-27 08:09:47,ICP,9999.0,95063,0,95063,1,
2026-05-27 08:10:47,ICP,15209.9,3141291,20653,3161944,6,
2026-05-27 08:13:47,ICP,9999.0,922555,0,922555,2,
2026-05-27 08:14:47,ICP,0.0,0,274256,274256,1,
2026-05-27 08:17:47,ICP,9999.0,7009216,0,7009216,7,
2026-05-27 08:18:47,ICP,6.8,254893,3738202,3993095,8,
2026-05-27 08:22:47,ICP,9999.0,891898,0,891898,2,
2026-05-27 08:26:47,ICP,0.0,0,8074,8074,1,
2026-05-27 08:29:47,ICP,9999.0,773589,0,773589,2,
2026-05-27 08:38:47,ICP,9999.0,1733033,0,1733033,4,
2026-05-27 08:39:47,ICP,9999.0,304116,0,304116,1,
2026-05-27 08:40:47,ICP,24.1,107200,444272,551472,2,
2026-05-27 08:42:47,ICP,0.0,0,212260,212260,1,
2026-05-27 08:44:47,ICP,0.0,0,94413,94413,2,
2026-05-27 08:48:47,ICP,44270.1,2381515,5380,2386894,7,
2026-05-27 08:50:47,ICP,3332.7,493670,14813,508483,2,
2026-05-27 08:51:47,ICP,2330.1,1627861,69861,1697723,6,
2026-05-27 08:53:47,ICP,9999.0,1552403,0,1552403,5,
2026-05-27 08:57:47,ICP,50.6,397191,784208,1181399,2,
2026-05-27 08:58:47,ICP,1936.4,9956564,514178,10470742,9,
2026-05-27 08:59:47,ICP,80.9,1298835,1604912,2903747,6,
2026-05-27 09:00:47,ICP,0.0,0,197913,197913,1,
2026-05-27 09:02:47,ICP,9999.0,246246,0,246246,1,
2026-05-27 09:06:47,ICP,9999.0,158930,0,158930,1,
2026-05-27 09:08:47,ICP,6329.1,852167,13464,865631,5,
2026-05-27 09:11:47,ICP,266.7,6931819,2598875,9530694,10,
2026-05-27 09:12:47,ICP,0.0,0,333957,333957,1,
2026-05-27 09:14:47,ICP,60.9,1991495,3268093,5259588,7,
2026-05-27 09:15:47,ICP,0.0,0,1843369,1843369,4,
2026-05-27 09:16:47,ICP,9999.0,106281,0,106281,1,
2026-05-27 09:17:47,ICP,9999.0,1562756,0,1562756,5,
2026-05-27 09:19:47,ICP,0.0,0,39496,39496,2,
2026-05-27 09:20:47,ICP,0.0,0,498277,498277,2,
2026-05-27 09:21:47,ICP,9999.0,50502,0,50502,1,
2026-05-27 09:22:47,ICP,9999.0,795051,0,795051,2,
2026-05-27 09:23:47,ICP,67.1,656051,977605,1633656,6,
2026-05-27 09:24:47,ICP,153.0,1762954,1152138,2915092,7,
2026-05-27 09:26:47,ICP,9999.0,396800,0,396800,1,
2026-05-27 09:29:47,ICP,9999.0,206705,0,206705,1,
2026-05-27 09:31:47,ICP,9999.0,530000,0,530000,2,
2026-05-27 09:32:47,ICP,9999.0,3545710,0,3545710,7,
2026-05-27 09:34:47,ICP,77.3,270776,350240,621016,3,
2026-05-27 09:35:47,ICP,14054.4,1701360,12106,1713466,6,
2026-05-27 09:38:47,ICP,9999.0,7984,0,7984,1,
2026-05-27 09:40:47,ICP,31.4,31964,101810,133774,5,
2026-05-27 09:41:47,ICP,9999.0,251658,0,251658,2,
2026-05-27 09:42:47,ICP,4.1,626397,15201532,15827929,36,
2026-05-27 09:43:47,ICP,0.0,0,438792,438792,2,
2026-05-27 09:44:47,ICP,0.0,0,256213,256213,4,
2026-05-27 09:46:47,ICP,243.6,1426906,585684,2012590,6,
2026-05-27 09:47:47,ICP,2.9,144002,5027179,5171182,3,
2026-05-27 09:48:47,ICP,9999.0,71892,0,71892,1,
2026-05-27 09:50:47,ICP,0.1,7990,9131164,9139154,13,
2026-05-27 09:51:47,ICP,1.0,7990,784511,792501,3,
2026-05-27 09:52:47,ICP,270.7,3257469,1203434,4460902,18,
2026-05-27 09:53:47,ICP,194.2,6766862,3483928,10250790,13,
2026-05-27 09:55:47,ICP,26.4,908880,3447669,4356549,9,
2026-05-27 09:56:47,ICP,0.0,0,3056907,3056907,1,
2026-05-27 09:57:47,ICP,0.0,0,945521,945521,2,
2026-05-27 09:58:47,ICP,9999.0,133352,0,133352,10,
2026-05-27 09:59:47,ICP,9999.0,2506702,0,2506702,6,
2026-05-27 10:02:47,ICP,0.0,0,7923738,7923738,15,
2026-05-27 10:03:47,ICP,0.0,0,12000,12000,1,
2026-05-27 10:05:47,ICP,0.0,0,931686,931686,4,
2026-05-27 10:06:47,ICP,1.1,11740,1068314,1080054,4,
2026-05-27 10:09:47,ICP,3.2,5721,181624,187345,3,
2026-05-27 10:10:47,ICP,0.0,0,78819,78819,1,
2026-05-27 10:13:47,ICP,9999.0,1939609,0,1939609,9,
2026-05-27 10:14:47,ICP,9999.0,789785,0,789785,2,
2026-05-27 10:15:47,ICP,0.0,0,199554,199554,1,
2026-05-27 10:16:47,ICP,3928.8,17896640,455527,18352167,11,
2026-05-27 10:18:47,ICP,753.4,6119267,812191,6931458,8,
2026-05-27 10:19:47,ICP,9999.0,563608,0,563608,2,
2026-05-27 10:20:47,ICP,16.1,5764813,35891471,41656283,22,
2026-05-27 10:21:47,ICP,14.0,1051224,7523964,8575188,21,
2026-05-27 10:22:47,ICP,15.8,327707,2080252,2407959,6,
2026-05-27 10:23:47,ICP,0.0,0,994751,994751,6,
2026-05-27 10:25:47,ICP,17.2,142415,829594,972009,8,
2026-05-27 10:26:47,ICP,15.6,890861,5707930,6598791,11,
2026-05-27 10:27:47,ICP,9999.0,2781775,0,2781775,3,
2026-05-27 10:28:47,ICP,9999.0,1290560,0,1290560,1,
2026-05-27 10:29:47,ICP,9999.0,3902,0,3902,1,
2026-05-27 10:30:47,ICP,9999.0,1321879,0,1321879,9,
2026-05-27 10:31:47,ICP,108.4,17206127,15874560,33080687,42,
2026-05-27 10:32:47,ICP,53.6,2174702,4055432,6230135,13,
2026-05-27 10:33:47,ICP,53.9,1514253,2811923,4326176,6,
2026-05-27 10:34:47,ICP,0.0,0,3060126,3060126,3,
2026-05-27 10:35:47,ICP,0.0,0,4078950,4078950,7,
2026-05-27 10:36:47,ICP,1553308342.3,933109,0,933110,2,
2026-05-27 10:37:47,ICP,14.0,561002,4020000,4581002,4,
2026-05-27 10:38:47,ICP,9999.0,1000000,0,1000000,4,
2026-05-27 10:39:47,ICP,0.0,0,294704,294704,2,
2026-05-27 10:40:47,ICP,0.0,0,4027000,4027000,5,
2026-05-27 10:41:47,ICP,4.0,22360,566039,588399,3,
2026-05-27 10:42:47,ICP,9999.0,2095132,0,2095132,3,
2026-05-27 10:43:47,ICP,14.8,658511,4445975,5104487,6,
2026-05-27 10:44:47,ICP,0.0,0,324776,324776,1,
2026-05-27 10:45:47,ICP,0.0,0,8135306,8135306,13,
2026-05-27 10:46:47,ICP,0.0,0,1467690,1467690,2,
2026-05-27 10:47:47,ICP,9999.0,4193244,0,4193244,10,
2026-05-27 10:48:47,ICP,32.0,1001013,3129128,4130141,6,
2026-05-27 10:49:47,ICP,0.0,0,84215,84215,1,
2026-05-27 10:51:47,ICP,19.4,49975,257346,307321,5,
2026-05-27 10:52:47,ICP,9999.0,1148095,0,1148095,2,
2026-05-27 10:53:47,ICP,0.0,0,2081462,2081462,2,
2026-05-27 10:54:47,ICP,28.5,7773410,27276221,35049632,7,
2026-05-27 10:55:47,ICP,0.0,0,4544519,4544519,5,
2026-05-27 10:56:47,ICP,24.8,1002056,4035000,5037056,4,
2026-05-27 10:57:47,ICP,1.1,100000,9428190,9528190,11,
2026-05-27 10:58:47,ICP,19.5,3120521,16005129,19125650,9,
2026-05-27 10:59:47,ICP,0.0,0,22344646,22344646,12,
2026-05-27 11:00:47,ICP,0.0,0,501387,501387,1,
2026-05-27 11:02:47,ICP,0.0,0,11605681,11605681,7,
2026-05-27 11:03:47,ICP,29.9,849935,2844271,3694206,9,
2026-05-27 11:04:47,ICP,9999.0,403585,0,403585,1,
2026-05-27 11:05:47,ICP,9999.0,1120470,0,1120470,3,
2026-05-27 11:06:47,ICP,0.0,0,179788,179788,1,
2026-05-27 11:07:47,ICP,53.5,964940,1804873,2769813,7,
2026-05-27 11:08:47,ICP,0.0,0,5422399,5422399,15,
2026-05-27 11:09:47,ICP,0.0,0,4376893,4376893,7,
2026-05-27 11:10:47,ICP,1185.4,4900320,413387,5313708,7,
2026-05-27 11:11:47,ICP,3.0,103295,3399002,3502297,5,
2026-05-27 11:12:47,ICP,9999.0,530213,0,530213,1,
2026-05-27 11:13:47,ICP,132.5,388652,293329,681981,6,
2026-05-27 11:15:47,ICP,0.0,0,1269534,1269534,11,
2026-05-27 11:16:47,ICP,59.0,1440163,2442987,3883151,14,
2026-05-27 11:17:47,ICP,11.1,1201109,10817622,12018731,19,
2026-05-27 11:18:47,ICP,0.0,0,10158791,10158791,16,
2026-05-27 11:19:47,ICP,75.7,1500133,1981179,3481312,11,
2026-05-27 11:20:47,ICP,42.0,3864878,9201580,13066458,24,
2026-05-27 11:22:47,ICP,36.2,108470,300000,408470,3,
2026-05-27 11:23:47,ICP,31.1,518353,1664159,2182513,4,
2026-05-27 11:24:47,ICP,38.9,1969887,5064428,7034315,7,
2026-05-27 11:25:47,ICP,109.0,6156513,5649323,11805836,7,
2026-05-27 11:26:47,ICP,0.0,0,1304400,1304400,3,
2026-05-27 11:27:47,ICP,35.0,4381236,12521040,16902276,19,
2026-05-27 11:28:47,ICP,0.0,0,11400685,11400685,25,
2026-05-27 11:29:47,ICP,0.0,0,312135,312135,2,
2026-05-27 11:30:47,ICP,0.0,0,13286103,13286103,7,
2026-05-27 11:31:47,ICP,67.9,378466,557235,935701,2,
2026-05-27 11:32:47,ICP,0.0,0,2997431,2997431,4,
2026-05-27 11:33:47,ICP,0.0,0,3769992,3769992,4,
2026-05-27 11:34:47,ICP,0.0,0,469787,469787,4,
2026-05-27 11:35:47,ICP,4.3,10990,253222,264212,6,
2026-05-27 11:36:47,ICP,0.0,0,2609950,2609950,9,
2026-05-27 11:37:47,ICP,0.0,0,502289,502289,2,
2026-05-27 11:38:47,ICP,27.5,1799100,6543296,8342396,15,
2026-05-27 11:39:47,ICP,5.1,555143,10802606,11357748,12,
2026-05-27 11:40:47,ICP,22.1,1502934,6789212,8292146,8,
2026-05-27 11:41:47,ICP,0.0,0,3251881,3251881,6,
2026-05-27 11:42:47,ICP,0.0,0,498002,498002,1,
2026-05-27 11:44:47,ICP,0.0,0,321417,321417,2,
2026-05-27 11:45:47,ICP,23.3,279923,1200596,1480519,3,
2026-05-27 11:47:47,ICP,8.4,585702,6935101,7520803,14,
2026-05-27 11:48:47,ICP,225.5,102676,45540,148216,2,
2026-05-27 11:50:47,ICP,1.0,5510,571411,576921,5,
2026-05-27 11:51:47,ICP,103.2,557375,540333,1097708,3,
2026-05-27 11:52:47,ICP,1.8,14000,776608,790608,5,
2026-05-27 11:53:47,ICP,0.0,0,822360,822360,2,
2026-05-27 11:54:47,ICP,281.9,4667404,1655724,6323128,3,
2026-05-27 11:55:47,ICP,100.0,7000,6997,13997,2,
2026-05-27 11:56:47,ICP,9999.0,897040,0,897040,4,
2026-05-27 11:57:47,ICP,0.0,0,1555646,1555646,5,
2026-05-27 11:58:47,ICP,3.6,7000,194520,201520,5,
2026-05-27 11:59:47,ICP,171.8,638127,371430,1009556,3,
2026-05-27 12:00:47,ICP,9999.0,9033619,0,9033619,2,
2026-05-27 12:03:47,ICP,0.1,7016,9878399,9885415,11,
2026-05-27 12:04:47,ICP,0.0,0,601667,601667,4,
2026-05-27 12:05:47,ICP,767.6,1993654,259728,2253382,4,
2026-05-27 12:06:47,ICP,2821.4,1348389,47792,1396181,2,
2026-05-27 12:07:47,ICP,378.2,3333863,881606,4215469,11,
2026-05-27 12:08:47,ICP,2837.3,7098668,250189,7348857,9,
2026-05-27 12:09:47,ICP,137.1,3556582,2593344,6149925,11,
2026-05-27 12:10:47,ICP,0.0,0,1541659,1541659,2,
2026-05-27 12:11:47,ICP,0.0,0,1131116,1131116,2,
2026-05-27 12:12:47,ICP,9999.0,11534991,0,11534991,5,
2026-05-27 12:13:47,ICP,9999.0,3190352,0,3190352,7,
2026-05-27 12:14:47,ICP,14.1,106158,755215,861373,5,
2026-05-27 12:15:47,ICP,37.9,870774,2299976,3170750,10,
2026-05-27 12:16:47,ICP,3.9,505607,12939274,13444881,7,
2026-05-27 12:17:47,ICP,26.4,6901148,26110001,33011148,17,
2026-05-27 12:18:47,ICP,85.5,5938337,6948679,12887016,12,
2026-05-27 12:19:47,ICP,9999.0,93432,0,93432,1,
2026-05-27 12:20:47,ICP,0.0,0,2721069,2721069,3,
2026-05-27 12:21:47,ICP,36.9,9931065,26906938,36838003,21,
2026-05-27 12:22:47,ICP,89222.7,8922273,10000,8932273,3,
2026-05-27 12:24:47,ICP,0.0,0,1097866,1097866,3,
2026-05-27 12:25:47,ICP,9999.0,14237473,0,14237473,13,
2026-05-27 12:26:47,ICP,61.7,261405,423377,684782,7,
2026-05-27 12:27:47,ICP,9999.0,4714940,0,4714940,3,
2026-05-27 12:28:47,ICP,9999.0,179699,0,179699,6,
2026-05-27 12:29:47,ICP,313.2,3585807,1144914,4730721,16,
2026-05-27 12:30:47,ICP,12696.8,1923922,15153,1939075,3,
2026-05-27 12:31:47,ICP,51.4,627631,1220940,1848571,9,
2026-05-27 12:32:47,ICP,16.6,1002485,6039773,7042258,4,
2026-05-27 12:33:47,ICP,154.7,7850566,5075242,12925809,21,
2026-05-27 12:34:47,ICP,9999.0,7102125,0,7102125,6,
2026-05-27 12:35:47,ICP,1.7,33277,1993146,2026423,8,
2026-05-27 12:36:47,ICP,2.0,176770,8847485,9024254,16,
2026-05-27 12:37:47,ICP,111.6,2795110,2503752,5298862,8,
2026-05-27 12:38:47,ICP,0.0,0,9637,9637,1,
2026-05-27 12:39:47,ICP,0.0,0,95825,95825,1,
2026-05-27 12:40:47,ICP,9999.0,5982,0,5982,1,
2026-05-27 12:41:47,ICP,1.2,20000,1613379,1633379,4,
2026-05-27 12:42:47,ICP,9999.0,551687,0,551687,2,
2026-05-27 12:43:47,ICP,3.3,5946,178387,184332,3,
2026-05-27 12:44:47,ICP,9999.0,2669212,0,2669212,10,
2026-05-27 12:45:47,ICP,1.3,35435,2811678,2847114,6,
2026-05-27 12:46:47,ICP,5.9,371963,6262286,6634249,8,
2026-05-27 12:47:47,ICP,0.0,0,1889897,1889897,7,
2026-05-27 12:48:47,ICP,12.5,891571,7143559,8035130,21,
2026-05-27 12:49:47,ICP,0.0,0,714648,714648,3,
2026-05-27 12:50:47,ICP,0.0,0,152662,152662,1,
2026-05-27 12:51:47,ICP,0.0,0,362700,362700,2,
2026-05-27 12:54:47,ICP,9999.0,2238398,0,2238398,6,
2026-05-27 12:55:47,ICP,32.8,260888,796030,1056918,3,
2026-05-27 12:58:47,ICP,890.4,8215728,922721,9138449,17,
2026-05-27 12:59:47,ICP,9999.0,70685,0,70685,2,
2026-05-27 13:00:47,ICP,30.5,1581829,5190859,6772688,10,
2026-05-27 13:01:47,ICP,9999.0,2364479,0,2364479,2,
2026-05-27 13:02:47,ICP,0.0,0,26748734,26748734,14,
2026-05-27 13:05:47,ICP,13.2,814520,6158138,6972658,31,
2026-05-27 13:07:47,ICP,0.0,0,257024,257024,1,
2026-05-27 13:09:47,ICP,0.0,0,23107185,23107185,4,
2026-05-27 13:10:47,ICP,0.0,0,949881,949881,1,
2026-05-27 13:11:47,ICP,0.0,0,176968,176968,1,
2026-05-27 13:13:47,ICP,0.0,0,31066102,31066102,18,
2026-05-27 13:14:47,ICP,9999.0,230771,0,230771,2,
2026-05-27 13:15:47,ICP,0.0,0,16266927,16266927,10,
2026-05-27 13:16:47,ICP,0.0,0,31446594,31446594,27,
2026-05-27 13:17:47,ICP,42.0,7435700,17722718,25158419,23,
2026-05-27 13:18:47,ICP,0.0,0,12138719,12138719,11,
2026-05-27 13:19:47,ICP,5.5,1744194,31462086,33206280,21,
2026-05-27 13:20:47,ICP,27.5,391949,1425309,1817258,4,
2026-05-27 13:21:47,ICP,0.0,0,1101099,1101099,4,
2026-05-27 13:22:47,ICP,323.6,7432092,2297016,9729108,24,
2026-05-27 13:23:47,ICP,15.3,1372214,8975198,10347412,7,
2026-05-27 13:25:47,ICP,6936.4,6175945,89037,6264983,6,
2026-05-27 13:26:47,ICP,2.2,5197,239100,244298,3,
2026-05-27 13:27:47,ICP,0.0,0,1201878,1201878,3,
2026-05-27 13:28:47,ICP,0.0,0,6836046,6836046,7,
2026-05-27 13:29:47,ICP,0.0,0,9204863,9204863,22,
2026-05-27 13:30:47,ICP,13.1,934337,7157578,8091915,21,
2026-05-27 13:31:47,ICP,101.2,24932752,24629342,49562093,51,
2026-05-27 13:32:47,ICP,16.8,656266,3904691,4560957,8,
2026-05-27 13:33:47,ICP,6.4,477094,7468314,7945408,16,
2026-05-27 13:34:47,ICP,45.3,1516331,3346490,4862821,7,
2026-05-27 13:35:47,ICP,3.0,698064,23659814,24357878,14,
2026-05-27 13:36:47,ICP,0.0,0,7336277,7336277,2,
2026-05-27 13:37:47,ICP,0.0,0,5009469,5009469,4,
2026-05-27 13:38:47,ICP,0.0,0,684396,684396,2,
2026-05-27 13:39:47,ICP,359.1,7581322,2110969,9692290,11,
2026-05-27 13:40:47,ICP,9999.0,72765,0,72765,4,
2026-05-27 13:41:47,ICP,0.0,0,5743744,5743744,4,
2026-05-27 13:42:47,ICP,3.3,51796,1564779,1616575,5,
2026-05-27 13:44:47,ICP,0.0,0,102806,102806,1,
2026-05-27 13:45:47,ICP,0.0,0,1992651,1992651,4,
2026-05-27 13:46:47,ICP,9999.0,14850205,0,14850205,13,
2026-05-27 13:47:47,ICP,1401.6,7939197,566425,8505622,25,
2026-05-27 13:48:47,ICP,12306.0,12988536,105546,13094082,13,
2026-05-27 13:49:47,ICP,19.8,1800478,9083444,10883921,31,
2026-05-27 13:50:47,ICP,40.0,21652937,54105734,75758671,23,
2026-05-27 13:51:47,ICP,6.2,335534,5410737,5746270,15,
2026-05-27 13:52:47,ICP,449.6,3744537,832897,4577434,16,
2026-05-27 13:53:47,ICP,32.8,1654433,5041970,6696403,18,
2026-05-27 13:54:47,ICP,90.0,60249724,66922539,127172263,161,
2026-05-27 13:55:47,ICP,23.4,71387709,304646740,376034448,354,
2026-05-27 13:56:47,ICP,65.6,81825768,124742752,206568520,250,
2026-05-27 13:57:47,ICP,55.3,44463484,80447852,124911336,185,
2026-05-27 13:58:47,ICP,84.1,35166727,41795860,76962587,74,
2026-05-27 13:59:47,ICP,113.8,224030522,196795533,420826055,409,
2026-05-27 14:00:48,ICP,66.2,65929252,99557645,165486898,316,
2026-05-27 14:01:48,ICP,40.3,68107006,169079691,237186697,231,
2026-05-27 14:02:48,ICP,348.3,63069431,18109321,81178752,70,
2026-05-27 14:03:48,ICP,22.4,12498170,55884666,68382837,87,
2026-05-27 14:04:48,ICP,69.9,13109128,18746565,31855694,65,
2026-05-27 14:05:48,ICP,180.0,66843737,37139115,103982853,73,
2026-05-27 14:06:48,ICP,24.4,5925296,24247205,30172501,58,
2026-05-27 14:07:48,ICP,625.5,27863903,4454542,32318445,42,
2026-05-27 14:08:48,ICP,113.7,36850651,32405000,69255651,51,
2026-05-27 14:09:48,ICP,38.0,4777073,12574517,17351590,19,
2026-05-27 14:10:48,ICP,33.0,9630518,29195289,38825807,51,
2026-05-27 14:11:48,ICP,42.8,4048360,9457760,13506120,32,
2026-05-27 14:12:48,ICP,19.6,23549844,120208715,143758559,138,
2026-05-27 14:13:48,ICP,360.0,83962634,23320412,107283047,99,
2026-05-27 14:14:48,ICP,178.6,32063100,17948285,50011385,43,
2026-05-27 14:15:48,ICP,181.0,33285041,18394227,51679269,53,
2026-05-27 14:16:48,ICP,26.7,9946511,37203861,47150372,77,
2026-05-27 14:17:48,ICP,0.0,0,16345931,16345931,10,
2026-05-27 14:18:48,ICP,8.7,2973135,34020668,36993803,38,
2026-05-27 14:19:48,ICP,17.5,6592092,37624109,44216201,32,
2026-05-27 14:20:48,ICP,448.5,7539807,1681242,9221049,14,
2026-05-27 14:21:48,ICP,171.0,49899385,29188232,79087617,61,
2026-05-27 14:22:48,ICP,81.5,44701416,54881502,99582917,80,
2026-05-27 14:23:48,ICP,40.9,23767464,58083238,81850702,80,
2026-05-27 14:24:48,ICP,155.7,34920537,22425083,57345621,104,
2026-05-27 14:25:48,ICP,9.8,4270564,43708906,47979469,60,
2026-05-27 14:26:48,ICP,41.6,15423686,37117524,52541210,54,
2026-05-27 14:27:48,ICP,145.4,34024029,23404082,57428111,116,
2026-05-27 14:28:48,ICP,24.4,14600781,59754189,74354970,93,
2026-05-27 14:29:48,ICP,118.1,21674215,18353608,40027823,62,
2026-05-27 14:30:48,ICP,14.5,2892548,19923022,22815570,43,
2026-05-27 14:31:48,ICP,47.7,12851900,26938072,39789972,70,
2026-05-27 14:32:48,ICP,115.7,6736934,5820584,12557518,30,
2026-05-27 14:33:48,ICP,64.0,18372995,28700380,47073376,50,
2026-05-27 14:34:48,ICP,72.2,33711481,46680210,80391691,83,
2026-05-27 14:35:48,ICP,23.7,14670356,61992445,76662801,95,
2026-05-27 14:36:48,ICP,20.4,16500653,80911002,97411655,70,
2026-05-27 14:37:48,ICP,422.8,36715902,8684445,45400347,40,
2026-05-27 14:38:48,ICP,41.6,39117451,94112962,133230413,129,
2026-05-27 14:39:48,ICP,11.1,2903003,26073541,28976545,38,
2026-05-27 14:40:48,ICP,68.3,41654919,60998560,102653480,112,
2026-05-27 14:41:48,ICP,23.1,4444023,19217771,23661794,42,
2026-05-27 14:42:48,ICP,28.7,10324809,35916826,46241635,67,
2026-05-27 14:43:48,ICP,16.4,5660121,34425890,40086011,47,
2026-05-27 14:44:48,ICP,22.1,10047262,45419706,55466968,86,
2026-05-27 14:45:48,ICP,244.5,35826210,14653528,50479738,60,
2026-05-27 14:46:48,ICP,126.1,7090491,5623011,12713502,38,
2026-05-27 14:47:48,ICP,47.2,18342364,38843365,57185729,63,
2026-05-27 14:48:48,ICP,37.7,9642696,25572712,35215408,42,
2026-05-27 14:49:48,ICP,67.5,17833670,26416787,44250456,63,
2026-05-27 14:50:48,ICP,86.3,10666963,12354615,23021578,37,
2026-05-27 14:51:48,ICP,385.8,17198434,4457553,21655987,30,
2026-05-27 14:52:48,ICP,442.1,35333370,7992790,43326160,49,
2026-05-27 14:53:48,ICP,132.1,55615054,42096322,97711376,86,
2026-05-27 14:54:48,ICP,56.0,36454550,65056758,101511308,129,
2026-05-27 14:55:48,ICP,40.4,7356238,18194674,25550912,53,
2026-05-27 14:56:48,ICP,75.0,20221963,26977491,47199454,70,
2026-05-27 14:57:48,ICP,78.3,8586180,10963653,19549833,35,
2026-05-27 14:58:48,ICP,137.2,35051104,25540960,60592064,63,
2026-05-27 14:59:48,ICP,48.3,26756313,55363537,82119850,96,
2026-05-27 15:00:48,ICP,38.1,14160573,37148431,51309004,46,
2026-05-27 15:01:48,ICP,34.6,28301147,81825661,110126807,133,
2026-05-27 15:02:48,ICP,29.5,12753435,43270717,56024151,48,
2026-05-27 15:03:48,ICP,287.6,108317504,37658016,145975520,111,
2026-05-27 15:04:48,ICP,86.2,14381273,16688021,31069294,55,
2026-05-27 15:05:48,ICP,51.5,12374933,24022497,36397431,60,
2026-05-27 15:06:48,ICP,45.4,47895780,105521679,153417460,146,
2026-05-27 15:07:48,ICP,327.7,34425843,10506091,44931934,68,
2026-05-27 15:08:48,ICP,181.9,42570911,23397217,65968129,58,
2026-05-27 15:09:48,ICP,210.1,31730345,15099577,46829922,74,
2026-05-27 15:10:48,ICP,67.8,19854374,29294567,49148942,48,
2026-05-27 15:11:48,ICP,98.2,10972795,11171362,22144157,33,
2026-05-27 15:12:48,ICP,424.6,80435898,18943083,99378982,75,
2026-05-27 15:13:48,ICP,3288.4,32995600,1003394,33998994,34,
2026-05-27 15:14:48,ICP,55.9,33481306,59885910,93367217,125,
2026-05-27 15:15:48,ICP,15.0,5212681,34704756,39917437,48,
2026-05-27 15:16:48,ICP,33.5,13812529,41198888,55011417,37,
2026-05-27 15:17:48,ICP,157.4,55754465,35412177,91166642,56,
2026-05-27 15:18:48,ICP,53.2,6567035,12334369,18901403,41,
2026-05-27 15:19:48,ICP,103.9,7592415,7310264,14902680,37,
2026-05-27 15:20:48,ICP,472.4,36357595,7696493,44054088,80,
2026-05-27 15:21:48,ICP,70.6,5251064,7437296,12688360,25,
2026-05-27 15:22:48,ICP,21.1,4628065,21934519,26562584,66,
2026-05-27 15:23:48,ICP,115.5,11482025,9942672,21424696,46,
2026-05-27 15:24:48,ICP,80.9,6523322,8061859,14585181,26,
2026-05-27 15:25:48,ICP,987.3,44268602,4483704,48752306,44,
2026-05-27 15:26:48,ICP,145.3,100315115,69025706,169340821,196,
2026-05-27 15:27:48,ICP,107.0,45736399,42750491,88486889,106,
2026-05-27 15:28:48,ICP,26.4,16739763,63342856,80082619,95,
2026-05-27 15:29:48,ICP,70.0,21025584,30022969,51048553,85,
2026-05-27 15:30:48,ICP,75.0,30968686,41301880,72270565,99,
2026-05-27 15:31:48,ICP,111.4,37177985,33360252,70538236,69,
2026-05-27 15:32:48,ICP,67.7,23380930,34555856,57936786,78,
2026-05-27 15:33:48,ICP,44.5,14689995,33010104,47700099,53,
2026-05-27 15:34:48,ICP,80.0,34067548,42607666,76675214,87,
2026-05-27 15:35:48,ICP,25.6,15514551,60660490,76175042,71,
2026-05-27 15:36:48,ICP,164.4,21971477,13363037,35334514,78,
2026-05-27 15:37:48,ICP,20.5,28134122,136931670,165065792,189,
2026-05-27 15:38:48,ICP,76.6,48252579,62988101,111240680,131,
2026-05-27 15:39:48,ICP,118.4,30830654,26034632,56865286,55,
2026-05-27 15:40:48,ICP,55.2,19366524,35081465,54447989,96,
2026-05-27 15:41:48,ICP,43.3,19985169,46161525,66146694,87,
2026-05-27 15:42:48,ICP,65.0,37722166,58032709,95754875,69,
2026-05-27 15:43:48,ICP,36.8,7669476,20821720,28491196,61,
2026-05-27 15:44:48,ICP,27.0,24789896,91977019,116766916,103,
2026-05-27 15:45:48,ICP,60.7,32987653,54351225,87338878,96,
2026-05-27 15:46:48,ICP,21.8,15321401,70339483,85660884,56,
2026-05-27 15:47:48,ICP,266.0,50681500,19051012,69732512,82,
2026-05-27 15:48:48,ICP,40.0,22352337,55929165,78281503,114,
2026-05-27 15:49:48,ICP,359.8,74335095,20659221,94994316,81,
2026-05-27 15:50:48,ICP,252.9,29107298,11509658,40616956,47,
2026-05-27 15:51:48,ICP,128.2,22516483,17561754,40078237,68,
2026-05-27 15:52:48,ICP,63.8,25207290,39536928,64744218,82,
2026-05-27 15:53:48,ICP,90.2,16565517,18373287,34938804,54,
2026-05-27 15:54:48,ICP,49.1,12767298,25996950,38764248,45,
2026-05-27 15:55:48,ICP,897.4,13943937,1553885,15497821,38,
2026-05-27 15:56:48,ICP,6479.2,33051023,510110,33561132,65,
2026-05-27 15:57:48,ICP,283.6,31080585,10959315,42039900,47,
2026-05-27 15:58:48,ICP,38.2,32925086,86123194,119048280,126,
2026-05-27 15:59:48,ICP,109.5,27436081,25054303,52490384,68,
2026-05-27 16:00:48,ICP,16.1,10699288,66550922,77250210,101,
2026-05-27 16:01:48,ICP,107.2,12147726,11327534,23475260,47,
2026-05-27 16:02:48,ICP,323.0,73798325,22844690,96643016,114,
2026-05-27 16:03:48,ICP,24.8,8556617,34496827,43053444,90,
2026-05-27 16:04:48,ICP,52.3,30432487,58160294,88592782,98,
2026-05-27 16:05:48,ICP,61.0,10695452,17533854,28229305,66,
2026-05-27 16:06:48,ICP,260.2,31769433,12209508,43978941,63,
2026-05-27 16:07:48,ICP,70.1,43685859,62293418,105979277,144,
2026-05-27 16:08:48,ICP,42.1,7611876,18089684,25701560,47,
2026-05-27 16:09:48,ICP,13.9,4852143,34965197,39817340,79,
2026-05-27 16:10:48,ICP,150.7,27076339,17969488,45045827,61,
2026-05-27 16:11:48,ICP,87.7,20341318,23181389,43522707,55,
2026-05-27 16:12:48,ICP,58.3,15900509,27264503,43165012,47,
2026-05-27 16:13:48,ICP,15.7,6927904,44254836,51182740,69,
2026-05-27 16:14:48,ICP,353.5,12715746,3597545,16313291,30,
2026-05-27 16:15:48,ICP,28.2,6827576,24222377,31049953,41,
2026-05-27 16:16:48,ICP,46.5,9711916,20901325,30613241,71,
2026-05-27 16:17:48,ICP,82.3,9667027,11753014,21420040,46,
2026-05-27 16:18:48,ICP,137.2,95210554,69419870,164630424,170,
2026-05-27 16:19:48,ICP,28.7,25482322,88895658,114377980,122,
2026-05-27 16:20:48,ICP,90.0,37464111,41614688,79078799,115,
2026-05-27 16:21:48,ICP,27.3,6703362,24575835,31279197,75,
2026-05-27 16:22:48,ICP,87.3,80339068,92043129,172382197,184,
2026-05-27 16:23:48,ICP,257.8,34412900,13350394,47763294,90,
2026-05-27 16:24:48,ICP,125.4,34713456,27678876,62392332,108,
2026-05-27 16:25:48,ICP,154.3,19476052,12623696,32099747,67,
2026-05-27 16:26:48,ICP,125.4,24841382,19809790,44651172,51,
2026-05-27 16:27:48,ICP,70.9,53434211,75352328,128786539,103,
2026-05-27 16:28:48,ICP,120.5,26969097,22390135,49359232,55,
2026-05-27 16:29:48,ICP,26.5,17541560,66158875,83700435,111,
2026-05-27 16:30:48,ICP,170.7,32048733,18777288,50826021,67,
2026-05-27 16:31:48,ICP,195.4,49698914,25434528,75133442,107,
2026-05-27 16:32:48,ICP,58.5,32811326,56126564,88937890,104,
2026-05-27 16:33:48,ICP,17.0,3247334,19121574,22368908,84,
2026-05-27 16:34:48,ICP,94.2,37955193,40312549,78267742,79,
2026-05-27 16:35:48,ICP,244.8,48459967,19798520,68258487,94,
2026-05-27 16:36:48,ICP,114.5,39520889,34509157,74030045,113,
2026-05-27 16:37:48,ICP,204.0,115691035,56700148,172391183,171,
2026-05-27 16:38:48,ICP,57.8,42161693,72976054,115137747,124,
2026-05-27 16:39:48,ICP,25.0,25210071,100924340,126134411,140,
2026-05-27 16:40:48,ICP,132.8,40817948,30741606,71559554,86,
2026-05-27 16:41:48,ICP,9.7,2546931,26205151,28752083,46,
2026-05-27 16:42:48,ICP,44.4,28410713,63929643,92340356,99,
2026-05-27 16:43:48,ICP,228.8,53171774,23235194,76406968,76,
2026-05-27 16:44:48,ICP,123.5,19834770,16061236,35896006,47,
2026-05-27 16:45:48,ICP,182.1,25714914,14124699,39839613,58,
2026-05-27 16:46:48,ICP,29.2,6507032,22306243,28813274,58,
2026-05-27 16:47:48,ICP,25.5,8517399,33360166,41877565,85,
2026-05-27 16:48:48,ICP,60.1,105220805,175006800,280227606,270,
2026-05-27 16:49:48,ICP,147.8,112368691,76040353,188409044,258,
2026-05-27 16:50:48,ICP,81.3,57228594,70349819,127578413,215,
2026-05-27 16:51:48,ICP,114.6,42859292,37414315,80273607,134,
2026-05-27 16:52:48,ICP,149.9,39397056,26276985,65674041,113,
2026-05-27 16:53:48,ICP,111.4,34913644,31343068,66256712,85,
2026-05-27 16:54:48,ICP,531.0,47582798,8960729,56543527,84,
2026-05-27 16:55:48,ICP,46.8,31673551,67633542,99307093,134,
2026-05-27 16:56:48,ICP,161.8,59009016,36460096,95469112,143,
2026-05-27 16:57:48,ICP,63.0,21154400,33586128,54740528,81,
2026-05-27 16:58:48,ICP,179.8,46546701,25886807,72433508,66,
2026-05-27 16:59:48,ICP,53.7,35440582,65991151,101431733,96,
2026-05-27 17:00:48,ICP,171.8,39161014,22791341,61952355,62,
2026-05-27 17:01:48,ICP,107.1,30415075,28398510,58813585,92,
2026-05-27 17:02:48,ICP,237.0,92837557,39169132,132006690,192,
2026-05-27 17:03:48,ICP,188.4,49458935,26246473,75705408,107,
2026-05-27 17:04:48,ICP,147.4,15388826,10442608,25831435,69,
2026-05-27 17:05:48,ICP,123.2,109039302,88475071,197514372,239,
2026-05-27 17:06:48,ICP,99.6,63497067,63729698,127226765,91,
2026-05-27 17:07:48,ICP,26.9,14200192,52694902,66895094,64,
2026-05-27 17:08:48,ICP,58.1,28881232,49749115,78630347,98,
2026-05-27 17:09:48,ICP,43.3,21981454,50795027,72776481,66,
2026-05-27 17:10:48,ICP,75.1,30992462,41243043,72235505,99,
2026-05-27 17:11:48,ICP,64.8,84875446,131022798,215898244,169,
2026-05-27 17:12:48,ICP,67.6,17813648,26338019,44151667,59,
2026-05-27 17:13:48,ICP,22.0,13800134,62655340,76455475,113,
2026-05-27 17:14:48,ICP,120.9,69262460,57303883,126566343,128,
2026-05-27 17:15:48,ICP,55.4,28053736,50623110,78676846,65,
2026-05-27 17:16:48,ICP,27.6,28986477,104905636,133892113,126,
2026-05-27 17:17:48,ICP,149.8,31701178,21161490,52862668,59,
2026-05-27 17:18:48,ICP,25.8,5263327,20400052,25663379,38,
2026-05-27 17:19:48,ICP,66.3,14782955,22303372,37086327,54,
2026-05-27 17:20:48,ICP,86.2,31753419,36828478,68581897,61,
2026-05-27 17:21:48,ICP,34.8,8144710,23389415,31534125,65,
2026-05-27 17:22:48,ICP,112.9,34310844,30394562,64705406,81,
2026-05-27 17:23:48,ICP,182.8,10399598,5689467,16089065,28,
2026-05-27 17:24:48,ICP,81.9,35265288,43060546,78325834,77,
2026-05-27 17:25:48,ICP,80.2,4759980,5934274,10694253,24,
2026-05-27 17:26:48,ICP,131.6,23846586,18115808,41962393,56,
2026-05-27 17:27:48,ICP,146.8,9919018,6758869,16677887,31,
2026-05-27 17:28:48,ICP,568.7,64948910,11419991,76368901,50,
2026-05-27 17:29:48,ICP,51.5,15366238,29849753,45215990,42,
2026-05-27 17:30:48,ICP,266.5,43960340,16498455,60458796,63,
2026-05-27 17:31:48,ICP,26.2,2568142,9816521,12384662,35,
2026-05-27 17:32:48,ICP,10.4,2826826,27151177,29978003,75,
2026-05-27 17:33:48,ICP,70.2,32097918,45741400,77839318,88,
2026-05-27 17:34:48,ICP,174.9,2585870,1478324,4064194,15,
2026-05-27 17:35:48,ICP,160.7,5575367,3469282,9044649,26,
2026-05-27 17:36:48,ICP,29.8,3450728,11582690,15033418,19,
2026-05-27 17:37:48,ICP,111.5,11977033,10738901,22715934,62,
2026-05-27 17:38:48,ICP,20.5,8706803,42462152,51168955,37,
2026-05-27 17:39:48,ICP,45.2,10676081,23637837,34313918,58,
2026-05-27 17:40:48,ICP,437.0,3976825,910036,4886861,19,
2026-05-27 17:41:48,ICP,52.1,5867455,11260517,17127972,30,
2026-05-27 17:42:48,ICP,6.0,886400,14801367,15687767,19,
2026-05-27 17:43:48,ICP,6.1,9700509,159907555,169608064,160,
2026-05-27 17:44:48,ICP,133.7,20425755,15276142,35701897,59,
2026-05-27 17:45:48,ICP,53.0,6039622,11395684,17435306,32,
2026-05-27 17:46:48,ICP,64.4,45641085,70858557,116499642,178,
2026-05-27 17:47:48,ICP,142.8,66006383,46207411,112213794,98,
2026-05-27 17:48:48,ICP,66.3,16472812,24835846,41308657,67,
2026-05-27 17:49:48,ICP,129.7,23336767,17998725,41335491,64,
2026-05-27 17:50:48,ICP,30.2,3454568,11443674,14898243,25,
2026-05-27 17:51:48,ICP,27.1,17447544,64490477,81938021,158,
2026-05-27 17:52:48,ICP,137.8,21875728,15878719,37754447,40,
2026-05-27 17:53:48,ICP,15.3,14373694,93727442,108101135,130,
2026-05-27 17:54:48,ICP,113.5,28306427,24929173,53235600,50,
2026-05-27 17:55:48,ICP,220.8,39125052,17718161,56843213,61,
2026-05-27 17:56:48,ICP,69.0,17120913,24797695,41918608,77,
2026-05-27 17:57:48,ICP,4.7,2351736,50266990,52618727,51,
2026-05-27 17:58:48,ICP,69.9,7754072,11098980,18853052,45,
2026-05-27 17:59:48,ICP,171.5,6192312,3610678,9802991,16,
2026-05-27 18:00:48,ICP,18.5,17115980,92532478,109648458,110,
2026-05-27 18:01:48,ICP,154.5,20151072,13043710,33194782,57,
2026-05-27 18:02:48,ICP,7.5,1991714,26579275,28570989,38,
2026-05-27 18:03:48,ICP,18.3,1869924,10226686,12096610,26,
2026-05-27 18:04:48,ICP,447.9,47191638,10535660,57727298,45,
2026-05-27 18:05:48,ICP,269.7,32916586,12203023,45119609,47,
2026-05-27 18:06:48,ICP,28.5,27419476,96202951,123622426,146,
2026-05-27 18:07:48,ICP,154.4,62648019,40575707,103223726,68,
2026-05-27 18:08:48,ICP,88.1,10120229,11490064,21610293,22,
2026-05-27 18:09:48,ICP,172.3,73858901,42866057,116724958,93,
2026-05-27 18:10:48,ICP,65.0,68568096,105559725,174127821,138,
2026-05-27 18:11:48,ICP,79.4,23073521,29052621,52126142,77,
2026-05-27 18:12:48,ICP,84.0,92869039,110559430,203428469,199,
2026-05-27 18:13:48,ICP,67.1,18980920,28267753,47248673,67,
2026-05-27 18:14:48,ICP,39.3,12355647,31467077,43822724,57,
2026-05-27 18:15:48,ICP,22.4,5033946,22444521,27478467,37,
2026-05-27 18:16:48,ICP,174.3,21813303,12516751,34330054,39,
2026-05-27 18:17:48,ICP,256.7,21997869,8568796,30566665,49,
2026-05-27 18:18:48,ICP,200.8,17225957,8576882,25802838,36,
2026-05-27 18:19:48,ICP,0.0,0,11055987,11055987,23,
2026-05-27 18:20:48,ICP,67.2,17334263,25808924,43143187,41,
2026-05-27 18:21:48,ICP,19.0,4296813,22617152,26913966,20,
2026-05-27 18:22:48,ICP,190.2,5808006,3054086,8862092,21,
2026-05-27 18:23:48,ICP,121.2,23669952,19536757,43206709,38,
2026-05-27 18:24:48,ICP,29.4,4506648,15316244,19822891,31,
2026-05-27 18:25:48,ICP,257.3,31671646,12309094,43980740,38,
2026-05-27 18:26:48,ICP,48.6,15398886,31710979,47109865,42,
2026-05-27 18:27:48,ICP,105.6,13914588,13177501,27092089,58,
2026-05-27 18:28:48,ICP,13.0,2156346,16615837,18772183,36,
2026-05-27 18:29:48,ICP,1072.9,9262589,863306,10125895,18,
2026-05-27 18:30:48,ICP,902.3,18823738,2086085,20909823,20,
2026-05-27 18:31:48,ICP,7.6,1682351,22096679,23779030,18,
2026-05-27 18:32:48,ICP,99.5,11931377,11990735,23922112,30,
2026-05-27 18:33:48,ICP,107.6,30462403,28306006,58768410,50,
2026-05-27 18:34:48,ICP,230.5,32763555,14215821,46979376,59,
2026-05-27 18:35:49,ICP,278.2,19914343,7159458,27073801,38,
2026-05-27 18:36:49,ICP,107.8,30488341,28293423,58781764,72,
2026-05-27 18:37:49,ICP,195.6,25857451,13217798,39075249,48,
2026-05-27 18:38:49,ICP,66.1,10146629,15346234,25492863,44,
2026-05-27 18:39:49,ICP,635.5,13697408,2155521,15852929,25,
2026-05-27 18:40:49,ICP,1104.9,13433178,1215825,14649003,30,
2026-05-27 18:41:49,ICP,495.4,18646237,3763844,22410080,27,
2026-05-27 18:42:49,ICP,63.3,21252562,33584070,54836632,58,
2026-05-27 18:43:49,ICP,120.3,8891326,7389395,16280721,27,
2026-05-27 18:44:49,ICP,26.4,8035520,30451370,38486891,65,
2026-05-27 18:45:49,ICP,0.7,54463,8042159,8096622,8,
2026-05-27 18:46:49,ICP,87.8,7352626,8372751,15725377,21,
2026-05-27 18:47:49,ICP,1573.6,31341728,1991681,33333409,54,
2026-05-27 18:48:49,ICP,51.0,3180876,6236557,9417433,39,
2026-05-27 18:49:49,ICP,158.9,2751579,1731710,4483289,24,
2026-05-27 18:50:49,ICP,147.4,31727123,21522035,53249157,61,
2026-05-27 18:51:49,ICP,112.0,5339066,4766519,10105585,25,
2026-05-27 18:52:49,ICP,6.2,288794,4663629,4952423,16,
2026-05-27 18:53:49,ICP,8.6,397847,4621548,5019395,12,
2026-05-27 18:54:49,ICP,1502.5,6295152,418984,6714136,15,
2026-05-27 18:55:49,ICP,8.9,1638529,18472287,20110816,15,
2026-05-27 18:56:49,ICP,212.9,2821742,1325143,4146885,31,
2026-05-27 18:57:49,ICP,37.1,3652678,9844133,13496811,23,
2026-05-27 18:58:49,ICP,141.1,36453031,25839213,62292244,79,
2026-05-27 18:59:49,ICP,155.7,4962708,3187916,8150624,23,
2026-05-27 19:00:49,ICP,24.5,8491382,34671038,43162421,48,
2026-05-27 19:01:49,ICP,19.1,7722788,40394904,48117691,81,
2026-05-27 19:02:49,ICP,170.7,34480214,20200798,54681012,83,
2026-05-27 19:03:49,ICP,200.1,38492512,19239186,57731697,47,
2026-05-27 19:04:49,ICP,41.9,4198169,10018760,14216929,32,
2026-05-27 19:05:49,ICP,41.6,2647207,6370607,9017814,48,
2026-05-27 19:06:49,ICP,31.2,2774186,8902723,11676909,54,
2026-05-27 19:07:49,ICP,18.3,9363078,51265046,60628124,87,
2026-05-27 19:08:49,ICP,99.4,14602281,14685855,29288136,59,
2026-05-27 19:09:49,ICP,166.5,14122203,8479650,22601853,34,
2026-05-27 19:10:49,ICP,1841.0,6015837,326770,6342607,18,
2026-05-27 19:11:49,ICP,20.2,1432685,7077784,8510469,15,
2026-05-27 19:12:49,ICP,112.6,8586240,7622742,16208982,31,
2026-05-27 19:13:49,ICP,5.2,1580040,30181182,31761222,19,
2026-05-27 19:14:49,ICP,199.3,8632697,4331375,12964073,22,
2026-05-27 19:15:49,ICP,11.6,1021975,8814619,9836593,21,
2026-05-27 19:16:49,ICP,220.4,7619653,3457885,11077538,18,
2026-05-27 19:17:49,ICP,31.1,2105115,6760513,8865628,18,
2026-05-27 19:18:49,ICP,83.4,14577498,17479295,32056792,51,
2026-05-27 19:19:49,ICP,51.4,10392292,20206140,30598431,41,
2026-05-27 19:20:49,ICP,4.7,1433796,30608200,32041996,58,
2026-05-27 19:21:49,ICP,29.4,3928108,13355673,17283781,47,
2026-05-27 19:22:49,ICP,34.3,3503004,10205677,13708681,23,
2026-05-27 19:23:49,ICP,5090.7,3413026,67044,3480070,15,
2026-05-27 19:24:49,ICP,1637.0,17506734,1069422,18576156,15,
2026-05-27 19:25:49,ICP,53.0,1053767,1987303,3041070,19,
2026-05-27 19:26:49,ICP,39.3,4341511,11058076,15399587,22,
2026-05-27 19:27:49,ICP,0.3,20000,6708136,6728136,18,
2026-05-27 19:28:49,ICP,19.3,93140,481958,575098,21,
2026-05-27 19:29:49,ICP,35.9,8415792,23416006,31831798,33,
2026-05-27 19:30:49,ICP,4.4,479055,10941560,11420614,26,
2026-05-27 19:31:49,ICP,2.9,585095,20017725,20602820,14,
2026-05-27 19:32:49,ICP,22.8,1477422,6477094,7954517,7,
2026-05-27 19:33:49,ICP,116.7,3938356,3375153,7313509,17,
2026-05-27 19:34:49,ICP,218.7,2469734,1129417,3599151,20,
2026-05-27 19:35:49,ICP,2.1,133208,6342377,6475585,42,
2026-05-27 19:36:49,ICP,1542.5,1542547,100000,1642547,10,
2026-05-27 19:37:49,ICP,9999.0,1185140,0,1185140,14,
2026-05-27 19:38:49,ICP,19.1,378157,1979720,2357877,11,
2026-05-27 19:39:49,ICP,2.1,80795,3883032,3963827,25,
2026-05-27 19:40:49,ICP,51.7,12022439,23243915,35266354,207,
2026-05-27 19:41:49,ICP,19.3,3995889,20756361,24752251,254,
2026-05-27 19:42:49,ICP,245.5,54611239,22247493,76858733,217,
2026-05-27 19:43:49,ICP,24.6,2775673,11289092,14064766,31,
2026-05-27 19:44:49,ICP,30.6,3462809,11326033,14788842,35,
2026-05-27 19:45:49,ICP,194.8,17290532,8875687,26166219,15,
2026-05-27 19:46:49,ICP,2562.2,128276,5007,133283,2,
2026-05-27 19:47:49,ICP,4.4,104330,2378993,2483323,19,
2026-05-27 19:48:49,ICP,5.0,262500,5268246,5530746,28,
2026-05-27 19:49:49,ICP,277.1,1630817,588503,2219321,17,
2026-05-27 19:50:49,ICP,76.3,5823276,7630416,13453692,41,
2026-05-27 19:51:49,ICP,9999.0,2570050,0,2570050,12,
2026-05-27 19:52:49,ICP,65.2,1249625,1916290,3165915,11,
2026-05-27 19:53:49,ICP,23.7,3461311,14581815,18043126,11,
2026-05-27 19:54:49,ICP,11.7,841883,7165318,8007201,14,
2026-05-27 19:55:49,ICP,58.6,2545720,4340783,6886503,18,
2026-05-27 19:56:49,ICP,148.7,5386739,3622850,9009589,23,
2026-05-27 19:57:49,ICP,173.2,15934194,9198489,25132683,36,
2026-05-27 19:58:49,ICP,130.3,6206700,4762954,10969653,13,
2026-05-27 19:59:49,ICP,1239.7,5545708,447357,5993066,12,
2026-05-27 20:00:49,ICP,26.8,7281424,27154507,34435931,55,
2026-05-27 20:01:49,ICP,186.5,2233525,1197834,3431359,12,
2026-05-27 20:02:49,ICP,683.1,31088126,4551276,35639402,43,
2026-05-27 20:03:49,ICP,171.8,22172167,12902667,35074835,44,
2026-05-27 20:04:49,ICP,685.6,2202060,321178,2523238,8,
2026-05-27 20:05:49,ICP,35.1,3563852,10160981,13724833,20,
2026-05-27 20:06:49,ICP,6.8,704111,10279501,10983613,18,
2026-05-27 20:07:49,ICP,23.1,562393,2432932,2995325,14,
2026-05-27 20:08:49,ICP,134.7,16611968,12330932,28942900,48,
2026-05-27 20:09:49,ICP,0.0,0,12411220,12411220,17,
2026-05-27 20:10:49,ICP,30.6,2038195,6658575,8696770,23,
2026-05-27 20:11:49,ICP,79.5,391995,493075,885070,6,
2026-05-27 20:12:49,ICP,16.7,882903,5297249,6180152,26,
2026-05-27 20:13:49,ICP,9999.0,3381479,0,3381479,13,
2026-05-27 20:14:49,ICP,6051.2,2810431,46444,2856875,13,
2026-05-27 20:15:49,ICP,4.2,90868,2188646,2279514,16,
2026-05-27 20:16:49,ICP,0.0,0,10476292,10476292,52,
2026-05-27 20:17:49,ICP,40.5,7912243,19550983,27463226,54,
2026-05-27 20:18:49,ICP,33.6,1935151,5760118,7695268,27,
2026-05-27 20:19:49,ICP,81.3,565348,695361,1260710,9,
2026-05-27 20:20:49,ICP,4697.2,6359109,135380,6494488,12,
2026-05-27 20:21:49,ICP,255.9,76555055,29921435,106476490,93,
2026-05-27 20:22:49,ICP,8.2,3529669,43285402,46815072,72,
2026-05-27 20:23:49,ICP,384.1,336285,87560,423846,3,
2026-05-27 20:24:49,ICP,64.7,19268363,29766878,49035241,60,
2026-05-27 20:25:49,ICP,0.0,0,8088353,8088353,13,
2026-05-27 20:26:49,ICP,11.7,798351,6824981,7623332,25,
2026-05-27 20:27:49,ICP,0.0,0,8600964,8600964,27,
2026-05-27 20:28:49,ICP,28.9,397642,1373717,1771358,9,
2026-05-27 20:29:49,ICP,0.1,20000,19380791,19400791,18,
2026-05-27 20:30:49,ICP,26.0,2340969,8987489,11328458,69,
2026-05-27 20:31:49,ICP,10.4,2243302,21570733,23814036,32,
2026-05-27 20:32:49,ICP,77.7,6325446,8143988,14469434,29,
2026-05-27 20:33:49,ICP,6146.6,3451098,56146,3507245,7,
2026-05-27 20:34:49,ICP,58.5,507021,866606,1373627,4,
2026-05-27 20:35:49,ICP,7.6,589334,7753119,8342453,11,
2026-05-27 20:36:49,ICP,13.0,3067081,23533594,26600676,26,
2026-05-27 20:37:49,ICP,17.3,894507,5165058,6059565,15,
2026-05-27 20:38:49,ICP,0.0,0,211396,211396,3,
2026-05-27 20:39:49,ICP,1.7,85660,5086826,5172486,34,
2026-05-27 20:40:49,ICP,22.5,10648597,47342004,57990601,101,
2026-05-27 20:41:49,ICP,36.7,5883817,16047382,21931199,30,
2026-05-27 20:42:49,ICP,196.1,3564203,1817114,5381317,12,
2026-05-27 20:43:49,ICP,3.2,128160,4057926,4186086,16,
2026-05-27 20:44:49,ICP,21.1,356329,1685711,2042040,10,
2026-05-27 20:45:49,ICP,19.7,5104257,25961252,31065509,50,
2026-05-27 20:46:49,ICP,62.8,2186987,3482002,5668989,12,
2026-05-27 20:47:49,ICP,8.5,235458,2781223,3016681,9,
2026-05-27 20:48:49,ICP,0.0,0,14998309,14998309,7,
2026-05-27 20:49:49,ICP,6.3,1204749,19051477,20256225,21,
2026-05-27 20:50:49,ICP,946.8,10256811,1083326,11340137,18,
2026-05-27 20:51:49,ICP,51.5,9182184,17830358,27012542,17,
2026-05-27 20:52:49,ICP,85.8,19434401,22641608,42076009,20,
2026-05-27 20:53:49,ICP,0.6,298750,49051994,49350744,32,
2026-05-27 20:54:49,ICP,38.5,7975358,20711450,28686808,44,
2026-05-27 20:55:49,ICP,451.5,23333018,5168409,28501427,40,
2026-05-27 20:56:49,ICP,222.9,22540277,10113614,32653890,35,
2026-05-27 20:57:49,ICP,2.1,402325,19163927,19566252,20,
2026-05-27 20:58:49,ICP,149.8,4731311,3157994,7889305,32,
2026-05-27 20:59:49,ICP,17.0,4081553,23990488,28072041,46,
2026-05-27 21:00:49,ICP,43.3,9020955,20841877,29862832,32,
2026-05-27 21:01:49,ICP,81.1,10428506,12863985,23292491,20,
2026-05-27 21:02:49,ICP,278.8,7507888,2693292,10201180,19,
2026-05-27 21:03:49,ICP,80.5,8475686,10534889,19010574,52,
2026-05-27 21:04:49,ICP,4817.2,6126350,127177,6253527,9,
2026-05-27 21:05:49,ICP,108.6,4942192,4550589,9492781,20,
2026-05-27 21:06:49,ICP,21.6,1269478,5875175,7144654,14,
2026-05-27 21:07:49,ICP,116.5,1604031,1377108,2981139,15,
2026-05-27 21:08:49,ICP,11.0,869326,7930783,8800109,18,
2026-05-27 21:09:49,ICP,18.6,1431116,7714349,9145466,5,
2026-05-27 21:10:49,ICP,33.6,9354266,27854022,37208288,13,
2026-05-27 21:11:49,ICP,47.9,1200759,2504390,3705149,5,
2026-05-27 21:12:49,ICP,1038.2,92007,8862,100869,2,
2026-05-27 21:13:49,ICP,582.8,10818907,1856492,12675399,13,
2026-05-27 21:14:49,ICP,32.4,650259,2009824,2660084,4,
2026-05-27 21:15:49,ICP,0.0,0,2341582,2341582,6,
2026-05-27 21:16:49,ICP,8.5,704268,8238470,8942737,16,
2026-05-27 21:17:49,ICP,253.4,7285763,2874796,10160559,15,
2026-05-27 21:18:49,ICP,50.1,5182650,10344959,15527608,37,
2026-05-27 21:19:49,ICP,192.1,3372995,1755457,5128452,20,
2026-05-27 21:20:49,ICP,11.2,885833,7928425,8814258,27,
2026-05-27 21:21:49,ICP,449.1,13516192,3009845,16526037,18,
2026-05-27 21:22:49,ICP,537.5,21396900,3981127,25378027,42,
2026-05-27 21:23:49,ICP,29.1,14059052,48372957,62432009,66,
2026-05-27 21:24:49,ICP,14.1,2833799,20053232,22887031,18,
2026-05-27 21:25:49,ICP,9999.0,8388199,0,8388199,21,
2026-05-27 21:26:49,ICP,30.0,2685456,8962144,11647600,20,
2026-05-27 21:27:49,ICP,13.2,932615,7055084,7987699,24,
