시각KST,종목,체결강도%,매수액,매도액,거래대금,체결수,메이저
2026-05-27 00:00:45,IRYS,65.3,1309700,2005463,3315163,10,
2026-05-27 00:01:45,IRYS,0.0,0,361998,361998,5,
2026-05-27 00:02:45,IRYS,0.0,0,9387907,9387907,18,
2026-05-27 00:03:45,IRYS,2.7,144804,5349919,5494723,20,
2026-05-27 00:04:45,IRYS,218.7,575919,263365,839284,7,
2026-05-27 00:05:45,IRYS,14793.4,5349602,36162,5385764,4,
2026-05-27 00:06:45,IRYS,0.0,0,8043609,8043609,9,
2026-05-27 00:07:45,IRYS,0.1,5012,7220346,7225359,11,
2026-05-27 00:08:45,IRYS,471.4,28154,5973,34126,2,
2026-05-27 00:09:45,IRYS,76.8,19932,25959,45891,5,
2026-05-27 00:10:45,IRYS,9999.0,18468,0,18468,1,
2026-05-27 00:11:45,IRYS,3710.3,1187689,32011,1219700,6,
2026-05-27 00:12:45,IRYS,9999.0,1786815,0,1786815,1,
2026-05-27 00:13:45,IRYS,9999.0,803350,0,803350,2,
2026-05-27 00:14:45,IRYS,3054.7,6397851,209441,6607292,8,
2026-05-27 00:15:45,IRYS,0.2,9933,4957211,4967144,3,
2026-05-27 00:16:45,IRYS,23.3,32433,139217,171649,5,
2026-05-27 00:17:45,IRYS,1.4,10000,735505,745505,7,
2026-05-27 00:18:45,IRYS,0.0,0,45084,45084,1,
2026-05-27 00:19:45,IRYS,0.0,0,4550582,4550582,5,
2026-05-27 00:20:45,IRYS,0.0,0,188640,188640,1,
2026-05-27 00:21:45,IRYS,0.0,0,63063,63063,3,
2026-05-27 00:22:45,IRYS,41.8,5221900,12482226,17704126,11,
2026-05-27 00:23:45,IRYS,0.7,118218,17572629,17690846,45,
2026-05-27 00:25:45,IRYS,9999.0,2664784,0,2664784,5,
2026-05-27 00:26:45,IRYS,9999.0,4876635,0,4876635,2,
2026-05-27 00:27:45,IRYS,0.0,0,2024672,2024672,3,
2026-05-27 00:28:45,IRYS,0.0,0,825447,825447,2,
2026-05-27 00:29:45,IRYS,0.0,0,1463438,1463438,4,
2026-05-27 00:30:45,IRYS,22.9,132000,577576,709576,8,
2026-05-27 00:31:45,IRYS,0.0,0,29762642,29762642,33,
2026-05-27 00:32:45,IRYS,0.0,0,14948873,14948873,30,
2026-05-27 00:33:45,IRYS,38.8,1557610,4012072,5569682,11,
2026-05-27 00:34:45,IRYS,12.1,6600,54751,61351,10,
2026-05-27 00:35:45,IRYS,0.0,0,369980,369980,6,
2026-05-27 00:36:45,IRYS,78.4,7529889,9609918,17139807,13,
2026-05-27 00:37:45,IRYS,123.7,258629,209106,467735,4,
2026-05-27 00:38:45,IRYS,0.0,0,1060807,1060807,8,
2026-05-27 00:39:45,IRYS,0.9,27632,2941311,2968943,4,
2026-05-27 00:40:45,IRYS,5.3,44100,826429,870529,4,
2026-05-27 00:43:45,IRYS,437.8,2161905,493788,2655693,7,
2026-05-27 00:44:45,IRYS,46.3,2209524,4770757,6980281,7,
2026-05-27 00:45:45,IRYS,123.8,959567,775307,1734874,5,
2026-05-27 00:46:45,IRYS,0.0,0,15267480,15267480,8,
2026-05-27 00:47:45,IRYS,0.0,0,60000,60000,3,
2026-05-27 00:49:45,IRYS,643.1,905655,140817,1046472,5,
2026-05-27 00:51:45,IRYS,27.4,24150,88000,112150,2,
2026-05-27 00:52:45,IRYS,0.0,0,5038905,5038905,10,
2026-05-27 00:53:45,IRYS,6.0,826868,13756766,14583634,23,
2026-05-27 00:54:46,IRYS,27.8,437513,1574851,2012363,19,
2026-05-27 00:55:46,IRYS,31.9,1164929,3648590,4813520,15,
2026-05-27 00:56:46,IRYS,1104.5,1101994,99773,1201767,4,
2026-05-27 00:57:46,IRYS,0.0,0,87800,87800,1,
2026-05-27 00:58:46,IRYS,0.0,0,465193,465193,1,
2026-05-27 01:00:46,IRYS,321.4,6619088,2059525,8678614,7,
2026-05-27 01:01:46,IRYS,73.3,1787332,2437941,4225273,12,
2026-05-27 01:02:46,IRYS,101.9,1751488,1718725,3470212,9,
2026-05-27 01:04:46,IRYS,9999.0,10000,0,10000,1,
2026-05-27 01:05:46,IRYS,9999.0,115000,0,115000,1,
2026-05-27 01:06:46,IRYS,9.8,873043,8880125,9753168,7,
2026-05-27 01:07:46,IRYS,9999.0,1132986,0,1132986,2,
2026-05-27 01:08:46,IRYS,9999.0,890901,0,890901,1,
2026-05-27 01:09:46,IRYS,9999.0,99723,0,99723,1,
2026-05-27 01:11:46,IRYS,1214.3,1390113,114478,1504592,8,
2026-05-27 01:12:46,IRYS,100.6,1713634,1703434,3417068,3,
2026-05-27 01:14:46,IRYS,0.0,0,10904185,10904185,4,
2026-05-27 01:17:46,IRYS,9999.0,6497,0,6497,1,
2026-05-27 01:19:46,IRYS,9999.0,18323,0,18323,1,
2026-05-27 01:20:46,IRYS,0.0,0,287819,287819,7,
2026-05-27 01:21:46,IRYS,0.0,0,36509,36509,6,
2026-05-27 01:22:46,IRYS,0.0,0,2202740,2202740,8,
2026-05-27 01:24:46,IRYS,17.2,148679,865008,1013687,4,
2026-05-27 01:25:46,IRYS,247.2,290252,117415,407667,4,
2026-05-27 01:27:46,IRYS,43.4,480372,1105760,1586132,7,
2026-05-27 01:28:46,IRYS,0.0,0,99773,99773,1,
2026-05-27 01:29:46,IRYS,1.0,47822,4938183,4986005,4,
2026-05-27 01:31:46,IRYS,0.0,0,3068112,3068112,5,
2026-05-27 01:32:46,IRYS,0.7,42524,5685134,5727658,18,
2026-05-27 01:33:46,IRYS,0.0,0,2171321,2171321,5,
2026-05-27 01:34:46,IRYS,716.5,11052039,1542605,12594644,7,
2026-05-27 01:37:46,IRYS,9999.0,10000,0,10000,1,
2026-05-27 01:38:46,IRYS,9999.0,130731,0,130731,1,
2026-05-27 01:40:46,IRYS,141.4,1401605,991401,2393005,12,
2026-05-27 01:41:46,IRYS,13.4,47000,350022,397022,4,
2026-05-27 01:45:46,IRYS,0.0,0,200000,200000,1,
2026-05-27 01:49:46,IRYS,39.4,728352,1850490,2578842,9,
2026-05-27 01:50:46,IRYS,0.0,0,398614,398614,2,
2026-05-27 01:51:46,IRYS,0.0,0,165331,165331,1,
2026-05-27 01:52:46,IRYS,0.0,0,497571,497571,5,
2026-05-27 01:53:46,IRYS,1.3,100000,7775090,7875090,14,
2026-05-27 01:54:46,IRYS,9999.0,200000,0,200000,1,
2026-05-27 01:55:46,IRYS,9999.0,1252526,0,1252526,1,
2026-05-27 01:56:46,IRYS,0.0,0,5959,5959,1,
2026-05-27 01:58:46,IRYS,0.0,0,310893,310893,3,
2026-05-27 02:00:46,IRYS,0.0,0,80000,80000,4,
2026-05-27 02:03:46,IRYS,9999.0,398037,0,398037,1,
2026-05-27 02:04:46,IRYS,9999.0,863307,0,863307,1,
2026-05-27 02:05:46,IRYS,0.0,0,5929,5929,1,
2026-05-27 02:07:46,IRYS,0.0,0,2487659,2487659,1,
2026-05-27 02:09:46,IRYS,0.0,0,1333097,1333097,1,
2026-05-27 02:10:46,IRYS,0.0,0,2443526,2443526,1,
2026-05-27 02:11:46,IRYS,0.0,0,937814,937814,1,
2026-05-27 02:13:46,IRYS,0.0,0,10025,10025,2,
2026-05-27 02:14:46,IRYS,0.0,0,461965,461965,25,
2026-05-27 02:15:46,IRYS,0.0,0,484603,484603,16,
2026-05-27 02:16:46,IRYS,20.0,8036,40263,48299,9,
2026-05-27 02:17:46,IRYS,0.4,22900,5243266,5266166,18,
2026-05-27 02:18:46,IRYS,0.0,0,4828611,4828611,17,
2026-05-27 02:19:46,IRYS,0.0,0,1496822,1496822,5,
2026-05-27 02:20:46,IRYS,1.4,732452,51078447,51810899,76,
2026-05-27 02:21:46,IRYS,0.0,0,10144548,10144548,8,
2026-05-27 02:22:46,IRYS,47.3,178952,378388,557340,3,
2026-05-27 02:23:46,IRYS,0.0,0,2310765,2310765,9,
2026-05-27 02:24:46,IRYS,37.1,1000000,2694018,3694018,29,
2026-05-27 02:25:46,IRYS,102.6,779674,759693,1539367,3,
2026-05-27 02:26:46,IRYS,0.0,0,30734429,30734429,32,
2026-05-27 02:27:46,IRYS,0.0,0,3825388,3825388,9,
2026-05-27 02:28:46,IRYS,4.8,952898,19954338,20907236,20,
2026-05-27 02:29:46,IRYS,9999.0,500000,0,500000,1,
2026-05-27 02:30:46,IRYS,0.0,0,47925633,47925633,89,
2026-05-27 02:31:46,IRYS,61.1,9551999,15622224,25174223,29,
2026-05-27 02:32:46,IRYS,0.1,13157,11334387,11347544,14,
2026-05-27 02:33:46,IRYS,6.7,500000,7456442,7956442,19,
2026-05-27 02:34:46,IRYS,2.2,150000,6964073,7114073,11,
2026-05-27 02:35:46,IRYS,9642.1,1627388,16878,1644266,9,
2026-05-27 02:36:46,IRYS,116.9,1787503,1529198,3316701,10,
2026-05-27 02:37:46,IRYS,0.0,0,852873,852873,2,
2026-05-27 02:38:46,IRYS,0.4,20000,4819574,4839574,5,
2026-05-27 02:39:46,IRYS,11.6,510754,4394149,4904903,7,
2026-05-27 02:40:46,IRYS,0.0,0,2359460,2359460,5,
2026-05-27 02:41:46,IRYS,0.0,0,3777122,3777122,2,
2026-05-27 02:42:46,IRYS,9999.0,5050,0,5050,1,
2026-05-27 02:43:46,IRYS,9999.0,5001,0,5001,1,
2026-05-27 02:44:46,IRYS,9.7,195147,2005358,2200505,2,
2026-05-27 02:46:46,IRYS,0.0,0,20000,20000,1,
2026-05-27 02:47:46,IRYS,9999.0,2183175,0,2183175,3,
2026-05-27 02:48:46,IRYS,0.0,0,2190221,2190221,15,
2026-05-27 02:49:46,IRYS,25.3,329265,1303949,1633214,5,
2026-05-27 02:56:46,IRYS,0.0,0,6164241,6164241,3,
2026-05-27 02:57:46,IRYS,271.9,4294200,1579291,5873491,8,
2026-05-27 02:58:46,IRYS,9999.0,2128239,0,2128239,4,
2026-05-27 02:59:46,IRYS,9999.0,0,0,0,1,
2026-05-27 03:00:46,IRYS,91.8,1696797,1847951,3544748,8,
2026-05-27 03:01:46,IRYS,9999.0,594873,0,594873,2,
2026-05-27 03:02:46,IRYS,115.6,9541100,8253673,17794773,6,
2026-05-27 03:03:46,IRYS,0.0,0,10745660,10745660,3,
2026-05-27 03:04:46,IRYS,0.0,0,1986470,1986470,1,
2026-05-27 03:05:46,IRYS,99.1,9676109,9765328,19441437,12,
2026-05-27 03:06:46,IRYS,1441.8,1648531,114336,1762867,8,
2026-05-27 03:07:46,IRYS,9999.0,10000,0,10000,1,
2026-05-27 03:08:46,IRYS,9999.0,398887,0,398887,1,
2026-05-27 03:11:46,IRYS,9999.0,230905,0,230905,1,
2026-05-27 03:12:46,IRYS,9999.0,483875,0,483875,3,
2026-05-27 03:13:46,IRYS,194.7,12900483,6625647,19526130,6,
2026-05-27 03:14:46,IRYS,0.0,0,581028,581028,1,
2026-05-27 03:15:46,IRYS,0.0,0,196650,196650,1,
2026-05-27 03:19:46,IRYS,15.7,11008,70160,81168,2,
2026-05-27 03:22:46,IRYS,9999.0,1381852,0,1381852,10,
2026-05-27 03:23:46,IRYS,9999.0,20000,0,20000,1,
2026-05-27 03:24:46,IRYS,8.0,139697,1736458,1876155,9,
2026-05-27 03:25:46,IRYS,9999.0,538966,0,538966,4,
2026-05-27 03:27:46,IRYS,9999.0,20656,0,20656,2,
2026-05-27 03:30:46,IRYS,9999.0,329169,0,329169,2,
2026-05-27 03:31:46,IRYS,198.7,1208353,607994,1816347,5,
2026-05-27 03:32:46,IRYS,0.0,0,49621,49621,2,
2026-05-27 03:33:46,IRYS,250.5,252831,100917,353748,2,
2026-05-27 03:37:46,IRYS,0.0,0,49438,49438,1,
2026-05-27 03:40:46,IRYS,0.0,0,802692,802692,1,
2026-05-27 03:42:46,IRYS,0.0,0,400000,400000,1,
2026-05-27 03:43:46,IRYS,0.0,0,526045,526045,9,
2026-05-27 03:44:46,IRYS,0.0,0,1888467,1888467,24,
2026-05-27 03:47:46,IRYS,3.9,199850,5129905,5329755,5,
2026-05-27 03:59:46,IRYS,0.0,0,398513,398513,5,
2026-05-27 04:00:46,IRYS,397.3,1253362,315490,1568852,6,
2026-05-27 04:02:46,IRYS,0.0,0,913200,913200,2,
2026-05-27 04:03:46,IRYS,9999.0,9932,0,9932,1,
2026-05-27 04:07:46,IRYS,0.0,0,66965,66965,1,
2026-05-27 04:10:46,IRYS,23.6,536265,2268235,2804500,4,
2026-05-27 04:14:46,IRYS,9999.0,100000,0,100000,1,
2026-05-27 04:16:46,IRYS,0.0,0,65764,65764,1,
2026-05-27 04:17:46,IRYS,0.0,0,1794428,1794428,3,
2026-05-27 04:18:46,IRYS,0.0,0,166652,166652,3,
2026-05-27 04:20:46,IRYS,0.0,0,4002161,4002161,4,
2026-05-27 04:21:46,IRYS,0.0,0,119909,119909,2,
2026-05-27 04:22:46,IRYS,0.0,0,234555,234555,2,
2026-05-27 04:24:46,IRYS,3.8,161197,4298121,4459318,7,
2026-05-27 04:27:46,IRYS,9999.0,791836,0,791836,3,
2026-05-27 04:29:46,IRYS,0.0,0,201376,201376,1,
2026-05-27 04:30:46,IRYS,0.0,0,286226,286226,3,
2026-05-27 04:33:46,IRYS,0.0,0,2902246,2902246,2,
2026-05-27 04:34:46,IRYS,9999.0,1881686,0,1881686,7,
2026-05-27 04:37:46,IRYS,0.0,0,27060,27060,1,
2026-05-27 04:38:46,IRYS,0.0,0,113454,113454,1,
2026-05-27 04:39:46,IRYS,87.3,760319,870787,1631105,6,
2026-05-27 04:40:46,IRYS,9999.0,97747,0,97747,1,
2026-05-27 04:41:46,IRYS,21.9,1395583,6384056,7779639,8,
2026-05-27 04:42:46,IRYS,9999.0,10205,0,10205,1,
2026-05-27 04:46:46,IRYS,9999.0,3809783,0,3809783,3,
2026-05-27 04:48:46,IRYS,9999.0,4194608,0,4194608,4,
2026-05-27 04:50:46,IRYS,0.0,0,19953,19953,1,
2026-05-27 04:51:46,IRYS,13.1,19961,152097,172058,5,
2026-05-27 04:53:46,IRYS,0.0,0,26910,26910,1,
2026-05-27 04:54:46,IRYS,0.0,0,88000,88000,1,
2026-05-27 04:55:46,IRYS,9999.0,54318,0,54318,1,
2026-05-27 04:59:46,IRYS,0.0,0,893418,893418,1,
2026-05-27 05:01:46,IRYS,0.0,0,1029471,1029471,4,
2026-05-27 05:03:46,IRYS,0.0,0,1760000,1760000,1,
2026-05-27 05:04:46,IRYS,0.0,0,5618845,5618845,2,
2026-05-27 05:05:46,IRYS,9999.0,1165033,0,1165033,1,
2026-05-27 05:09:46,IRYS,9999.0,27060,0,27060,1,
2026-05-27 05:11:46,IRYS,5.3,599700,11209953,11809653,9,
2026-05-27 05:12:46,IRYS,9999.0,15967,0,15967,1,
2026-05-27 05:13:46,IRYS,21.8,261369,1198462,1459830,4,
2026-05-27 05:15:46,IRYS,30.5,8441007,27658276,36099283,13,
2026-05-27 05:16:46,IRYS,0.0,0,6228337,6228337,7,
2026-05-27 05:18:46,IRYS,37.3,1718035,4604378,6322412,9,
2026-05-27 05:19:46,IRYS,3.1,100000,3265150,3365150,7,
2026-05-27 05:20:46,IRYS,9999.0,12889,0,12889,1,
2026-05-27 05:21:46,IRYS,1.6,11282,684342,695624,3,
2026-05-27 05:24:46,IRYS,9999.0,5397957,0,5397957,3,
2026-05-27 05:25:46,IRYS,310.3,835781,269384,1105164,2,
2026-05-27 05:26:46,IRYS,9999.0,876000,0,876000,11,
2026-05-27 05:27:46,IRYS,9999.0,5053892,0,5053892,9,
2026-05-27 05:28:46,IRYS,259.1,2998501,1157137,4155638,4,
2026-05-27 05:30:46,IRYS,0.0,0,503311,503311,3,
2026-05-27 05:32:46,IRYS,9999.0,7238,0,7238,1,
2026-05-27 05:33:46,IRYS,0.0,0,7222,7222,1,
2026-05-27 05:34:46,IRYS,0.0,0,618605,618605,4,
2026-05-27 05:35:46,IRYS,0.0,0,144636,144636,2,
2026-05-27 05:36:46,IRYS,89.0,710046,797784,1507830,6,
2026-05-27 05:37:46,IRYS,1891.8,1458075,77074,1535148,4,
2026-05-27 05:39:46,IRYS,9999.0,263400,0,263400,30,
2026-05-27 05:40:46,IRYS,7513.2,9880238,131505,10011743,12,
2026-05-27 05:43:46,IRYS,0.0,0,4837012,4837012,7,
2026-05-27 05:45:46,IRYS,0.0,0,2984118,2984118,1,
2026-05-27 05:46:46,IRYS,9999.0,268039,0,268039,4,
2026-05-27 05:47:46,IRYS,2237.9,340040,15195,355235,15,
2026-05-27 05:48:46,IRYS,9999.0,248932,0,248932,1,
2026-05-27 05:49:46,IRYS,209.2,336902,161073,497974,6,
2026-05-27 05:50:46,IRYS,0.0,0,2382965,2382965,13,
2026-05-27 05:51:46,IRYS,0.0,0,397147,397147,1,
2026-05-27 05:53:46,IRYS,0.0,0,471079,471079,2,
2026-05-27 05:54:46,IRYS,0.0,0,124471,124471,3,
2026-05-27 05:56:46,IRYS,9999.0,37371,0,37371,1,
2026-05-27 05:58:46,IRYS,0.0,0,2916776,2916776,1,
2026-05-27 06:01:46,IRYS,14.3,300000,2101787,2401787,10,
2026-05-27 06:02:46,IRYS,0.0,0,1105736,1105736,7,
2026-05-27 06:03:46,IRYS,0.0,0,57417,57417,1,
2026-05-27 06:04:46,IRYS,0.0,0,59175,59175,1,
2026-05-27 06:08:46,IRYS,0.0,0,4914781,4914781,1,
2026-05-27 06:09:46,IRYS,9999.0,26998,0,26998,1,
2026-05-27 06:11:46,IRYS,9999.0,4571456,0,4571456,3,
2026-05-27 06:12:46,IRYS,0.0,0,290458,290458,5,
2026-05-27 06:13:46,IRYS,7.0,1117771,16081648,17199419,19,
2026-05-27 06:16:46,IRYS,0.3,30000,10543424,10573424,25,
2026-05-27 06:17:46,IRYS,9999.0,910741,0,910741,16,
2026-05-27 06:18:46,IRYS,9999.0,188061,0,188061,5,
2026-05-27 06:20:46,IRYS,288.4,2682136,930116,3612252,9,
2026-05-27 06:23:46,IRYS,0.0,0,886328,886328,2,
2026-05-27 06:24:46,IRYS,27.7,600000,2163215,2763215,5,
2026-05-27 06:25:46,IRYS,0.0,0,2714244,2714244,3,
2026-05-27 06:27:46,IRYS,9999.0,48017,0,48017,2,
2026-05-27 06:28:46,IRYS,584.0,1159953,198636,1358589,3,
2026-05-27 06:29:46,IRYS,9999.0,543046,0,543046,3,
2026-05-27 06:33:46,IRYS,0.0,0,412497,412497,2,
2026-05-27 06:34:46,IRYS,3783.1,753186,19909,773095,2,
2026-05-27 06:35:46,IRYS,9999.0,2326070,0,2326070,6,
2026-05-27 06:36:46,IRYS,9999.0,3913344,0,3913344,1,
2026-05-27 06:37:46,IRYS,9999.0,139930,0,139930,1,
2026-05-27 06:39:46,IRYS,23564.3,3753945,15931,3769876,10,
2026-05-27 06:40:46,IRYS,9999.0,137806,0,137806,1,
2026-05-27 06:45:46,IRYS,288.5,15456654,5357030,20813685,9,
2026-05-27 06:46:46,IRYS,9999.0,10000,0,10000,2,
2026-05-27 06:47:46,IRYS,159.8,463247,289849,753097,8,
2026-05-27 06:48:46,IRYS,1466.2,1325271,90388,1415659,5,
2026-05-27 06:49:46,IRYS,9999.0,13765526,0,13765526,17,
2026-05-27 06:50:46,IRYS,9999.0,84766,0,84766,2,
2026-05-27 06:51:46,IRYS,9999.0,2177227,0,2177227,5,
2026-05-27 06:52:46,IRYS,14.1,1000000,7076693,8076693,6,
2026-05-27 06:53:46,IRYS,0.0,0,56503,56503,2,
2026-05-27 06:54:46,IRYS,9999.0,376300,0,376300,3,
2026-05-27 06:55:46,IRYS,6.3,9933,158460,168393,2,
2026-05-27 06:56:46,IRYS,0.0,0,4607497,4607497,2,
2026-05-27 06:57:46,IRYS,9999.0,97320,0,97320,1,
2026-05-27 06:58:46,IRYS,9999.0,5186629,0,5186629,3,
2026-05-27 06:59:46,IRYS,0.0,0,2363908,2363908,4,
2026-05-27 07:00:46,IRYS,0.8,23785,2800004,2823789,5,
2026-05-27 07:02:46,IRYS,9999.0,8246508,0,8246508,3,
2026-05-27 07:03:46,IRYS,0.0,0,2849473,2849473,5,
2026-05-27 07:04:46,IRYS,0.0,0,19782762,19782762,16,
2026-05-27 07:05:46,IRYS,59.9,1323261,2209285,3532546,9,
2026-05-27 07:06:46,IRYS,8.9,822322,9283570,10105892,14,
2026-05-27 07:07:46,IRYS,0.0,0,869999,869999,2,
2026-05-27 07:08:46,IRYS,1.5,100000,6758941,6858941,10,
2026-05-27 07:09:46,IRYS,0.0,0,2975716,2975716,4,
2026-05-27 07:10:46,IRYS,0.0,0,1104842,1104842,1,
2026-05-27 07:11:46,IRYS,0.0,0,9121975,9121975,4,
2026-05-27 07:12:46,IRYS,66.8,15804806,23676989,39481794,23,
2026-05-27 07:14:46,IRYS,0.7,19995,2968906,2988901,4,
2026-05-27 07:15:46,IRYS,9999.0,30000,0,30000,1,
2026-05-27 07:16:46,IRYS,385.4,668398,173426,841824,8,
2026-05-27 07:17:46,IRYS,0.0,0,546033,546033,4,
2026-05-27 07:18:46,IRYS,0.0,0,591179,591179,3,
2026-05-27 07:19:46,IRYS,0.0,0,568891,568891,2,
2026-05-27 07:20:46,IRYS,0.0,0,2891948,2891948,3,
2026-05-27 07:22:46,IRYS,9999.0,532114,0,532114,1,
2026-05-27 07:23:46,IRYS,56.7,2049642,3613994,5663636,6,
2026-05-27 07:26:46,IRYS,9999.0,20276,0,20276,2,
2026-05-27 07:27:46,IRYS,9999.0,4753765,0,4753765,3,
2026-05-27 07:29:46,IRYS,9999.0,2124913,0,2124913,5,
2026-05-27 07:30:46,IRYS,0.8,10000,1183489,1193489,6,
2026-05-27 07:31:46,IRYS,46.0,2056162,4468436,6524597,9,
2026-05-27 07:32:46,IRYS,0.0,0,80823,80823,1,
2026-05-27 07:33:46,IRYS,9999.0,299700,0,299700,1,
2026-05-27 07:34:46,IRYS,0.0,0,4011098,4011098,3,
2026-05-27 07:35:46,IRYS,1.8,20000,1114391,1134391,4,
2026-05-27 07:36:46,IRYS,1196.1,4219777,352808,4572586,8,
2026-05-27 07:37:46,IRYS,147.9,5154511,3485854,8640366,13,
2026-05-27 07:38:46,IRYS,0.0,0,7393947,7393947,16,
2026-05-27 07:39:46,IRYS,100.5,100000,99544,199544,2,
2026-05-27 07:40:46,IRYS,0.0,0,518875,518875,7,
2026-05-27 07:41:46,IRYS,0.0,0,1007507,1007507,8,
2026-05-27 07:42:46,IRYS,9999.0,1924149,0,1924149,4,
2026-05-27 07:44:46,IRYS,9999.0,31900,0,31900,2,
2026-05-27 07:45:46,IRYS,241.3,6851592,2839594,9691186,20,
2026-05-27 07:46:46,IRYS,0.0,0,623483,623483,11,
2026-05-27 07:47:46,IRYS,81.0,2021900,2495523,4517423,5,
2026-05-27 07:48:46,IRYS,9999.0,399800,0,399800,1,
2026-05-27 07:49:46,IRYS,1220.9,1113246,91186,1204432,4,
2026-05-27 07:50:46,IRYS,4.0,70000,1737541,1807541,2,
2026-05-27 07:51:46,IRYS,0.0,0,330133,330133,2,
2026-05-27 07:52:46,IRYS,0.0,0,1285043,1285043,1,
2026-05-27 07:53:46,IRYS,2489.8,438000,17592,455592,3,
2026-05-27 07:54:46,IRYS,9999.0,32809,0,32809,2,
2026-05-27 07:55:46,IRYS,1514.0,193800,12800,206600,3,
2026-05-27 07:56:46,IRYS,2.1,149917,7312035,7461953,22,
2026-05-27 07:57:46,IRYS,3.5,153086,4391592,4544678,14,
2026-05-27 07:58:47,IRYS,190.7,1594441,836119,2430560,5,
2026-05-27 07:59:47,IRYS,12.4,2056241,16603849,18660090,16,
2026-05-27 08:00:47,IRYS,18.7,127359,679660,807019,14,
2026-05-27 08:01:47,IRYS,0.0,0,53746,53746,2,
2026-05-27 08:02:47,IRYS,0.0,0,6147306,6147306,7,
2026-05-27 08:03:47,IRYS,9999.0,9955,0,9955,1,
2026-05-27 08:04:47,IRYS,9999.0,644757,0,644757,1,
2026-05-27 08:06:47,IRYS,16.3,87600,537266,624866,5,
2026-05-27 08:08:47,IRYS,8.8,952101,10867616,11819717,11,
2026-05-27 08:09:47,IRYS,9999.0,1442428,0,1442428,3,
2026-05-27 08:10:47,IRYS,9999.0,2932205,0,2932205,5,
2026-05-27 08:11:47,IRYS,9999.0,2829080,0,2829080,4,
2026-05-27 08:12:47,IRYS,5.2,20371,394614,414985,4,
2026-05-27 08:13:47,IRYS,0.0,0,1126363,1126363,3,
2026-05-27 08:14:47,IRYS,0.0,0,13157320,13157320,8,
2026-05-27 08:15:47,IRYS,70.0,3406989,4867460,8274449,7,
2026-05-27 08:16:47,IRYS,0.0,0,11086838,11086838,10,
2026-05-27 08:17:47,IRYS,18.8,1300897,6912310,8213208,16,
2026-05-27 08:18:47,IRYS,0.0,0,923298,923298,4,
2026-05-27 08:19:47,IRYS,0.0,0,749808,749808,2,
2026-05-27 08:20:47,IRYS,9999.0,2718120,0,2718120,7,
2026-05-27 08:21:47,IRYS,5.0,9955,197639,207593,2,
2026-05-27 08:22:47,IRYS,9999.0,2463717,0,2463717,5,
2026-05-27 08:23:47,IRYS,3.0,25874,874000,899874,5,
2026-05-27 08:24:47,IRYS,2.8,574886,20423009,20997895,18,
2026-05-27 08:25:47,IRYS,9.7,1487802,15390191,16877993,10,
2026-05-27 08:26:47,IRYS,144.8,7149781,4937815,12087596,12,
2026-05-27 08:27:47,IRYS,85.4,297672,348532,646204,5,
2026-05-27 08:28:47,IRYS,98.7,269751,273257,543007,6,
2026-05-27 08:29:47,IRYS,4.8,239368,4992482,5231850,3,
2026-05-27 08:30:47,IRYS,9999.0,1432157,0,1432157,4,
2026-05-27 08:31:47,IRYS,0.0,0,3258954,3258954,7,
2026-05-27 08:32:47,IRYS,0.0,0,458950,458950,1,
2026-05-27 08:33:47,IRYS,0.0,0,5369488,5369488,6,
2026-05-27 08:34:47,IRYS,93.4,1033862,1107047,2140908,12,
2026-05-27 08:35:47,IRYS,8.9,58420,659143,717563,8,
2026-05-27 08:36:47,IRYS,9999.0,545209,0,545209,3,
2026-05-27 08:37:47,IRYS,9999.0,1217192,0,1217192,3,
2026-05-27 08:38:47,IRYS,9999.0,500000,0,500000,1,
2026-05-27 08:39:47,IRYS,137.9,9509210,6895356,16404566,10,
2026-05-27 08:40:47,IRYS,47.6,3035902,6375592,9411494,7,
2026-05-27 08:41:47,IRYS,2.9,9956,344459,354415,7,
2026-05-27 08:42:47,IRYS,12.3,75279,611260,686539,14,
2026-05-27 08:43:47,IRYS,0.8,5268,694465,699733,9,
2026-05-27 08:44:47,IRYS,86.3,642935,745401,1388335,9,
2026-05-27 08:45:47,IRYS,257.9,4692490,1819679,6512169,22,
2026-05-27 08:46:47,IRYS,0.0,0,1051121,1051121,10,
2026-05-27 08:47:47,IRYS,41.3,256759,622027,878787,12,
2026-05-27 08:48:47,IRYS,108.4,258126,238103,496229,8,
2026-05-27 08:49:47,IRYS,31.9,274469,859125,1133594,12,
2026-05-27 08:50:47,IRYS,28.6,259601,906835,1166437,8,
2026-05-27 08:51:47,IRYS,74.0,13399381,18096393,31495774,26,
2026-05-27 08:52:47,IRYS,30.0,1064678,3545112,4609790,10,
2026-05-27 08:53:47,IRYS,0.0,0,1608386,1608386,9,
2026-05-27 08:55:47,IRYS,13.4,508747,3805905,4314651,10,
2026-05-27 08:56:47,IRYS,19.2,80263,417544,497807,5,
2026-05-27 08:57:47,IRYS,189.2,3317704,1753119,5070822,11,
2026-05-27 08:58:47,IRYS,68.4,605865,885888,1491753,14,
2026-05-27 08:59:47,IRYS,4.4,326284,7484259,7810543,22,
2026-05-27 09:00:47,IRYS,12.1,541300,4484975,5026275,18,
2026-05-27 09:01:47,IRYS,32.7,5861093,17924958,23786051,17,
2026-05-27 09:02:47,IRYS,152.1,14895104,9795861,24690965,44,
2026-05-27 09:03:47,IRYS,275.0,3423147,1244867,4668014,15,
2026-05-27 09:04:47,IRYS,33.6,3398741,10110954,13509694,28,
2026-05-27 09:05:47,IRYS,19.5,1566163,8022608,9588771,33,
2026-05-27 09:06:47,IRYS,127.4,6849643,5376059,12225702,28,
2026-05-27 09:07:47,IRYS,167.1,14367052,8597025,22964076,38,
2026-05-27 09:08:47,IRYS,20.1,2139576,10658797,12798374,22,
2026-05-27 09:09:47,IRYS,44.2,3003438,6797747,9801185,20,
2026-05-27 09:10:47,IRYS,204.8,25788608,12594100,38382708,52,
2026-05-27 09:11:47,IRYS,547.3,18670946,3411465,22082411,32,
2026-05-27 09:12:47,IRYS,34.5,8077700,23427899,31505599,29,
2026-05-27 09:13:47,IRYS,71.3,4161474,5833728,9995202,23,
2026-05-27 09:14:47,IRYS,212.3,56301177,26518775,82819952,75,
2026-05-27 09:15:47,IRYS,13.0,2300246,17644761,19945007,39,
2026-05-27 09:16:47,IRYS,13.4,1228819,9171684,10400503,24,
2026-05-27 09:17:47,IRYS,22.6,3298351,14577401,17875752,19,
2026-05-27 09:18:47,IRYS,0.0,0,19129487,19129487,20,
2026-05-27 09:19:47,IRYS,70.3,6980258,9931575,16911832,25,
2026-05-27 09:20:47,IRYS,9999.0,2295844,0,2295844,9,
2026-05-27 09:21:47,IRYS,166.1,12007270,7227563,19234833,10,
2026-05-27 09:22:47,IRYS,0.1,9932,7455336,7465268,12,
2026-05-27 09:23:47,IRYS,86.0,11577799,13457013,25034812,31,
2026-05-27 09:24:47,IRYS,3.1,901971,29277106,30179078,36,
2026-05-27 09:25:47,IRYS,1025.9,6585146,641863,7227009,13,
2026-05-27 09:26:47,IRYS,3728.8,20848403,559120,21407523,11,
2026-05-27 09:27:47,IRYS,0.1,5001,4707952,4712953,6,
2026-05-27 09:28:47,IRYS,3.4,1157877,33599893,34757770,49,
2026-05-27 09:29:47,IRYS,18846.3,4778166,25353,4803519,8,
2026-05-27 09:30:47,IRYS,0.0,0,12420571,12420571,15,
2026-05-27 09:31:47,IRYS,92.5,14230138,15382640,29612778,12,
2026-05-27 09:32:47,IRYS,48.8,144278,295763,440041,11,
2026-05-27 09:33:47,IRYS,9999.0,4158402,0,4158402,5,
2026-05-27 09:34:47,IRYS,74.5,2183790,2930341,5114131,9,
2026-05-27 09:35:47,IRYS,146.6,4725145,3223603,7948748,8,
2026-05-27 09:36:47,IRYS,0.1,5023,8352507,8357530,6,
2026-05-27 09:37:47,IRYS,112.0,8398463,7501654,15900117,14,
2026-05-27 09:38:47,IRYS,0.0,0,281632,281632,3,
2026-05-27 09:39:47,IRYS,14.2,2219457,15592831,17812288,12,
2026-05-27 09:40:47,IRYS,9999.0,685066,0,685066,1,
2026-05-27 09:41:47,IRYS,9999.0,2364069,0,2364069,6,
2026-05-27 09:42:47,IRYS,79989.6,8002158,10004,8012162,16,
2026-05-27 09:43:47,IRYS,0.9,72571,8154440,8227010,10,
2026-05-27 09:44:47,IRYS,0.0,0,1523922,1523922,3,
2026-05-27 09:45:47,IRYS,9.6,1732644,17992930,19725574,13,
2026-05-27 09:46:47,IRYS,1558.2,1869201,119961,1989162,9,
2026-05-27 09:47:47,IRYS,9999.0,2307080,0,2307080,3,
2026-05-27 09:48:47,IRYS,90.6,968268,1068972,2037241,7,
2026-05-27 09:49:47,IRYS,44.2,1018289,2301304,3319593,4,
2026-05-27 09:50:47,IRYS,16996.5,28814257,169531,28983787,5,
2026-05-27 09:51:47,IRYS,500.9,4988957,996056,5985013,23,
2026-05-27 09:52:47,IRYS,371.1,20028871,5397795,25426666,28,
2026-05-27 09:53:47,IRYS,9.6,777008,8086362,8863370,8,
2026-05-27 09:54:47,IRYS,130.7,3818484,2920663,6739147,24,
2026-05-27 09:55:47,IRYS,0.0,0,3755506,3755506,8,
2026-05-27 09:56:47,IRYS,178.2,8508421,4775871,13284292,14,
2026-05-27 09:57:47,IRYS,0.0,0,887947,887947,3,
2026-05-27 09:58:47,IRYS,30.9,2390113,7733071,10123183,14,
2026-05-27 09:59:47,IRYS,19.3,386906,2000867,2387774,3,
2026-05-27 10:00:47,IRYS,374.6,3145720,839778,3985499,9,
2026-05-27 10:01:47,IRYS,9999.0,4896100,0,4896100,23,
2026-05-27 10:02:47,IRYS,31.6,742800,2349761,3092561,8,
2026-05-27 10:03:47,IRYS,9999.0,2863311,0,2863311,3,
2026-05-27 10:04:47,IRYS,0.0,0,4592523,4592523,5,
2026-05-27 10:05:47,IRYS,488.0,13473573,2761015,16234589,33,
2026-05-27 10:06:47,IRYS,8348.8,6679049,80000,6759049,17,
2026-05-27 10:07:47,IRYS,597.8,5457643,912983,6370625,26,
2026-05-27 10:08:47,IRYS,9999.0,5278161,0,5278161,12,
2026-05-27 10:09:47,IRYS,695.0,12777674,1838645,14616319,27,
2026-05-27 10:10:47,IRYS,370.4,2461111,664470,3125581,11,
2026-05-27 10:11:47,IRYS,50.9,2194109,4307922,6502031,9,
2026-05-27 10:12:47,IRYS,164.0,6241334,3805928,10047263,13,
2026-05-27 10:13:47,IRYS,40.0,6778571,16929048,23707619,21,
2026-05-27 10:14:47,IRYS,9.4,1830445,19456493,21286938,16,
2026-05-27 10:15:47,IRYS,23.1,3078604,13310814,16389418,14,
2026-05-27 10:16:47,IRYS,62.1,9648332,15538277,25186609,37,
2026-05-27 10:17:47,IRYS,1150.3,7384663,641954,8026617,13,
2026-05-27 10:18:47,IRYS,343.5,6339812,1845433,8185245,7,
2026-05-27 10:19:47,IRYS,0.0,0,6894119,6894119,8,
2026-05-27 10:20:47,IRYS,18.8,1317383,7025251,8342634,17,
2026-05-27 10:21:47,IRYS,9999.0,12853754,0,12853754,10,
2026-05-27 10:22:47,IRYS,9999.0,2552539,0,2552539,13,
2026-05-27 10:23:47,IRYS,690.4,2117386,306673,2424059,17,
2026-05-27 10:24:47,IRYS,5.2,623150,11919036,12542186,11,
2026-05-27 10:25:47,IRYS,34.2,405061,1184674,1589736,6,
2026-05-27 10:26:47,IRYS,37.8,945000,2501691,3446691,5,
2026-05-27 10:27:47,IRYS,14.2,60952,429326,490278,6,
2026-05-27 10:28:47,IRYS,362.6,3447953,950870,4398823,7,
2026-05-27 10:29:47,IRYS,28.1,3859016,13720171,17579187,17,
2026-05-27 10:30:47,IRYS,0.8,10000,1268510,1278510,7,
2026-05-27 10:31:47,IRYS,5078.9,5624827,110750,5735577,16,
2026-05-27 10:32:47,IRYS,345.8,18752946,5423342,24176288,19,
2026-05-27 10:33:47,IRYS,9999.0,5327401,0,5327401,12,
2026-05-27 10:34:47,IRYS,65.2,1542302,2367098,3909400,15,
2026-05-27 10:35:47,IRYS,448.6,3636720,810715,4447435,6,
2026-05-27 10:36:47,IRYS,9999.0,17612490,0,17612490,13,
2026-05-27 10:37:47,IRYS,118.6,10981902,9256412,20238314,38,
2026-05-27 10:38:47,IRYS,0.0,0,2084995,2084995,3,
2026-05-27 10:39:47,IRYS,50.5,2696005,5339808,8035814,14,
2026-05-27 10:40:47,IRYS,0.0,0,7189985,7189985,9,
2026-05-27 10:41:47,IRYS,506.8,7894370,1557815,9452185,9,
2026-05-27 10:42:47,IRYS,374.6,8421884,2248434,10670318,8,
2026-05-27 10:43:47,IRYS,0.0,0,7784647,7784647,4,
2026-05-27 10:44:47,IRYS,16.6,1454038,8733953,10187991,11,
2026-05-27 10:45:47,IRYS,0.0,4968,10396306,10401274,8,
2026-05-27 10:46:47,IRYS,2309.2,3330153,144213,3474366,4,
2026-05-27 10:47:47,IRYS,9999.0,15387688,0,15387688,9,
2026-05-27 10:48:47,IRYS,30.3,1420899,4690699,6111597,7,
2026-05-27 10:49:47,IRYS,107.9,4990231,4623517,9613748,24,
2026-05-27 10:50:47,IRYS,9.1,2067871,22800549,24868419,16,
2026-05-27 10:51:47,IRYS,43.8,621438,1419148,2040586,6,
2026-05-27 10:52:47,IRYS,9999.0,3090085,0,3090085,7,
2026-05-27 10:53:47,IRYS,9999.0,10000,0,10000,1,
2026-05-27 10:54:47,IRYS,1292.7,6321015,488983,6809998,6,
2026-05-27 10:55:47,IRYS,13181.9,1819095,13800,1832895,5,
2026-05-27 10:56:47,IRYS,1767.3,3941091,223000,4164091,11,
2026-05-27 10:57:47,IRYS,71.0,295038,415604,710642,5,
2026-05-27 10:58:47,IRYS,0.0,0,5757670,5757670,3,
2026-05-27 10:59:47,IRYS,5.7,808111,14122700,14930811,10,
2026-05-27 11:00:47,IRYS,9999.0,4194643,0,4194643,10,
2026-05-27 11:01:47,IRYS,9999.0,249760,0,249760,1,
2026-05-27 11:02:47,IRYS,13.5,894836,6650415,7545250,21,
2026-05-27 11:03:47,IRYS,1.0,33726,3266946,3300672,7,
2026-05-27 11:04:47,IRYS,0.0,0,10040509,10040509,18,
2026-05-27 11:05:47,IRYS,141.7,2666448,1882059,4548507,6,
2026-05-27 11:06:47,IRYS,121.6,130094,106970,237064,4,
2026-05-27 11:08:47,IRYS,9999.0,2058097,0,2058097,4,
2026-05-27 11:09:47,IRYS,7.5,1401087,18562463,19963550,32,
2026-05-27 11:10:47,IRYS,7.1,1488787,20915308,22404094,35,
2026-05-27 11:11:47,IRYS,2970.0,11051895,372123,11424018,9,
2026-05-27 11:12:47,IRYS,465.2,3527361,758224,4285585,11,
2026-05-27 11:13:47,IRYS,15.1,745943,4941500,5687443,4,
2026-05-27 11:14:47,IRYS,29.7,955640,3216287,4171927,9,
2026-05-27 11:15:47,IRYS,0.0,0,3835079,3835079,7,
2026-05-27 11:16:47,IRYS,0.0,0,12888863,12888863,11,
2026-05-27 11:17:47,IRYS,0.0,0,3191934,3191934,4,
2026-05-27 11:18:47,IRYS,0.0,0,5693435,5693435,10,
2026-05-27 11:19:47,IRYS,67.9,4244387,6252988,10497375,26,
2026-05-27 11:20:47,IRYS,56.1,7891284,14055007,21946291,35,
2026-05-27 11:21:47,IRYS,0.1,5088,8500046,8505134,14,
2026-05-27 11:22:47,IRYS,59.8,4644357,7761679,12406036,17,
2026-05-27 11:23:47,IRYS,9999.0,3240890,0,3240890,5,
2026-05-27 11:24:47,IRYS,136.8,2127615,1555051,3682666,8,
2026-05-27 11:25:47,IRYS,969.5,2484943,256303,2741245,6,
2026-05-27 11:26:47,IRYS,1010.9,3472237,343478,3815715,8,
2026-05-27 11:27:47,IRYS,992.7,269891,27188,297079,6,
2026-05-27 11:28:47,IRYS,0.0,0,286194,286194,4,
2026-05-27 11:29:47,IRYS,107.1,10934669,10205256,21139924,15,
2026-05-27 11:30:47,IRYS,0.0,0,50994,50994,2,
2026-05-27 11:31:47,IRYS,70.8,7212235,10189297,17401532,24,
2026-05-27 11:32:47,IRYS,85855.7,4636209,5400,4641609,9,
2026-05-27 11:33:47,IRYS,9999.0,1956376,0,1956376,5,
2026-05-27 11:34:47,IRYS,3164.2,3156054,99744,3255798,12,
2026-05-27 11:35:47,IRYS,9999.0,2703660,0,2703660,3,
2026-05-27 11:36:47,IRYS,5383.0,7618156,141524,7759680,22,
2026-05-27 11:37:47,IRYS,125.3,1679567,1339971,3019538,11,
2026-05-27 11:38:47,IRYS,0.0,0,6607258,6607258,13,
2026-05-27 11:39:47,IRYS,0.0,0,2657291,2657291,2,
2026-05-27 11:40:47,IRYS,0.0,0,777571,777571,3,
2026-05-27 11:41:47,IRYS,11.0,10000,90981,100981,2,
2026-05-27 11:42:47,IRYS,9999.0,1258850,0,1258850,5,
2026-05-27 11:43:47,IRYS,239.3,1720686,719182,2439868,3,
2026-05-27 11:44:47,IRYS,135.6,2861662,2110741,4972403,8,
2026-05-27 11:45:47,IRYS,0.0,0,737621,737621,3,
2026-05-27 11:46:47,IRYS,0.0,0,2314946,2314946,7,
2026-05-27 11:47:47,IRYS,9999.0,6521162,0,6521162,9,
2026-05-27 11:48:47,IRYS,17.2,654376,3814046,4468422,5,
2026-05-27 11:49:47,IRYS,9999.0,2392281,0,2392281,2,
2026-05-27 11:50:47,IRYS,9999.0,381902,0,381902,2,
2026-05-27 11:51:47,IRYS,9999.0,14801,0,14801,1,
2026-05-27 11:53:47,IRYS,9999.0,16790923,0,16790923,16,
2026-05-27 11:54:47,IRYS,6.2,399676,6423052,6822728,8,
2026-05-27 11:55:47,IRYS,20.9,188879,904746,1093624,5,
2026-05-27 11:56:47,IRYS,9999.0,731937,0,731937,3,
2026-05-27 11:57:47,IRYS,9999.0,5500,0,5500,1,
2026-05-27 11:58:47,IRYS,0.4,10000,2384520,2394520,7,
2026-05-27 11:59:47,IRYS,0.0,0,16121858,16121858,30,
2026-05-27 12:00:47,IRYS,108.2,2668432,2467262,5135694,11,
2026-05-27 12:01:47,IRYS,9999.0,418142,0,418142,2,
2026-05-27 12:02:47,IRYS,54.2,3265079,6029628,9294707,30,
2026-05-27 12:03:47,IRYS,5.6,151848,2694284,2846132,15,
2026-05-27 12:04:47,IRYS,6.3,500000,7987502,8487502,8,
2026-05-27 12:05:47,IRYS,9999.0,60000,0,60000,2,
2026-05-27 12:06:47,IRYS,19.4,871609,4499742,5371351,13,
2026-05-27 12:07:47,IRYS,19.9,2561928,12881540,15443468,22,
2026-05-27 12:08:47,IRYS,0.0,0,534116,534116,2,
2026-05-27 12:09:47,IRYS,9999.0,533581,0,533581,2,
2026-05-27 12:10:47,IRYS,753.7,3256829,432135,3688964,13,
2026-05-27 12:11:47,IRYS,192.1,6790356,3535234,10325591,10,
2026-05-27 12:13:47,IRYS,9999.0,162528,0,162528,3,
2026-05-27 12:14:47,IRYS,0.0,0,2670730,2670730,4,
2026-05-27 12:15:47,IRYS,239.3,1324727,553574,1878300,6,
2026-05-27 12:16:47,IRYS,237.1,9112609,3843882,12956491,7,
2026-05-27 12:17:47,IRYS,15.9,731722,4597653,5329376,8,
2026-05-27 12:18:47,IRYS,100.6,3058643,3039324,6097968,5,
2026-05-27 12:19:47,IRYS,344.5,537926,156140,694066,3,
2026-05-27 12:21:47,IRYS,0.0,0,292999,292999,3,
2026-05-27 12:22:47,IRYS,0.0,0,49281,49281,2,
2026-05-27 12:23:47,IRYS,114.4,21005161,18358462,39363622,23,
2026-05-27 12:24:47,IRYS,9999.0,356606,0,356606,2,
2026-05-27 12:25:47,IRYS,669.4,2918056,435909,3353965,10,
2026-05-27 12:26:47,IRYS,39.8,1816760,4561845,6378605,4,
2026-05-27 12:27:47,IRYS,4201.3,2100651,50000,2150651,13,
2026-05-27 12:28:47,IRYS,9999.0,10585776,0,10585776,8,
2026-05-27 12:29:47,IRYS,1052.7,2492893,236819,2729712,16,
2026-05-27 12:30:47,IRYS,0.0,0,9148433,9148433,2,
2026-05-27 12:31:47,IRYS,2.2,9978,454872,464850,2,
2026-05-27 12:32:47,IRYS,9999.0,5000354,0,5000354,10,
2026-05-27 12:33:47,IRYS,172.9,1418167,820338,2238504,8,
2026-05-27 12:34:47,IRYS,9999.0,2060091,0,2060091,8,
2026-05-27 12:35:47,IRYS,6224.3,9670765,155372,9826137,27,
2026-05-27 12:36:47,IRYS,441.8,29402255,6655724,36057979,65,
2026-05-27 12:37:47,IRYS,329.7,10259727,3112135,13371862,40,
2026-05-27 12:38:47,IRYS,4.7,262457,5542270,5804727,22,
2026-05-27 12:39:47,IRYS,9999.0,3369823,0,3369823,4,
2026-05-27 12:40:47,IRYS,50.3,4158736,8270113,12428849,28,
2026-05-27 12:41:47,IRYS,390.9,4561034,1166786,5727820,22,
2026-05-27 12:42:47,IRYS,134.3,19083596,14205351,33288947,44,
2026-05-27 12:43:47,IRYS,210.3,6401126,3044150,9445276,26,
2026-05-27 12:44:47,IRYS,9999.0,5750231,0,5750231,10,
2026-05-27 12:45:47,IRYS,162.0,8384547,5176947,13561494,23,
2026-05-27 12:46:47,IRYS,6.0,1451298,24111347,25562645,37,
2026-05-27 12:47:47,IRYS,23.2,1362652,5870446,7233098,14,
2026-05-27 12:48:47,IRYS,2464.3,12321547,500000,12821547,9,
2026-05-27 12:49:47,IRYS,422.8,11274328,2666358,13940686,20,
2026-05-27 12:50:47,IRYS,213.4,10526359,4933135,15459494,20,
2026-05-27 12:51:47,IRYS,433.6,32187537,7423293,39610831,45,
2026-05-27 12:52:47,IRYS,171.4,19296894,11257321,30554215,63,
2026-05-27 12:53:47,IRYS,260.8,31800131,12192844,43992975,65,
2026-05-27 12:54:47,IRYS,325.8,27897336,8563763,36461099,60,
2026-05-27 12:55:47,IRYS,35.5,3488631,9813577,13302208,37,
2026-05-27 12:56:47,IRYS,657.8,10162056,1544755,11706812,13,
2026-05-27 12:57:47,IRYS,121.1,3185636,2631192,5816828,7,
2026-05-27 12:58:47,IRYS,1.4,199005,14353926,14552931,27,
2026-05-27 12:59:47,IRYS,18.1,2265999,12546399,14812398,24,
2026-05-27 13:00:47,IRYS,12.6,105050,830679,935729,5,
2026-05-27 13:01:47,IRYS,6.6,991812,15064733,16056546,25,
2026-05-27 13:02:47,IRYS,16.8,9964064,59237297,69201360,60,
2026-05-27 13:03:47,IRYS,774.4,6666398,860831,7527229,16,
2026-05-27 13:04:47,IRYS,92.8,5778330,6225249,12003579,22,
2026-05-27 13:05:47,IRYS,184.3,27868029,15117069,42985097,28,
2026-05-27 13:06:47,IRYS,6.2,666424,10802367,11468790,25,
2026-05-27 13:07:47,IRYS,362.2,22301038,6156434,28457472,38,
2026-05-27 13:08:47,IRYS,942.7,9308920,987473,10296393,16,
2026-05-27 13:09:47,IRYS,71.9,10733837,14938132,25671969,32,
2026-05-27 13:10:47,IRYS,10.1,1951139,19300386,21251524,15,
2026-05-27 13:11:47,IRYS,89.9,2372143,2640003,5012146,22,
2026-05-27 13:12:47,IRYS,0.0,0,8145765,8145765,14,
2026-05-27 13:13:47,IRYS,0.0,0,15218367,15218367,13,
2026-05-27 13:14:47,IRYS,149.1,4942180,3314715,8256895,11,
2026-05-27 13:15:47,IRYS,6.4,709645,11003934,11713579,13,
2026-05-27 13:16:47,IRYS,9999.0,2113424,0,2113424,4,
2026-05-27 13:17:47,IRYS,9999.0,5592644,0,5592644,9,
2026-05-27 13:18:47,IRYS,126.7,7806171,6162267,13968437,10,
2026-05-27 13:19:47,IRYS,0.0,0,5580914,5580914,5,
2026-05-27 13:20:47,IRYS,12.0,2212257,18480863,20693120,36,
2026-05-27 13:21:47,IRYS,41.7,4745009,11384590,16129599,13,
2026-05-27 13:22:47,IRYS,16.2,610022,3765174,4375196,12,
2026-05-27 13:23:47,IRYS,546.6,4306433,787929,5094362,7,
2026-05-27 13:24:47,IRYS,77.8,6533132,8394824,14927957,12,
2026-05-27 13:25:47,IRYS,70.7,24311025,34373374,58684398,38,
2026-05-27 13:26:47,IRYS,49.5,2872500,5797232,8669731,18,
2026-05-27 13:27:47,IRYS,9999.0,427692,0,427692,1,
2026-05-27 13:28:47,IRYS,0.1,5974,5671866,5677840,10,
2026-05-27 13:29:47,IRYS,9.1,2160236,23656344,25816580,27,
2026-05-27 13:30:47,IRYS,1075.7,8041030,747493,8788524,21,
2026-05-27 13:31:47,IRYS,232.2,11385989,4903387,16289376,31,
2026-05-27 13:32:47,IRYS,922.7,10153487,1100361,11253849,22,
2026-05-27 13:33:47,IRYS,4756.0,2275926,47854,2323780,8,
2026-05-27 13:34:47,IRYS,17.5,1149000,6560417,7709417,12,
2026-05-27 13:35:47,IRYS,3815.9,26538541,695479,27234020,13,
2026-05-27 13:36:47,IRYS,1035.6,11640154,1124031,12764186,21,
2026-05-27 13:37:47,IRYS,364.9,10284944,2818604,13103548,15,
2026-05-27 13:38:47,IRYS,34.3,1280398,3736492,5016890,14,
2026-05-27 13:39:47,IRYS,56.2,1739756,3094444,4834201,12,
2026-05-27 13:40:47,IRYS,86.8,3949520,4550595,8500115,12,
2026-05-27 13:41:47,IRYS,353.5,4802855,1358769,6161625,8,
2026-05-27 13:42:47,IRYS,2773.0,1677220,60485,1737705,7,
2026-05-27 13:43:47,IRYS,96.0,13427531,13982140,27409671,15,
2026-05-27 13:44:47,IRYS,161.8,15960403,9863761,25824164,31,
