시각KST,종목,총매도잔량,총매수잔량,매수벽비율,상위5매도,상위5매수,최우선매도가,최우선매수가,스프레드%
2026-05-27 00:00:32,DRIFT,2821841.0276,5043192.8351,1.7872,131771.3278,113199.9368,69.8,69.7,0.1435
2026-05-27 00:01:32,DRIFT,2734721.1873,5025160.8953,1.8375,80875.4887,80377.4666,69.7,69.5,0.2878
2026-05-27 00:02:32,DRIFT,2764793.8376,4985128.96,1.8031,117875.4231,87447.2194,69.7,69.5,0.2878
2026-05-27 00:03:32,DRIFT,2826640.7208,5127846.7368,1.8141,147101.9374,257129.2692,69.7,69.5,0.2878
2026-05-27 00:04:32,DRIFT,2097490.4738,4851562.2484,2.313,319421.5987,565908.4,70,69.7,0.4304
2026-05-27 00:05:32,DRIFT,2162117.2482,4473701.2275,2.0691,345799.3276,82498.8218,70,69.8,0.2865
2026-05-27 00:06:32,DRIFT,2235215.217,4672497.7118,2.0904,263642.8848,68142.4884,70,69.8,0.2865
2026-05-27 00:07:32,DRIFT,2054092.3355,4760600.3287,2.3176,239839.1478,124832.1139,70,69.9,0.1431
2026-05-27 00:08:32,DRIFT,2068802.6827,4702897.7146,2.2732,272318.2853,120585.7637,69.9,69.8,0.1433
2026-05-27 00:09:32,DRIFT,1914680.345,4767039.1021,2.4897,150805.1812,140562.0717,69.7,69.5,0.2878
2026-05-27 00:10:32,DRIFT,1981548.6007,4766544.3017,2.4055,205728.3263,86092.768,69.9,69.6,0.431
2026-05-27 00:11:32,DRIFT,2110363.0083,4814245.7133,2.2812,266745.6773,123846.2806,69.9,69.6,0.431
2026-05-27 00:12:32,DRIFT,1771617.0418,5161565.5509,2.9135,88818.2797,547931.0231,69.6,69.2,0.578
2026-05-27 00:13:32,DRIFT,1823839.7033,4853859.218,2.6613,165355.6095,196035.7188,69.6,69.5,0.1439
2026-05-27 00:14:32,DRIFT,1725792.2184,4919369.2926,2.8505,129984.3677,287823.5302,69.5,69.4,0.1441
2026-05-27 00:15:32,DRIFT,1934244.1703,4784722.6909,2.4737,324350.7185,134422.3549,69.8,69.7,0.1435
2026-05-27 00:16:32,DRIFT,1799045.4012,4833102.0299,2.6865,212685.5625,168225.697,69.7,69.6,0.1437
2026-05-27 00:17:32,DRIFT,1707136.4235,4817662.5215,2.8221,183871.5059,168581.9648,69.7,69.6,0.1437
2026-05-27 00:18:32,DRIFT,1690081.3826,4833366.0258,2.8598,166816.4649,201861.7588,69.7,69.6,0.1437
2026-05-27 00:19:32,DRIFT,1820415.5887,4715740.3412,2.5905,297130.9448,122298.6055,69.8,69.7,0.1435
2026-05-27 00:20:32,DRIFT,1631752.0882,5008473.7988,3.0694,97033.2348,451304.8061,69.4,69.2,0.289
2026-05-27 00:21:32,DRIFT,1626761.2612,4939441.0446,3.0364,90460.718,459987.6125,69.5,69.3,0.2886
2026-05-27 00:22:32,DRIFT,1714479.1496,4893308.9016,2.8541,101011.1071,297083.352,69.6,69.5,0.1439
2026-05-27 00:23:32,DRIFT,2191605.888,4792209.7689,2.1866,410538.5371,202819.4642,69.9,69.6,0.431
2026-05-27 00:24:32,DRIFT,2124867.4979,4978762.8854,2.3431,249045.1074,397038.4276,69.6,69.4,0.2882
2026-05-27 00:25:32,DRIFT,2007194.7312,5014400.9268,2.4982,188018.341,653048.6584,69.5,69.3,0.2886
2026-05-27 00:26:32,DRIFT,2006594.7312,5000688.7641,2.4921,187418.341,503707.4127,69.5,69.4,0.1441
2026-05-27 00:27:32,DRIFT,2049768.8618,5042106.8204,2.4598,173347.0894,563713.3508,69.6,69.4,0.2882
2026-05-27 00:28:32,DRIFT,1936675.4414,5032760.4065,2.5987,129725.9844,674609.3294,69.5,69.3,0.2886
2026-05-27 00:29:32,DRIFT,2076181.2954,5028919.0094,2.4222,173347.0894,549636.3731,69.6,69.4,0.2882
2026-05-27 00:30:32,DRIFT,1644496.8835,5080358.2695,3.0893,188861.6111,707051.4418,69.6,69.3,0.4329
2026-05-27 00:31:32,DRIFT,1626844.147,5041431.5139,3.0989,230125.9049,546954.5415,69.7,69.4,0.4323
2026-05-27 00:32:32,DRIFT,1631238.7561,5052923.667,3.0976,175603.4837,555804.1985,69.6,69.5,0.1439
2026-05-27 00:33:32,DRIFT,1672758.8892,4913717.9636,2.9375,212945.7261,306186.8852,69.7,69.6,0.1437
2026-05-27 00:34:32,DRIFT,1606498.2439,5019960.8445,3.1248,150862.9715,530928.1877,69.6,69.5,0.1439
2026-05-27 00:35:32,DRIFT,1510972.2707,4976321.6633,3.2935,116899.4487,697509.7811,69.5,69.3,0.2886
2026-05-27 00:36:32,DRIFT,1639385.8578,4967748.7857,3.0302,171521.8886,562193.5379,69.6,69.4,0.2882
2026-05-27 00:37:32,DRIFT,1666947.5271,5012684.5302,3.0071,199083.5578,578874.5491,69.6,69.4,0.2882
2026-05-27 00:38:32,DRIFT,1540108.531,4968369.9068,3.226,146035.709,541546.5342,69.5,69.4,0.1441
2026-05-27 00:39:32,DRIFT,1539964.6461,4966690.3333,3.2252,145891.8241,539866.9608,69.5,69.4,0.1441
2026-05-27 00:40:32,DRIFT,1458502.8795,4984575.9287,3.4176,87651.9968,717109.5465,69.4,69.3,0.1443
2026-05-27 00:41:32,DRIFT,1721061.0447,5004457.3767,2.9078,247198.5566,139295.4069,69.7,69.6,0.1437
2026-05-27 00:42:32,DRIFT,1704669.3354,5096912.837,2.99,228206.545,364537.7578,69.6,69.5,0.1439
2026-05-27 00:43:32,DRIFT,1748228.34,5191587.0613,2.9696,271765.5495,617708.6374,69.6,69.4,0.2882
2026-05-27 00:44:32,DRIFT,1672021.0895,5025516.095,3.0057,192895.2849,178910.3467,69.7,69.6,0.1437
2026-05-27 00:45:32,DRIFT,1799208.5172,5076081.8391,2.8213,311480.3415,224967.9701,69.8,69.6,0.2874
2026-05-27 00:46:32,DRIFT,1694234.173,4998048.1718,2.95,181298.0787,224882.0103,69.7,69.6,0.1437
2026-05-27 00:47:32,DRIFT,1753148.0835,5320299.3132,3.0347,279783.2021,547133.1517,69.7,69.6,0.1437
2026-05-27 00:48:32,DRIFT,1734015.4525,5302787.2261,3.0581,232262.5935,540764.1791,69.8,69.7,0.1435
2026-05-27 00:49:32,DRIFT,1831427.9605,4874523.6327,2.6616,163832.0594,196968.9165,70,69.9,0.1431
2026-05-27 00:50:32,DRIFT,2017301.9163,4862906.5042,2.4106,278537.8341,181337.0973,70,69.9,0.1431
2026-05-27 00:51:32,DRIFT,2179252.6993,4979932.1769,2.2852,338222.6369,219088.6971,70.1,69.8,0.4298
2026-05-27 00:52:32,DRIFT,2209592.8186,4995770.4345,2.2609,368562.7562,234926.9546,70.1,69.8,0.4298
2026-05-27 00:53:32,DRIFT,2053434.0655,5031587.5704,2.4503,314669.9834,229638.5264,70,69.8,0.2865
2026-05-27 00:54:32,DRIFT,2049069.6474,4676651.6771,2.2823,310305.5652,180891.4673,70,69.9,0.1431
2026-05-27 00:55:32,DRIFT,2050680.8756,4677909.3126,2.2811,311916.7934,193382.9665,70,69.9,0.1431
2026-05-27 00:56:32,DRIFT,2210815.0449,4416967.0636,1.9979,369784.9824,195818.7781,70.1,70,0.1429
2026-05-27 00:57:32,DRIFT,2031847.2289,4685352.3947,2.306,303180.4599,193005.8687,70,69.9,0.1431
2026-05-27 00:58:32,DRIFT,2005757.8158,4804286.7372,2.3952,273206.4758,159284.5914,69.8,69.7,0.1435
2026-05-27 00:59:32,DRIFT,2000692.6567,4901941.3905,2.4501,268141.3167,282960.2302,69.9,69.6,0.431
2026-05-27 01:00:32,DRIFT,1936920.792,4931097.8205,2.5458,204369.452,345022.0101,69.8,69.6,0.2874
2026-05-27 01:01:32,DRIFT,1877128.5891,4932947.6067,2.6279,111175.6431,322663.496,69.7,69.6,0.1437
2026-05-27 01:02:32,DRIFT,1972968.2689,4881046.8208,2.474,211758.5336,277406.9081,69.9,69.7,0.2869
2026-05-27 01:03:32,DRIFT,2046519.2086,4735430.2879,2.3139,290622.6157,286620.6934,70,69.9,0.1431
2026-05-27 01:04:32,DRIFT,2044898.1336,4693678.4027,2.2953,304623.5824,288786.3448,70,69.9,0.1431
2026-05-27 01:05:32,DRIFT,2263119.2163,4705440.7311,2.0792,343570.531,244699.3075,70,69.9,0.1431
2026-05-27 01:06:32,DRIFT,2249358.4215,4447527.5432,1.9772,329809.7362,256561.109,70.1,70,0.1429
2026-05-27 01:07:32,DRIFT,2271146.487,4651674.0636,2.0482,351597.8016,204550.3832,70.1,69.9,0.2861
2026-05-27 01:08:32,DRIFT,2246701.5623,4675349.7323,2.081,327152.877,223897.0476,70,69.9,0.1431
2026-05-27 01:09:32,DRIFT,2329056.128,4676780.3475,2.008,409507.4426,225327.6627,70.1,69.9,0.2861
2026-05-27 01:10:32,DRIFT,2061530.0485,4844616.541,2.35,317484.3773,210993.1113,70,69.9,0.1431
2026-05-27 01:11:32,DRIFT,2300835.4554,4940174.7131,2.1471,579785.9111,555921.3489,70.1,70,0.1429
2026-05-27 01:12:32,DRIFT,2305352.8347,4845556.5361,2.1019,579430.7043,211933.1065,70.1,69.9,0.2861
2026-05-27 01:13:32,DRIFT,2353790.3535,4866776.4772,2.0676,627868.2231,232371.8279,70.1,69.9,0.2861
2026-05-27 01:14:32,DRIFT,2333790.3535,4906646.1867,2.1024,607868.2231,307894.9527,70.1,69.9,0.2861
2026-05-27 01:15:32,DRIFT,2330477.4094,4912483.1581,2.1079,607868.2231,251611.13,70.1,69.9,0.2861
2026-05-27 01:16:32,DRIFT,2414453.9811,4912878.8418,2.0348,604755.3786,252006.8137,70.1,69.9,0.2861
2026-05-27 01:17:32,DRIFT,2375818.0918,4974942.0308,2.094,454147.383,314070.0027,70.1,69.9,0.2861
2026-05-27 01:18:32,DRIFT,2303916.7929,4962536.2975,2.154,478906.2507,301664.2694,70,69.9,0.1431
2026-05-27 01:19:32,DRIFT,2303916.7929,4908697.3588,2.1306,486245.3417,248062.2076,70,69.9,0.1431
2026-05-27 01:20:32,DRIFT,2162106.5159,4970144.7636,2.2988,344435.0648,330561.199,69.9,69.5,0.5755
2026-05-27 01:21:32,DRIFT,2229649.7982,4888681.1173,2.1926,397183.2954,138302.3933,69.9,69.6,0.431
2026-05-27 01:22:32,DRIFT,2229649.7982,5009730.1334,2.2469,397183.2954,297360.8903,69.9,69.7,0.2869
2026-05-27 01:23:32,DRIFT,2216186.0546,5113531.5994,2.3074,383719.5518,287208.2409,69.9,69.6,0.431
2026-05-27 01:24:32,DRIFT,2218335.0659,5083809.4287,2.2917,385868.5631,269124.669,69.9,69.7,0.2869
2026-05-27 01:25:32,DRIFT,2350694.5847,5163866.3106,2.1967,483930.0599,435248.3897,69.6,69.5,0.1439
2026-05-27 01:26:32,DRIFT,1949244.644,5091545.7698,2.6121,152907.6053,539254.7189,69.5,69.4,0.1441
2026-05-27 01:27:32,DRIFT,1961431.2737,5092592.6903,2.5964,224627.2574,552715.1572,69.5,69.4,0.1441
2026-05-27 01:28:32,DRIFT,1961406.1271,4629435.7188,2.3603,224602.1108,435902.675,69.5,69.4,0.1441
2026-05-27 01:29:32,DRIFT,1991085.3632,4864375.6766,2.4431,228558.6142,696445.4982,69.5,69.3,0.2886
2026-05-27 01:30:32,DRIFT,2152853.4707,4969938.408,2.3085,319899.2357,569817.7033,69.6,69.5,0.1439
2026-05-27 01:31:32,DRIFT,2152853.4707,4809142.0912,2.2338,319899.2357,350678.6198,69.6,69.5,0.1439
2026-05-27 01:32:32,DRIFT,1922469.4912,4924305.4776,2.5614,154136.9116,614022.66,69.5,69.4,0.1441
2026-05-27 01:33:32,DRIFT,2538362.4663,4689156.9133,1.8473,859783.7025,629390.0861,69.4,69.3,0.1443
2026-05-27 01:34:32,DRIFT,2328224.4234,4801440.5061,2.0623,805263.1531,535641.3606,69.2,69.1,0.1447
2026-05-27 01:35:32,DRIFT,1835529.8995,4805912.5392,2.6183,156951.1358,535641.3606,69.4,69.1,0.4342
2026-05-27 01:36:32,DRIFT,1839994.3254,4696124.7186,2.5522,160263.4321,544120.7956,69.4,69.1,0.4342
2026-05-27 01:37:32,DRIFT,1886155.1366,4798177.7582,2.5439,143545.2897,676440.2707,69.5,69.2,0.4335
2026-05-27 01:38:32,DRIFT,1828539.3463,4667667.0927,2.5527,148808.453,545041.3956,69.4,69.1,0.4342
2026-05-27 01:39:32,DRIFT,1848675.8549,4627222.3276,2.503,171581.7332,475811.6697,69.4,69.2,0.289
2026-05-27 01:40:32,DRIFT,1681390.6555,4657283.9634,2.7699,146940.0681,477258.8477,69.3,69.2,0.1445
2026-05-27 01:41:32,DRIFT,1827180.4993,4656462.9954,2.5484,147148.4561,479449.9279,69.4,69.2,0.289
2026-05-27 01:42:32,DRIFT,1711952.2596,4463827.8289,2.6074,177501.6722,324585.8176,69.3,69.1,0.2894
2026-05-27 01:43:32,DRIFT,1713085.9002,4445976.4784,2.5953,176129.1307,323350.7813,69.3,69.1,0.2894
2026-05-27 01:44:32,DRIFT,1986544.0595,4485643.0048,2.258,261124.3942,422979.3007,69.3,69,0.4348
2026-05-27 01:45:32,DRIFT,1820417.1272,4507448.483,2.4761,240578.9178,424607.0169,69.2,69,0.2899
2026-05-27 01:46:32,DRIFT,1913338.0647,4458602.6756,2.3303,187918.3994,286787.1635,69.2,69,0.2899
2026-05-27 01:47:32,DRIFT,1913338.0647,4455658.8762,2.3287,187918.3994,286787.1635,69.2,69,0.2899
2026-05-27 01:48:32,DRIFT,1786704.718,4433275.4598,2.4813,206866.5086,287498.938,69.1,69,0.1449
2026-05-27 01:49:32,DRIFT,1750873.3744,4847134.5386,2.7684,171035.165,301105.4838,69.1,68.9,0.2903
2026-05-27 01:50:32,DRIFT,1715684.3947,4846988.3893,2.8251,104684.2168,305447.0178,69,68.9,0.1451
2026-05-27 01:51:32,DRIFT,2182687.9369,4398401.1338,2.0151,457268.2716,243401.0477,69.2,69,0.2899
2026-05-27 01:52:32,DRIFT,1745457.9027,4844331.957,2.7754,165619.6933,310245.178,69.1,68.9,0.2903
2026-05-27 01:53:32,DRIFT,1745457.9027,4838088.6747,2.7718,165619.6933,310245.178,69.1,68.9,0.2903
2026-05-27 01:54:32,DRIFT,1933999.8003,4817928.8671,2.4912,179635.2288,295099.0827,69.1,68.9,0.2903
2026-05-27 01:55:32,DRIFT,1883822.7194,4916750.8309,2.61,105840.6293,552939.1721,68.8,68.7,0.1456
2026-05-27 01:56:32,DRIFT,1852952.6062,4707485.6635,2.5405,98588.0347,177110.3618,69.2,68.9,0.4354
2026-05-27 01:57:32,DRIFT,1855727.3148,4710898.6212,2.5386,95705.0347,184970.6238,69.2,68.9,0.4354
2026-05-27 01:58:32,DRIFT,1887345.4477,4706064.6376,2.4935,95705.0347,184970.6238,69.2,68.9,0.4354
2026-05-27 01:59:32,DRIFT,1901428.7811,4699962.9999,2.4718,95705.0347,184970.6238,69.2,68.9,0.4354
2026-05-27 02:00:32,DRIFT,2178977.9086,4763580.0938,2.1862,227672.7064,245633.1163,69.3,68.9,0.5806
2026-05-27 02:01:32,DRIFT,2128086.0759,4765161.0836,2.2392,176780.8737,245741.9572,69.3,68.9,0.5806
2026-05-27 02:02:32,DRIFT,2058191.2964,4763659.5821,2.3145,157347.653,245741.9572,69.3,68.9,0.5806
2026-05-27 02:03:32,DRIFT,2155571.8615,4702123.5965,2.1814,261230.8453,185734.4866,69.3,68.9,0.5806
2026-05-27 02:04:32,DRIFT,2173266.1198,4789252.3457,2.2037,203048.7551,185734.4866,69.2,68.9,0.4354
2026-05-27 02:05:32,DRIFT,2173266.1198,4756074.702,2.1884,203048.7551,182823.2784,69.1,68.9,0.2903
2026-05-27 02:06:32,DRIFT,2217284.6103,4892412.1506,2.2065,247067.2456,476457.3582,69.2,68.8,0.5814
2026-05-27 02:07:32,DRIFT,2242387.471,4798778.5284,2.14,272170.1063,226965.9537,69.2,68.9,0.4354
2026-05-27 02:08:32,DRIFT,2242387.471,4828629.7202,2.1533,272170.1063,256817.1456,69.2,68.9,0.4354
2026-05-27 02:09:32,DRIFT,2242314.9021,4820979.1362,2.15,272097.5374,249166.5616,69.2,68.9,0.4354
2026-05-27 02:10:32,DRIFT,2217166.3399,4446969.8912,2.0057,246948.9752,269440.5585,69.2,69,0.2899
2026-05-27 02:11:32,DRIFT,2205363.5163,4494028.2989,2.0378,235146.1516,223206.3567,69.2,69.1,0.1447
2026-05-27 02:12:32,DRIFT,2216799.9417,4482838.3018,2.0222,278489.0622,214572.9385,69.3,69.2,0.1445
2026-05-27 02:13:32,DRIFT,2317557.5491,4896307.1928,2.1127,309738.1707,321325.288,69.1,68.9,0.2903
2026-05-27 02:14:32,DRIFT,2200633.4667,4452761.4967,2.0234,278489.0622,272065.8527,69.3,69,0.4348
2026-05-27 02:15:32,DRIFT,2200397.7278,4452398.3822,2.0235,278253.3233,272065.8527,69.3,69,0.4348
2026-05-27 02:16:32,DRIFT,2176849.6805,4418932.6326,2.03,222798.7908,236001.763,69.2,69,0.2899
2026-05-27 02:17:32,DRIFT,2198309.728,4418932.6326,2.0102,276165.3235,236001.763,69.3,69,0.4348
2026-05-27 02:18:32,DRIFT,2198309.728,4420921.5359,2.0111,276165.3235,236001.763,69.3,69,0.4348
2026-05-27 02:19:32,DRIFT,2198237.4736,4420921.5359,2.0111,276093.0691,236001.763,69.3,69,0.4348
2026-05-27 02:20:32,DRIFT,2198237.4736,4420921.5359,2.0111,276093.0691,234579.6543,69.3,69,0.4348
2026-05-27 02:21:32,DRIFT,2161295.8761,4446509.6261,2.0573,212870.8654,260167.7445,69.2,69,0.2899
2026-05-27 02:22:32,DRIFT,2101717.7038,4559012.1497,2.1692,109189.0697,279377.6585,69.4,69.3,0.1443
2026-05-27 02:23:32,DRIFT,2352600.1052,4313870.5691,1.8337,398871.3798,198283.4637,69.9,69.5,0.5755
2026-05-27 02:24:32,DRIFT,2467176.0126,4312737.4789,1.748,479149.2652,229425.9445,69.6,69.5,0.1439
2026-05-27 02:25:32,DRIFT,2604254.3786,4377787.3228,1.681,618132.9684,194283.5632,70,69.7,0.4304
2026-05-27 02:26:32,DRIFT,2698604.0549,4318295.5572,1.6002,720419.8739,234989.9554,69.9,69.6,0.431
2026-05-27 02:27:32,DRIFT,2649894.4405,4336420.5446,1.6365,648490.2463,248700.2204,69.8,69.6,0.2874
2026-05-27 02:28:32,DRIFT,2550082.0459,4407688.1415,1.7284,582975.8738,276541.5173,69.8,69.6,0.2874
2026-05-27 02:29:32,DRIFT,2552504.9869,4358200.5492,1.7074,598776.2615,197608.5856,69.9,69.6,0.431
2026-05-27 02:30:32,DRIFT,2590171.6525,4282083.7512,1.6532,617427.689,252171.7535,70,69.9,0.1431
2026-05-27 02:31:32,DRIFT,2535026.8128,4267193.5259,1.6833,583426.8063,139838.0644,70,69.9,0.1431
2026-05-27 02:32:32,DRIFT,2362794.9763,3971479.3725,1.6808,411194.9698,97183.4852,70,69.9,0.1431
2026-05-27 02:33:32,DRIFT,2371288.7128,3845234.4942,1.6216,419688.7063,77705.2042,70,69.9,0.1431
2026-05-27 02:34:32,DRIFT,2421226.862,3693229.3492,1.5254,459754.7237,67282.8508,70.1,69.9,0.2861
2026-05-27 02:35:32,DRIFT,2482005.5162,3703036.3354,1.492,520533.3778,49972.8242,70,69.9,0.1431
2026-05-27 02:36:32,DRIFT,2295195.7987,4364499.4597,1.9016,362611.0304,213074.829,69.8,69.4,0.5764
2026-05-27 02:37:32,DRIFT,2292481.5263,4403528.199,1.9209,325598.7359,254234.6078,69.7,69.4,0.4323
2026-05-27 02:38:32,DRIFT,2287601.7568,4397572.6923,1.9224,320718.9664,248276.1261,69.6,69.4,0.2882
2026-05-27 02:39:32,DRIFT,2056711.7248,4594908.9243,2.2341,177977.3979,259293.5016,69.5,69.3,0.2886
2026-05-27 02:40:32,DRIFT,2265040.8974,4448812.9793,1.9641,329920.9808,245920.4391,69.6,69.4,0.2882
2026-05-27 02:41:32,DRIFT,2299626.8059,4671281.9154,2.0313,330208.8673,335666.4928,69.4,69.3,0.1443
2026-05-27 02:42:32,DRIFT,2269014.9631,4272088.1882,1.8828,333895.0465,114098.9564,69.8,69.6,0.2874
2026-05-27 02:43:32,DRIFT,2262821.4866,4384968.0178,1.9378,327701.5699,212025.6691,69.8,69.6,0.2874
2026-05-27 02:44:32,DRIFT,2262821.4866,4421545.7855,1.954,327701.5699,248603.4368,69.8,69.6,0.2874
2026-05-27 02:45:32,DRIFT,2093022.1867,4455490.2514,2.1287,214287.8599,314024.9537,69.7,69.4,0.4323
2026-05-27 02:46:32,DRIFT,2038228.0624,4455490.2514,2.186,162806.6796,314024.9537,69.7,69.4,0.4323
2026-05-27 02:47:32,DRIFT,2087499.3671,4445961.1772,2.1298,212077.9843,304495.8795,69.7,69.4,0.4323
2026-05-27 02:48:32,DRIFT,2045130.1296,4469443.6465,2.1854,169708.7468,305270.0643,69.7,69.5,0.2878
2026-05-27 02:49:32,DRIFT,2045746.5272,4352203.9209,2.1274,168008.9135,169291.6906,69.7,69.6,0.1437
2026-05-27 02:50:32,DRIFT,1987118.3309,4497497.4103,2.2633,95475.6799,359175.8431,69.6,69.4,0.2882
2026-05-27 02:51:32,DRIFT,1987118.3309,4493040.6162,2.2611,95475.6799,354719.049,69.6,69.4,0.2882
2026-05-27 02:52:32,DRIFT,1987118.3309,4479962.8421,2.2545,95475.6799,374331.232,69.6,69.4,0.2882
2026-05-27 02:53:32,DRIFT,1973426.1346,4534769.4936,2.2979,81783.4836,429137.8835,69.6,69.4,0.2882
2026-05-27 02:54:32,DRIFT,1973426.1346,4518737.0873,2.2898,81783.4836,413105.4771,69.6,69.4,0.2882
2026-05-27 02:55:32,DRIFT,1973426.1346,4521462.9686,2.2912,81783.4836,358298.8256,69.6,69.4,0.2882
2026-05-27 02:56:32,DRIFT,1816434.9027,4691318.7349,2.5827,20757.9405,395431.7094,69.4,69.3,0.1443
2026-05-27 02:57:32,DRIFT,1816434.9027,4646076.2044,2.5578,20757.9405,354919.5611,69.4,69.3,0.1443
2026-05-27 02:58:32,DRIFT,1816434.9027,4824087.5204,2.6558,20757.9405,354919.5611,69.4,69.3,0.1443
2026-05-27 02:59:32,DRIFT,1816434.9027,4824087.5204,2.6558,20757.9405,354919.5611,69.4,69.3,0.1443
2026-05-27 03:00:32,DRIFT,1982230.2402,4759191.6585,2.4009,104492.6265,387592.2403,69.7,69.6,0.1437
2026-05-27 03:01:32,DRIFT,1988446.9731,4829639.6989,2.4289,110709.3593,410419.0126,69.7,69.2,0.7225
2026-05-27 03:02:32,DRIFT,1835205.8528,4839594.3256,2.6371,48581.2703,529199.2233,69.4,69.1,0.4342
2026-05-27 03:03:32,DRIFT,1980087.1841,4845041.5509,2.4469,97496.9128,367025.2551,69.6,69.4,0.2882
2026-05-27 03:04:32,DRIFT,1918505.2465,4837987.392,2.5217,140584.4748,409910.8948,69.4,69.2,0.289
2026-05-27 03:05:32,DRIFT,1937472.7722,5009859.7714,2.5858,150848.1897,581783.2742,69.5,69.2,0.4335
2026-05-27 03:06:32,DRIFT,1898895.2263,4823794.0856,2.5403,137583.7899,395717.5884,69.3,69.2,0.1445
2026-05-27 03:07:32,DRIFT,1828642.6821,4823794.0856,2.6379,42018.0996,395717.5884,69.4,69.2,0.289
2026-05-27 03:08:32,DRIFT,1810156.9407,4797604.0368,2.6504,32236.1691,474120.6404,69.3,69.1,0.2894
2026-05-27 03:09:32,DRIFT,1820168.505,5191558.4235,2.8522,94745.7252,576650.8782,69.1,68.9,0.2903
2026-05-27 03:10:32,DRIFT,1877276.4339,5113939.1792,2.7241,206892.1815,679455.9513,68.9,68.8,0.1453
2026-05-27 03:11:32,DRIFT,1971019.8561,5127604.3684,2.6015,245597.0764,913685.2968,68.9,68.7,0.2911
2026-05-27 03:12:32,DRIFT,1874655.7558,5138058.789,2.7408,204271.5034,928551.4821,68.9,68.7,0.2911
2026-05-27 03:13:32,DRIFT,1850234.073,5157202.7837,2.7873,193634.3073,943150.0222,68.9,68.7,0.2911
2026-05-27 03:14:32,DRIFT,1879094.4993,5160136.3166,2.7461,222494.7336,946083.5551,68.9,68.7,0.2911
2026-05-27 03:15:32,DRIFT,1879094.4993,5113484.6314,2.7212,222494.7336,646175.041,68.9,68.8,0.1453
2026-05-27 03:16:32,DRIFT,1773069.4206,5166978.0563,2.9141,19176.8327,547505.0089,69.3,69,0.4348
2026-05-27 03:17:32,DRIFT,1837438.01,5219863.0233,2.8408,112015.2302,547505.0089,69.2,69,0.2899
2026-05-27 03:18:32,DRIFT,1822200.0,4757727.4127,2.611,68307.4121,356916.8866,69.3,69.1,0.2894
2026-05-27 03:19:32,DRIFT,1818233.9282,4818309.3922,2.65,92811.1484,310845.1566,69.2,69.1,0.1447
2026-05-27 03:20:32,DRIFT,1835443.9858,5328981.6064,2.9034,129683.2996,839263.3117,69.1,68.8,0.436
2026-05-27 03:21:32,DRIFT,1740850.9958,5328984.6431,3.0611,90128.8369,839263.3117,68.9,68.8,0.1453
2026-05-27 03:22:32,DRIFT,1742369.8499,5243865.2211,3.0096,91647.691,571502.6718,69,68.9,0.1451
2026-05-27 03:23:32,DRIFT,1742369.8499,5243845.8936,3.0096,91647.691,573702.7909,69,68.9,0.1451
2026-05-27 03:24:32,DRIFT,1742369.8499,5120735.3155,2.9389,91647.691,573702.7909,69,68.9,0.1451
2026-05-27 03:25:32,DRIFT,1765138.4263,4691544.2286,2.6579,59377.7401,416059.1923,69.1,69,0.1449
2026-05-27 03:26:32,DRIFT,1711371.9923,5124176.4605,2.9942,60649.8334,573702.7909,69,68.9,0.1451
2026-05-27 03:27:32,DRIFT,1711371.9923,5124176.4605,2.9942,60649.8334,573702.7909,69,68.9,0.1451
2026-05-27 03:28:32,DRIFT,1701674.5656,5124652.72,3.0115,50952.4068,574179.0505,69,68.9,0.1451
2026-05-27 03:29:32,DRIFT,1715914.4806,5124652.72,2.9865,65192.3217,574179.0505,69,68.9,0.1451
2026-05-27 03:30:32,DRIFT,1715914.4806,5182797.1962,3.0204,65192.3217,818407.4101,69,68.8,0.2907
2026-05-27 03:31:32,DRIFT,1715914.4806,5200368.544,3.0307,65192.3217,820966.1598,69,68.8,0.2907
2026-05-27 03:32:32,DRIFT,1715914.4806,5150362.6314,3.0015,65192.3217,770960.2472,69,68.8,0.2907
2026-05-27 03:33:32,DRIFT,1715914.4806,5141049.3031,2.9961,65192.3217,761646.9188,69,68.8,0.2907
2026-05-27 03:34:32,DRIFT,1715914.4806,5141049.3031,2.9961,65192.3217,761646.9188,69,68.8,0.2907
2026-05-27 03:35:32,DRIFT,1715914.4806,5072998.189,2.9564,65192.3217,507511.9214,69,68.9,0.1451
2026-05-27 03:36:32,DRIFT,1715914.4806,5071853.4919,2.9558,65192.3217,507511.9214,69,68.9,0.1451
2026-05-27 03:37:32,DRIFT,1728340.8639,5072963.2998,2.9352,22580.1776,508621.7293,69.1,68.9,0.2903
2026-05-27 03:38:32,DRIFT,1758340.8639,5106588.5337,2.9042,52580.1776,542246.9631,69.1,68.9,0.2903
2026-05-27 03:39:32,DRIFT,1728340.8639,5106588.5337,2.9546,22580.1776,542246.9631,69.1,68.9,0.2903
2026-05-27 03:40:32,DRIFT,1731651.8227,5106501.7117,2.9489,25891.1365,542160.1412,69.1,68.9,0.2903
2026-05-27 03:41:32,DRIFT,1731651.8227,5524089.6139,3.1901,25891.1365,589386.5211,69.1,68.9,0.2903
2026-05-27 03:42:32,DRIFT,1767880.9547,4752623.6091,2.6883,33650.4603,459832.5545,69.2,69.1,0.1447
2026-05-27 03:43:32,DRIFT,1767880.9547,4785492.3012,2.7069,33650.4603,492701.2467,69.2,69.1,0.1447
2026-05-27 03:44:32,DRIFT,1773376.0981,4902905.1342,2.7647,81332.3957,401565.7803,69.3,69.2,0.1445
2026-05-27 03:45:32,DRIFT,1815268.6054,4492009.1985,2.4746,96705.2683,130021.8959,69.5,69.4,0.1441
2026-05-27 03:46:32,DRIFT,2023330.7684,4464607.1743,2.2066,70315.0468,139891.8151,69.7,69.4,0.4323
2026-05-27 03:47:32,DRIFT,2021418.2332,4464607.1743,2.2087,89658.963,139891.8151,69.6,69.4,0.2882
2026-05-27 03:48:32,DRIFT,2021418.2332,4421731.9453,2.1874,89658.963,96872.4938,69.6,69.4,0.2882
2026-05-27 03:49:32,DRIFT,2017723.863,4420182.4221,2.1907,89502.9344,95834.2717,69.6,69.4,0.2882
2026-05-27 03:50:32,DRIFT,2017723.863,4422990.5713,2.1921,89502.9344,98642.4208,69.6,69.4,0.2882
2026-05-27 03:51:32,DRIFT,1827809.8405,4851385.1803,2.6542,72836.259,165380.4913,69.4,69.3,0.1443
2026-05-27 03:52:32,DRIFT,1828667.8022,4851385.1803,2.653,81446.3213,165380.4913,69.4,69.3,0.1443
2026-05-27 03:53:32,DRIFT,2017723.863,4854855.4151,2.4061,97255.035,168853.7185,69.6,69.3,0.4329
2026-05-27 03:54:32,DRIFT,2017723.863,4795810.9716,2.3768,97255.035,98356.8667,69.6,69.4,0.2882
2026-05-27 03:55:32,DRIFT,2017723.863,4853581.9216,2.4055,97255.035,167580.2249,69.6,69.3,0.4329
2026-05-27 03:56:32,DRIFT,2020390.4263,4864423.0712,2.4077,99921.5983,178421.3745,69.6,69.3,0.4329
2026-05-27 03:57:32,DRIFT,2020390.4263,4864423.0712,2.4077,99921.5983,178421.3745,69.6,69.3,0.4329
2026-05-27 03:58:32,DRIFT,2020390.4263,4844475.7022,2.3978,99921.5983,128928.1404,69.6,69.4,0.2882
2026-05-27 03:59:32,DRIFT,2020390.4263,4832427.5095,2.3918,99921.5983,116879.9476,69.6,69.4,0.2882
2026-05-27 04:00:32,DRIFT,2020390.4263,5059167.6532,2.5041,99921.5983,289522.2172,69.6,69.2,0.578
2026-05-27 04:01:32,DRIFT,2017637.6561,5085404.4079,2.5205,97168.8281,308257.2613,69.6,69.2,0.578
2026-05-27 04:02:32,DRIFT,2001537.085,5085404.4079,2.5407,81068.257,308257.2613,69.5,69.2,0.4335
2026-05-27 04:03:32,DRIFT,2032119.3045,4863505.9434,2.3933,79657.3554,141512.4665,69.6,69.4,0.2882
2026-05-27 04:04:32,DRIFT,1966198.9992,4892631.8577,2.4884,45730.1712,153554.0118,69.6,69.4,0.2882
2026-05-27 04:05:32,DRIFT,1954974.4019,4886993.797,2.4998,34505.5738,147915.9511,69.6,69.4,0.2882
2026-05-27 04:06:32,DRIFT,2013045.0792,4892312.256,2.4303,60583.1301,170827.2537,69.7,69.4,0.4323
2026-05-27 04:07:32,DRIFT,2070176.0613,4892288.4927,2.3632,117714.1122,172635.9027,69.7,69.4,0.4323
2026-05-27 04:08:32,DRIFT,2086683.0535,4896636.3188,2.3466,134221.1044,176983.7288,69.7,69.4,0.4323
2026-05-27 04:09:32,DRIFT,2083666.2191,4904003.7584,2.3535,131204.27,305607.7067,69.7,69.4,0.4323
2026-05-27 04:10:32,DRIFT,2117139.9013,4890268.2527,2.3098,164677.9522,291872.2011,69.7,69.4,0.4323
2026-05-27 04:11:32,DRIFT,2123990.6325,4857538.6992,2.287,171528.6834,259142.6475,69.6,69.4,0.2882
2026-05-27 04:12:32,DRIFT,2121302.6179,4857538.6992,2.2899,168840.6688,259142.6475,69.6,69.4,0.2882
2026-05-27 04:13:32,DRIFT,2070493.4358,4827151.1045,2.3314,150024.6078,148561.9843,69.6,69.5,0.1439
2026-05-27 04:14:32,DRIFT,2113606.9754,4808290.325,2.2749,161145.0262,78649.6553,69.7,69.6,0.1437
2026-05-27 04:15:32,DRIFT,2080730.2944,4834984.4106,2.3237,160261.4664,162930.5017,69.6,69.5,0.1439
2026-05-27 04:16:32,DRIFT,2075949.5725,4845907.3592,2.3343,155480.7444,173853.4503,69.6,69.5,0.1439
2026-05-27 04:17:32,DRIFT,2045849.386,4845618.3418,2.3685,125380.5579,173564.4329,69.6,69.5,0.1439
2026-05-27 04:18:32,DRIFT,1931176.9795,4929380.9963,2.5525,152773.0158,337520.1559,69.5,69.4,0.1441
2026-05-27 04:19:32,DRIFT,1972103.0431,4959943.0409,2.5151,193699.0795,398080.8123,69.4,69.3,0.1443
2026-05-27 04:20:32,DRIFT,1964308.7521,5175024.3451,2.6345,185904.7885,544441.8131,69.4,69.2,0.289
2026-05-27 04:21:32,DRIFT,1934987.2877,5019093.4367,2.5939,156583.3241,407511.6727,69.5,69.3,0.2886
2026-05-27 04:22:32,DRIFT,1911385.6667,5019093.4367,2.6259,155839.1502,407511.6727,69.5,69.3,0.2886
2026-05-27 04:23:32,DRIFT,1928587.4283,5019093.4367,2.6025,155059.6605,407511.6727,69.5,69.3,0.2886
2026-05-27 04:24:32,DRIFT,1969439.1219,5019093.4367,2.5485,154414.0195,407511.6727,69.5,69.3,0.2886
2026-05-27 04:25:32,DRIFT,1968759.3912,4968792.2331,2.5238,153734.2888,326755.0743,69.5,69.4,0.1441
2026-05-27 04:26:32,DRIFT,1967677.4824,4939998.0263,2.5106,152652.38,318932.559,69.5,69.4,0.1441
2026-05-27 04:27:32,DRIFT,1967191.4956,4939998.0263,2.5112,152166.3932,318932.559,69.5,69.4,0.1441
2026-05-27 04:28:32,DRIFT,1948097.7446,5014661.0278,2.5741,139766.4513,403079.2637,69.4,69.3,0.1443
2026-05-27 04:29:32,DRIFT,1966451.7832,4910886.4416,2.4973,151426.6808,335471.8416,69.5,69.4,0.1441
2026-05-27 04:30:32,DRIFT,1966073.0855,4959628.3622,2.5226,151047.9831,393697.4655,69.5,69.3,0.2886
2026-05-27 04:31:32,DRIFT,1965688.7749,4945823.4623,2.5161,150663.6725,379892.5656,69.5,69.3,0.2886
2026-05-27 04:32:32,DRIFT,1965688.7749,4982193.6008,2.5346,150663.6725,470949.556,69.5,69.3,0.2886
2026-05-27 04:33:32,DRIFT,1965688.7749,5095904.2766,2.5924,150663.6725,667697.4523,69.5,69.1,0.5789
2026-05-27 04:34:32,DRIFT,1965688.7749,4926049.0915,2.506,150663.6725,414805.0467,69.5,69.4,0.1441
2026-05-27 04:35:32,DRIFT,1969166.2371,4942843.0379,2.5101,150663.6725,431598.9931,69.5,69.4,0.1441
2026-05-27 04:36:32,DRIFT,1969166.2371,4942843.0379,2.5101,150663.6725,431598.9931,69.5,69.4,0.1441
2026-05-27 04:37:32,DRIFT,1968968.9744,4941781.8383,2.5098,147963.2481,443772.8001,69.5,69.4,0.1441
2026-05-27 04:38:32,DRIFT,1968968.9744,4941781.8383,2.5098,147963.2481,443772.8001,69.5,69.4,0.1441
2026-05-27 04:39:32,DRIFT,1946435.2004,4675216.8552,2.4019,132123.2832,506212.2252,69.4,69.2,0.289
2026-05-27 04:40:32,DRIFT,1946435.2004,4491853.6272,2.3077,132123.2832,391425.4158,69.4,69.3,0.1443
2026-05-27 04:41:32,DRIFT,1963856.4564,4506972.4314,2.295,142850.7301,406544.22,69.5,69.3,0.2886
2026-05-27 04:42:32,DRIFT,1934387.0076,4499263.9394,2.3259,120075.0904,398835.7281,69.4,69.3,0.1443
2026-05-27 04:43:32,DRIFT,2212029.232,4363545.6541,1.9726,234330.7856,419303.5058,69.5,69.3,0.2886
2026-05-27 04:44:32,DRIFT,2248915.9881,4271288.9721,1.8993,234330.7856,419303.5058,69.5,69.3,0.2886
2026-05-27 04:45:32,DRIFT,1830300.1551,4810924.2533,2.6285,210149.9789,958941.7793,69.6,69.3,0.4329
2026-05-27 04:46:32,DRIFT,1762586.0402,4810927.2457,2.7295,157297.9676,958941.7793,69.4,69.3,0.1443
2026-05-27 04:47:32,DRIFT,1762586.0402,4810927.2457,2.7295,157297.9676,958941.7793,69.4,69.3,0.1443
2026-05-27 04:48:32,DRIFT,1762586.0402,4779151.3109,2.7114,157297.9676,927165.8445,69.4,69.3,0.1443
2026-05-27 04:49:32,DRIFT,1830491.9903,4678332.0446,2.5558,210149.9789,654608.6474,69.6,69.5,0.1439
2026-05-27 04:50:32,DRIFT,1990535.8943,4689280.8459,2.3558,263500.2813,665557.4487,69.7,69.6,0.1437
2026-05-27 04:51:32,DRIFT,1867792.6732,4763111.6651,2.5501,246595.127,845583.0648,69.6,69.4,0.2882
2026-05-27 04:52:32,DRIFT,1868594.1188,4773562.6643,2.5546,247396.5726,848583.0648,69.6,69.4,0.2882
2026-05-27 04:53:32,DRIFT,1868594.1188,4779083.8626,2.5576,247396.5726,848583.0648,69.6,69.4,0.2882
2026-05-27 04:54:32,DRIFT,1868594.1188,4704612.5313,2.5177,247396.5726,672986.965,69.6,69.5,0.1439
2026-05-27 04:55:32,DRIFT,1971295.5316,4719366.8816,2.394,244259.9185,683641.3153,69.7,69.5,0.2878
2026-05-27 04:56:32,DRIFT,1978193.3867,4709200.3227,2.3806,251157.7736,695759.4549,69.7,69.5,0.2878
2026-05-27 04:57:32,DRIFT,1823123.3062,4458244.4284,2.4454,201925.7601,614678.8606,69.6,69.3,0.4329
2026-05-27 04:58:32,DRIFT,1822135.164,4457938.4456,2.4465,200937.6178,614372.8778,69.6,69.3,0.4329
2026-05-27 04:59:32,DRIFT,1822056.141,4457859.1355,2.4466,200858.5948,614293.5676,69.6,69.3,0.4329
2026-05-27 05:00:32,DRIFT,1810007.9482,4557255.1713,2.5178,188810.402,645186.0742,69.6,69.4,0.2882
2026-05-27 05:01:32,DRIFT,1810007.9482,4537798.8239,2.5071,188810.402,638701.9244,69.6,69.4,0.2882
2026-05-27 05:02:32,DRIFT,1811168.5686,4444452.3079,2.4539,200858.5948,545355.4083,69.6,69.4,0.2882
2026-05-27 05:03:32,DRIFT,1812177.9236,4443200.5074,2.4519,201867.9498,630853.3808,69.6,69.4,0.2882
2026-05-27 05:04:32,DRIFT,1812177.9236,4443200.5074,2.4519,201867.9498,630853.3808,69.6,69.4,0.2882
2026-05-27 05:05:32,DRIFT,1775731.6051,4446136.6613,2.5038,179525.5893,702293.064,69.6,69.3,0.4329
2026-05-27 05:06:32,DRIFT,1752176.1232,4400071.2341,2.5112,155970.1074,587724.1075,69.6,69.4,0.2882
2026-05-27 05:07:32,DRIFT,1752176.1232,4422239.0226,2.5239,155970.1074,587724.1075,69.6,69.4,0.2882
2026-05-27 05:08:32,DRIFT,1906531.001,4328349.5339,2.2703,204486.9182,392462.848,69.7,69.5,0.2878
2026-05-27 05:09:32,DRIFT,1746823.2112,4515475.658,2.585,150617.1954,580442.9219,69.6,69.5,0.1439
2026-05-27 05:10:32,DRIFT,1746823.2112,4515547.6149,2.585,150617.1954,580514.8787,69.6,69.5,0.1439
2026-05-27 05:11:32,DRIFT,1786653.235,4536338.2555,2.539,177108.7901,601305.5193,69.6,69.5,0.1439
2026-05-27 05:12:32,DRIFT,1774654.8547,4509704.7449,2.5412,165110.4099,574672.0088,69.6,69.5,0.1439
2026-05-27 05:13:32,DRIFT,1774568.6478,4495972.8426,2.5336,165024.203,561618.2042,69.6,69.5,0.1439
2026-05-27 05:14:32,DRIFT,1809673.3209,4500483.9027,2.4869,200128.8761,576608.8672,69.6,69.5,0.1439
2026-05-27 05:15:32,DRIFT,1828488.6441,4582390.3709,2.5061,262741.7181,761106.7794,69.6,69.4,0.2882
2026-05-27 05:16:32,DRIFT,1828488.6441,4582390.3709,2.5061,262741.7181,761106.7794,69.6,69.4,0.2882
2026-05-27 05:17:32,DRIFT,1785050.6377,4588233.8774,2.5704,219303.7116,766950.2859,69.6,69.4,0.2882
2026-05-27 05:18:32,DRIFT,1785050.6377,4588233.8774,2.5704,219303.7116,766950.2859,69.6,69.4,0.2882
2026-05-27 05:19:32,DRIFT,1785050.6377,4487452.6425,2.5139,219303.7116,564797.2803,69.6,69.5,0.1439
2026-05-27 05:20:32,DRIFT,1785050.6377,4531323.2563,2.5385,219303.7116,594175.1404,69.6,69.5,0.1439
2026-05-27 05:21:32,DRIFT,1785050.6377,4539437.4337,2.543,219303.7116,602289.3179,69.6,69.5,0.1439
2026-05-27 05:22:32,DRIFT,1785050.6377,4563847.5338,2.5567,219303.7116,597665.0694,69.6,69.5,0.1439
2026-05-27 05:23:32,DRIFT,1785050.6377,4632301.3871,2.5951,219303.7116,806540.1837,69.6,69.4,0.2882
2026-05-27 05:24:32,DRIFT,1785050.6377,4566503.6965,2.5582,219303.7116,639370.7223,69.6,69.5,0.1439
2026-05-27 05:25:32,DRIFT,1785050.6377,4664286.4761,2.613,219303.7116,838525.2728,69.6,69.4,0.2882
2026-05-27 05:26:32,DRIFT,1785050.6377,4664123.1319,2.6129,219303.7116,838361.9285,69.6,69.4,0.2882
2026-05-27 05:27:32,DRIFT,1933498.753,4358642.6588,2.2543,160038.8649,323077.8719,70.2,69.8,0.5731
2026-05-27 05:28:32,DRIFT,1836128.0452,4354767.4383,2.3717,91928.7656,319201.179,70,69.8,0.2865
2026-05-27 05:29:32,DRIFT,1540002.7748,4605608.5824,2.9906,50691.2933,600968.6455,69.7,69.6,0.1437
2026-05-27 05:30:32,DRIFT,1694685.276,4641513.247,2.7389,38291.7992,615018.1941,69.8,69.6,0.2874
2026-05-27 05:31:32,DRIFT,1928479.4926,4387297.3255,2.275,112933.8197,330611.8539,70.1,69.9,0.2861
2026-05-27 05:32:32,DRIFT,1776763.1427,4586141.6692,2.5812,56002.6046,559649.574,69.9,69.6,0.431
2026-05-27 05:33:32,DRIFT,1776677.3058,4584104.5029,2.5802,55916.7676,635122.3454,69.9,69.5,0.5755
2026-05-27 05:34:32,DRIFT,1861978.9554,4571656.86,2.4553,83557.8658,576386.8181,70,69.7,0.4304
2026-05-27 05:35:32,DRIFT,2006670.9627,4388539.1254,2.187,195980.6399,337908.1431,70.2,69.9,0.4292
2026-05-27 05:36:32,DRIFT,2092805.3453,3534470.7332,1.6889,155641.9589,89541.0717,70.3,70.2,0.1425
2026-05-27 05:37:32,DRIFT,2261855.7839,3120023.2088,1.3794,375352.2979,86008.5412,70.5,70.4,0.142
2026-05-27 05:38:32,DRIFT,2151060.4033,2804809.2337,1.3039,438139.7191,118626.6019,70.7,70.6,0.1416
2026-05-27 05:39:32,DRIFT,2243995.8968,2893538.6785,1.2895,332531.6859,47502.1383,70.5,70.4,0.142
2026-05-27 05:40:32,DRIFT,2196873.5825,3577443.326,1.6284,230497.9219,40996.9599,70.2,70.1,0.1427
2026-05-27 05:41:32,DRIFT,2330588.5849,3323474.2871,1.426,356029.453,141977.2575,70.5,70.2,0.4274
2026-05-27 05:42:32,DRIFT,2200320.8803,3290386.1411,1.4954,207171.09,178466.5104,70.4,70.2,0.2849
2026-05-27 05:43:32,DRIFT,2208383.1821,3246664.4503,1.4702,317087.9991,134744.8195,70.5,70.2,0.4274
2026-05-27 05:44:32,DRIFT,2317091.0495,3019096.6656,1.303,425795.8664,160969.7772,70.5,70.4,0.142
2026-05-27 05:45:32,DRIFT,2258508.2793,3210408.2464,1.4215,284931.8345,163953.9284,70.4,70.2,0.2849
2026-05-27 05:46:32,DRIFT,2247723.2506,3155334.2898,1.4038,274549.0135,149820.8232,70.4,70.3,0.1422
2026-05-27 05:47:32,DRIFT,2253642.9345,3219762.0801,1.4287,280468.6973,163953.9284,70.4,70.2,0.2849
2026-05-27 05:48:32,DRIFT,2128727.9607,3606789.8718,1.6943,200667.4972,112308.2168,70.3,70.1,0.2853
2026-05-27 05:49:32,DRIFT,2165138.6807,3621489.987,1.6726,237078.2172,140414.7444,70.3,70,0.4286
2026-05-27 05:50:32,DRIFT,2160640.164,3633323.1368,1.6816,232579.7005,153136.86,70.3,70.1,0.2853
2026-05-27 05:51:32,DRIFT,1994828.12,3698983.4774,1.8543,236597.2658,174366.8705,70.2,70,0.2857
2026-05-27 05:52:32,DRIFT,2040493.2183,3721130.1274,1.8236,262248.4221,196513.5205,70.2,70,0.2857
2026-05-27 05:53:32,DRIFT,2055536.4517,3702142.6232,1.8011,277291.6555,175341.8695,70.2,70,0.2857
2026-05-27 05:54:32,DRIFT,1972774.0424,3704139.2324,1.8776,214314.8527,179356.5972,70.2,70,0.2857
2026-05-27 05:55:32,DRIFT,1992559.6489,3720817.7828,1.8674,214314.8527,198035.1476,70.2,70,0.2857
2026-05-27 05:56:32,DRIFT,1984027.6658,3725317.6757,1.8777,205782.8696,202535.0405,70.2,70,0.2857
2026-05-27 05:57:32,DRIFT,1984027.6658,3725216.55,1.8776,205782.8696,206839.2012,70.2,70,0.2857
2026-05-27 05:58:32,DRIFT,1984027.6658,3791708.0309,1.9111,205782.8696,211028.1353,70.2,70,0.2857
2026-05-27 05:59:32,DRIFT,2062391.4139,3783017.8633,1.8343,258454.3329,202335.0356,70.1,70,0.1429
2026-05-27 06:00:32,DRIFT,1909394.8794,4070074.5504,2.1316,157211.7138,723882.6024,69.8,69.6,0.2874
2026-05-27 06:01:32,DRIFT,2141081.152,4156629.2759,1.9414,132018.0978,776746.5221,69.9,69.7,0.2869
2026-05-27 06:02:32,DRIFT,2145379.1462,4169108.3074,1.9433,132018.0978,789225.5537,69.9,69.7,0.2869
2026-05-27 06:03:32,DRIFT,2163944.3192,4175567.4814,1.9296,132018.0978,798681.4112,69.9,69.7,0.2869
2026-05-27 06:04:32,DRIFT,2268856.8303,4083724.5184,1.7999,241205.2634,622421.579,70,69.8,0.2865
2026-05-27 06:05:32,DRIFT,2371311.7395,4065480.2086,1.7144,448486.6047,611455.2895,70.1,69.8,0.4298
2026-05-27 06:06:32,DRIFT,2371311.7395,3998869.5977,1.6864,448486.6047,402206.1295,70.1,69.9,0.2861
2026-05-27 06:07:32,DRIFT,2374378.0279,4013740.0649,1.6904,451552.8931,406516.4802,70.1,69.9,0.2861
2026-05-27 06:08:32,DRIFT,2329014.8213,3375064.0931,1.4491,515514.2348,280018.5888,70.1,70,0.1429
2026-05-27 06:09:32,DRIFT,2318330.0513,3899627.2803,1.6821,504829.4648,292403.6956,70.1,69.9,0.2861
2026-05-27 06:10:32,DRIFT,2299069.5931,3275748.977,1.4248,479980.7065,180706.4047,70.3,70.1,0.2853
2026-05-27 06:11:32,DRIFT,2280157.2009,3573101.5357,1.567,479633.4874,118708.5134,70.3,70.1,0.2853
2026-05-27 06:12:32,DRIFT,2276069.2598,2997900.8867,1.3171,475545.5463,104148.9212,70.3,70.2,0.1425
2026-05-27 06:13:32,DRIFT,2462294.3208,3119292.3487,1.2668,751367.5141,91037.49,70.2,70.1,0.1427
2026-05-27 06:14:32,DRIFT,2583991.9412,2775235.4502,1.074,760250.2629,107923.7409,70.4,70.3,0.1422
2026-05-27 06:15:32,DRIFT,2486247.4596,3028939.2136,1.2183,685723.746,136917.4701,70.3,70.2,0.1425
2026-05-27 06:16:32,DRIFT,2509966.4001,3085642.9999,1.2294,709442.6865,57683.6429,70.3,70.1,0.2853
2026-05-27 06:17:32,DRIFT,2471545.2604,3088352.1485,1.2496,677221.4583,92081.2126,70.3,70.2,0.1425
2026-05-27 06:18:32,DRIFT,2525090.8767,3189112.7659,1.263,730767.0746,67896.4403,70.3,70.1,0.2853
2026-05-27 06:19:32,DRIFT,2526497.9956,3287095.1136,1.301,733924.6755,165878.788,70.3,70.1,0.2853
2026-05-27 06:20:32,DRIFT,2619002.7436,3293521.5268,1.2575,826126.4555,165878.788,70.3,70.1,0.2853
2026-05-27 06:21:32,DRIFT,2651051.7182,3307805.382,1.2477,858175.4301,180144.1232,70.3,70.1,0.2853
2026-05-27 06:22:32,DRIFT,2636732.3726,3255313.4687,1.2346,843856.0844,138365.1248,70.3,70.1,0.2853
2026-05-27 06:23:32,DRIFT,2633723.748,3266691.0328,1.2403,840847.4598,65407.8635,70.3,70.1,0.2853
2026-05-27 06:24:32,DRIFT,2465460.7218,3949391.6784,1.6019,808590.3472,387888.4913,70.2,69.9,0.4292
2026-05-27 06:25:32,DRIFT,2434603.118,3975554.6224,1.6329,777732.7434,399757.511,70.2,69.9,0.4292
2026-05-27 06:26:32,DRIFT,2378143.317,3981531.4415,1.6742,755226.6037,389012.5253,70.2,69.9,0.4292
2026-05-27 06:27:32,DRIFT,2463247.2455,3397626.5301,1.3793,776273.5952,299825.465,70.2,70,0.2857
2026-05-27 06:28:32,DRIFT,2449215.9178,3410839.4717,1.3926,762242.2675,302178.3239,70.2,70,0.2857
2026-05-27 06:29:32,DRIFT,2685840.821,3436538.9443,1.2795,896542.8882,327877.7965,70.2,70,0.2857
2026-05-27 06:30:32,DRIFT,3057951.2256,3938124.9143,1.2878,724605.996,620718.4575,69.9,69.8,0.1433
2026-05-27 06:31:32,DRIFT,3248589.824,3916713.8402,1.2057,1212605.9856,612623.3623,69.9,69.8,0.1433
2026-05-27 06:32:32,DRIFT,3014042.548,3899924.179,1.2939,680697.3184,555797.3182,69.9,69.8,0.1433
2026-05-27 06:33:32,DRIFT,3025146.7089,3973103.1819,1.3134,678681.1591,620330.788,69.9,69.8,0.1433
2026-05-27 06:34:32,DRIFT,2803349.6363,3940401.9141,1.4056,873524.7646,401275.6452,70.1,69.9,0.2861
2026-05-27 06:35:32,DRIFT,2668672.6819,3973880.2096,1.4891,322207.1321,617920.9144,69.9,69.8,0.1433
2026-05-27 06:36:32,DRIFT,2680332.5197,3971686.8838,1.4818,364913.4052,615727.5886,69.9,69.8,0.1433
2026-05-27 06:37:32,DRIFT,2681519.504,3973239.4087,1.4817,364282.7757,617280.1135,69.9,69.8,0.1433
2026-05-27 06:38:32,DRIFT,2530919.8129,4148621.9044,1.6392,169882.1535,690452.9723,69.8,69.7,0.1435
2026-05-27 06:39:32,DRIFT,2591698.1928,4168948.8461,1.6086,321859.7919,719750.8343,69.9,69.7,0.2869
2026-05-27 06:40:32,DRIFT,2829248.7418,4010626.8337,1.4176,823720.7047,792263.9091,70.1,69.9,0.2861
2026-05-27 06:41:32,DRIFT,2776550.8709,3988394.424,1.4365,827422.1137,593309.4589,70.1,69.9,0.2861
2026-05-27 06:42:32,DRIFT,2928631.7321,3901158.1493,1.3321,814245.0389,506073.1842,70.1,69.9,0.2861
2026-05-27 06:43:32,DRIFT,2928039.307,3951250.6919,1.3495,813652.6138,556165.7267,70.1,69.9,0.2861
2026-05-27 06:44:32,DRIFT,2987289.6219,3951250.6919,1.3227,816503.6488,556165.7267,70.1,69.9,0.2861
2026-05-27 06:45:32,DRIFT,2987871.561,3732276.0688,1.2491,817085.5879,546035.492,70.1,69.9,0.2861
2026-05-27 06:46:32,DRIFT,2519236.4464,3697994.6842,1.4679,135828.3108,688473.1989,69.9,69.8,0.1433
2026-05-27 06:47:32,DRIFT,2519236.4464,3663532.9185,1.4542,135828.3108,655454.4347,69.9,69.8,0.1433
2026-05-27 06:48:32,DRIFT,2462837.1664,3686326.9083,1.4968,540132.9233,678248.4245,69.9,69.8,0.1433
2026-05-27 06:49:32,DRIFT,2772615.9331,3111521.8198,1.1222,822802.4954,438626.2012,70.1,70,0.1429
2026-05-27 06:50:32,DRIFT,2358409.4815,3160104.5688,1.3399,408596.0438,489676.1243,70.1,70,0.1429
2026-05-27 06:51:32,DRIFT,2768208.5411,3226808.3265,1.1657,818395.1035,571190.988,70.1,70,0.1429
2026-05-27 06:52:32,DRIFT,2765380.8187,3224603.5486,1.1661,961677.1916,571170.3568,70.2,70,0.2857
2026-05-27 06:53:32,DRIFT,2754442.9166,3111989.1592,1.1298,950739.2894,381094.9031,70.2,70.1,0.1427
2026-05-27 06:54:32,DRIFT,2806474.2635,3244160.3122,1.156,1002770.6363,513268.9882,70.2,70.1,0.1427
2026-05-27 06:55:32,DRIFT,2736834.1705,3134136.197,1.1452,1018525.7782,462507.7069,70.3,70.2,0.1425
2026-05-27 06:56:32,DRIFT,2839549.9603,3124650.5724,1.1004,1018138.2817,475859.4769,70.3,70.2,0.1425
2026-05-27 06:57:32,DRIFT,2627123.9201,3347111.1288,1.2741,920488.366,639057.1994,70.2,70.1,0.1427
2026-05-27 06:58:32,DRIFT,2560167.5224,3314442.7765,1.2946,847132.6801,606388.8471,70.2,70.1,0.1427
2026-05-27 06:59:32,DRIFT,2547584.909,3226104.0559,1.2663,730678.4003,667448.8913,70.1,70,0.1429
2026-05-27 07:00:32,DRIFT,2624390.4333,3132493.5814,1.1936,828626.0261,508631.7681,70.2,70.1,0.1427
2026-05-27 07:01:32,DRIFT,2607337.694,3130918.7787,1.2008,811573.2869,497768.5395,70.2,70.1,0.1427
2026-05-27 07:02:32,DRIFT,2570412.7819,3262263.3706,1.2692,638363.8561,694319.7801,70.1,70,0.1429
2026-05-27 07:03:32,DRIFT,2739079.7757,3389541.9689,1.2375,943315.3686,527665.3796,70.2,70.1,0.1427
2026-05-27 07:04:32,DRIFT,2578111.2145,4094333.3332,1.5881,754832.5406,807363.4435,70,69.9,0.1431
2026-05-27 07:05:32,DRIFT,2538073.7518,4091300.3392,1.612,714795.078,804330.4495,70,69.9,0.1431
2026-05-27 07:06:32,DRIFT,2556336.4457,3472406.9478,1.3584,842711.7927,675737.0073,70.2,70,0.2857
2026-05-27 07:07:32,DRIFT,2337602.2954,3283963.3819,1.4048,623977.6424,470401.877,70.2,70.1,0.1427
2026-05-27 07:08:32,DRIFT,2310939.007,2899411.6113,1.2546,611427.7093,199551.9513,70.4,70.3,0.1422
2026-05-27 07:09:32,DRIFT,2250477.5031,3080642.2324,1.3689,610927.5623,378648.2744,70.4,70.3,0.1422
2026-05-27 07:10:32,DRIFT,2253024.2314,3085381.7981,1.3694,613474.2906,476644.8087,70.4,70.3,0.1422
2026-05-27 07:11:32,DRIFT,2221471.8566,3076983.6347,1.3851,582177.5451,518968.7144,70.4,70.3,0.1422
2026-05-27 07:12:32,DRIFT,2334319.7748,2787098.56,1.194,554754.5397,363415.6542,70.5,70.4,0.142
2026-05-27 07:13:32,DRIFT,2309588.9453,3080925.7518,1.334,548446.6933,603702.0707,70.4,70.2,0.2849
2026-05-27 07:14:32,DRIFT,2209397.9503,2941445.9094,1.3313,375483.6465,423069.5708,70.3,70.2,0.1425
2026-05-27 07:15:32,DRIFT,2253492.7611,3061040.1681,1.3584,423243.2093,418969.5869,70.2,70.1,0.1427
2026-05-27 07:16:32,DRIFT,2215289.0724,2994695.2919,1.3518,385039.5206,351177.5327,70.3,70.1,0.2853
2026-05-27 07:17:32,DRIFT,2073907.7116,2994460.4621,1.4439,300837.7754,340942.7028,70.2,70.1,0.1427
2026-05-27 07:18:32,DRIFT,2193702.7825,2949043.8952,1.3443,363453.2307,347031.9083,70.3,70,0.4286
2026-05-27 07:19:32,DRIFT,2078948.7157,3035584.7768,1.4602,305878.7795,380631.6999,70.2,70.1,0.1427
2026-05-27 07:20:32,DRIFT,2124192.4574,2842955.9229,1.3384,349752.6582,379399.0346,70.2,70.1,0.1427
2026-05-27 07:21:32,DRIFT,2124106.9873,2847963.2104,1.3408,396000.0479,384406.3221,70.2,70.1,0.1427
2026-05-27 07:22:32,DRIFT,2124000.9475,2834219.4622,1.3344,399551.7358,370662.5738,70.2,70.1,0.1427
2026-05-27 07:23:32,DRIFT,2150485.6941,2851509.344,1.326,399030.0813,389255.38,70.2,70.1,0.1427
2026-05-27 07:24:32,DRIFT,2081858.8485,2836021.7461,1.3623,413410.1095,367995.7163,70.2,70.1,0.1427
2026-05-27 07:25:32,DRIFT,2069626.7315,2941270.3068,1.4212,413410.1095,470712.0461,70.2,70,0.2857
2026-05-27 07:26:32,DRIFT,2067571.327,2876973.2977,1.3915,426358.7981,323191.1559,70.2,70.1,0.1427
2026-05-27 07:27:32,DRIFT,1889200.0593,2872559.3697,1.5205,350311.813,391195.5611,70.2,70,0.2857
2026-05-27 07:28:32,DRIFT,1902487.3161,2943869.316,1.5474,363599.0698,462505.5074,70.2,70,0.2857
2026-05-27 07:29:32,DRIFT,1978936.2706,2940950.6326,1.4861,367983.2388,373736.3226,70.3,70.2,0.1425
2026-05-27 07:30:32,DRIFT,1969222.2941,2957236.7392,1.5017,359967.4126,390907.3771,70.3,70.2,0.1425
2026-05-27 07:31:32,DRIFT,1979784.7492,2817066.4315,1.4229,370529.8677,335943.6583,70.3,70.2,0.1425
2026-05-27 07:32:32,DRIFT,1868247.6574,2859134.3537,1.5304,331176.4847,436630.7527,70.2,70.1,0.1427
2026-05-27 07:33:32,DRIFT,2016808.995,2871609.7477,1.4238,386952.2494,445106.4801,70.3,70.1,0.2853
2026-05-27 07:34:32,DRIFT,1998208.6924,2816917.2046,1.4097,368351.9468,439895.5902,70.3,70.2,0.1425
2026-05-27 07:35:32,DRIFT,1868978.5901,2982039.9334,1.5955,260857.062,666357.7409,70.1,70,0.1429
2026-05-27 07:36:32,DRIFT,2038078.0564,2549064.9654,1.2507,305141.2631,280829.5232,70.4,70.3,0.1422
2026-05-27 07:37:32,DRIFT,1928551.9006,2917368.9631,1.5127,298695.155,482810.3524,70.3,70.1,0.2853
2026-05-27 07:38:32,DRIFT,1928551.9006,2862705.7645,1.4844,298695.155,428147.1537,70.3,70.1,0.2853
2026-05-27 07:39:32,DRIFT,1968727.3477,2813644.8411,1.4292,235790.5544,435582.8171,70.4,70.2,0.2849
2026-05-27 07:40:32,DRIFT,2075814.753,2880352.9827,1.3876,223749.7923,502290.9587,70.4,70.2,0.2849
2026-05-27 07:41:32,DRIFT,2075653.753,2676822.6176,1.2896,223588.7923,378235.4702,70.4,70.3,0.1422
2026-05-27 07:42:32,DRIFT,2081304.9215,2709735.2272,1.3019,348368.1282,411569.3939,70.4,70.3,0.1422
2026-05-27 07:43:32,DRIFT,2018939.2858,2613473.5433,1.2945,293864.4611,315307.7099,70.5,70.4,0.142
2026-05-27 07:44:32,DRIFT,2020496.416,2561126.0244,1.2676,294022.9899,327493.6609,70.5,70.3,0.2845
2026-05-27 07:45:32,DRIFT,1944401.9995,2444018.4569,1.257,217928.5733,284952.07,70.5,70.4,0.142
2026-05-27 07:46:32,DRIFT,2127843.9016,2463900.5016,1.1579,391069.6355,304837.0215,70.5,70.4,0.142
2026-05-27 07:47:32,DRIFT,2043097.9362,2646926.9478,1.2955,291658.2947,432898.7288,70.6,70.4,0.2841
2026-05-27 07:48:32,DRIFT,2050026.9973,2564183.2759,1.2508,264011.4077,332818.0317,70.7,70.6,0.1416
2026-05-27 07:49:32,DRIFT,1986227.2693,2396392.6113,1.2065,229766.491,411588.8729,70.7,70.6,0.1416
2026-05-27 07:50:32,DRIFT,2121471.1932,2149769.2447,1.0133,177743.4753,185859.2781,71,70.9,0.141
2026-05-27 07:51:32,DRIFT,2234101.4842,2063547.1124,0.9237,149733.287,190071.1165,71.2,71,0.2817
2026-05-27 07:52:32,DRIFT,2022067.6637,2286072.9854,1.1306,190030.6422,406335.664,70.9,70.7,0.2829
2026-05-27 07:53:32,DRIFT,1874592.4459,2276731.907,1.2145,365951.9746,399388.8257,70.7,70.6,0.1416
2026-05-27 07:54:32,DRIFT,1845962.0287,2259670.5445,1.2241,340179.8116,262295.584,70.6,70.4,0.2841
2026-05-27 07:55:32,DRIFT,1815368.3931,2287926.8857,1.2603,309967.5137,174228.8829,70.7,70.6,0.1416
2026-05-27 07:56:32,DRIFT,1807144.6597,2442892.6767,1.3518,317955.996,297240.2693,70.7,70.6,0.1416
2026-05-27 07:57:32,DRIFT,1998483.1532,2433724.8093,1.2178,422852.4247,348494.6332,70.6,70.5,0.1418
2026-05-27 07:58:32,DRIFT,1939805.963,2393224.571,1.2337,353266.8293,377868.2549,70.5,70.4,0.142
2026-05-27 07:59:32,DRIFT,1599922.3077,2556901.2817,1.5981,124686.8299,404469.2944,70.4,70.3,0.1422
2026-05-27 08:00:32,DRIFT,1630638.3387,2334893.6911,1.4319,104409.03,83784.7795,70.7,70.6,0.1416
2026-05-27 08:01:32,DRIFT,1935493.752,2314137.7509,1.1956,477624.3514,260261.8165,70.5,70.4,0.142
2026-05-27 08:02:32,DRIFT,1988080.0213,2748454.5786,1.3825,410735.1042,499006.9803,70.3,70.1,0.2853
2026-05-27 08:03:32,DRIFT,1969116.0047,2769760.0343,1.4066,391771.0876,503427.1863,70.4,70.3,0.1422
2026-05-27 08:04:32,DRIFT,1853587.3476,2820426.7206,1.5216,393858.7484,484227.1224,70.4,70.3,0.1422
2026-05-27 08:05:32,DRIFT,1863081.0908,2859096.1573,1.5346,393637.6759,477101.7372,70.4,70.3,0.1422
2026-05-27 08:06:32,DRIFT,1844484.4359,2860183.2404,1.5507,375041.021,478188.8203,70.4,70.3,0.1422
2026-05-27 08:07:32,DRIFT,1863278.496,2841290.0219,1.5249,400937.202,459295.6018,70.4,70.3,0.1422
2026-05-27 08:08:32,DRIFT,1654736.5297,2876696.7374,1.7385,250100.1218,508566.6898,70.2,70.1,0.1427
2026-05-27 08:09:32,DRIFT,1796824.0006,2752958.756,1.5321,363687.4481,403499.7356,70.3,70.2,0.1425
2026-05-27 08:10:32,DRIFT,1836835.1035,2556163.5548,1.3916,327981.967,344625.0294,70.5,70.3,0.2845
2026-05-27 08:11:32,DRIFT,1816375.6735,2694403.4569,1.4834,138682.0636,407071.1396,70.4,70.2,0.2849
2026-05-27 08:12:32,DRIFT,1718823.2228,2642608.0337,1.5375,141965.4753,425142.4667,70.3,70.2,0.1425
2026-05-27 08:13:32,DRIFT,1808837.8697,2390373.558,1.3215,247541.8657,330918.7237,70.6,70.4,0.2841
2026-05-27 08:14:32,DRIFT,1806994.7493,2354198.8657,1.3028,318364.4265,270124.9961,70.8,70.6,0.2833
2026-05-27 08:15:32,DRIFT,1963558.8226,2437609.8135,1.2414,402262.8185,378154.9792,70.6,70.4,0.2841
2026-05-27 08:16:32,DRIFT,1905537.7606,2164326.0597,1.1358,178193.3223,203509.365,70.5,70.4,0.142
2026-05-27 08:17:32,DRIFT,1903070.0103,2246661.0134,1.1805,152416.1321,357717.6918,70.4,70.3,0.1422
2026-05-27 08:18:32,DRIFT,1953649.4709,2170730.5118,1.1111,392353.4668,250959.7162,70.5,70.4,0.142
2026-05-27 08:19:32,DRIFT,1972123.6649,2170341.8964,1.1005,410827.6608,250571.1008,70.5,70.4,0.142
2026-05-27 08:20:32,DRIFT,1977026.7007,2254727.102,1.1405,411639.8875,338354.8997,70.5,70.4,0.142
2026-05-27 08:21:32,DRIFT,1850090.9812,2228928.8733,1.2048,174154.9984,311686.6738,70.5,70.4,0.142
2026-05-27 08:22:32,DRIFT,1881860.0311,2223837.8741,1.1817,186374.3204,286756.5513,70.5,70.4,0.142
2026-05-27 08:23:32,DRIFT,1905825.9994,2294077.0472,1.2037,432890.474,300302.3162,70.8,70.5,0.4255
2026-05-27 08:24:32,DRIFT,1936192.3712,2257577.2884,1.166,458775.2651,263802.5575,70.7,70.5,0.2837
2026-05-27 08:25:32,DRIFT,1909323.9804,2206609.8596,1.1557,457730.5998,329405.9616,70.7,70.5,0.2837
2026-05-27 08:26:32,DRIFT,2660530.0615,2307919.7972,0.8675,977966.3668,352094.1423,70.6,70.5,0.1418
2026-05-27 08:27:32,DRIFT,2703276.2744,2342991.1154,0.8667,1126523.4588,387165.4605,70.6,70.5,0.1418
2026-05-27 08:28:32,DRIFT,1951869.3452,2323645.7471,1.1905,379796.3493,333389.819,70.6,70.5,0.1418
2026-05-27 08:29:32,DRIFT,1967442.6454,2298335.9621,1.1682,383021.1846,310640.8274,70.6,70.5,0.1418
2026-05-27 08:30:32,DRIFT,1849531.8841,2341214.5706,1.2658,340604.0791,394393.3069,70.5,70.4,0.142
2026-05-27 08:31:32,DRIFT,1934835.538,2353700.7704,1.2165,363873.6347,372450.3018,70.5,70.4,0.142
2026-05-27 08:32:32,DRIFT,1999757.7433,2480523.2125,1.2404,428795.8399,369203.8848,70.5,70.4,0.142
2026-05-27 08:33:32,DRIFT,1970922.4545,2566943.9375,1.3024,399960.5511,441173.7428,70.5,70.4,0.142
2026-05-27 08:34:32,DRIFT,2014019.8083,2611185.8079,1.2965,433944.245,464380.8654,70.6,70.5,0.1418
2026-05-27 08:35:32,DRIFT,1994389.5141,2431549.2091,1.2192,414313.9507,344288.7173,70.6,70.5,0.1418
2026-05-27 08:36:32,DRIFT,2148121.8048,2660599.2941,1.2386,568046.2415,393268.8124,70.5,70.4,0.142
2026-05-27 08:37:32,DRIFT,2039890.8265,2593836.174,1.2716,502689.7798,383376.2703,70.4,70.3,0.1422
2026-05-27 08:38:32,DRIFT,2030849.52,2909139.663,1.4325,472113.9812,496979.2766,70.3,70.2,0.1425
2026-05-27 08:39:32,DRIFT,2022396.3182,2929766.5325,1.4487,400565.8584,526486.9711,70.3,70.2,0.1425
2026-05-27 08:40:32,DRIFT,2016481.3234,2898081.9656,1.4372,394650.8636,468054.7651,70.3,70.2,0.1425
2026-05-27 08:41:32,DRIFT,1999784.1479,2627604.7197,1.3139,399488.1802,399278.002,70.4,70.3,0.1422
2026-05-27 08:42:32,DRIFT,1944639.2759,2699483.736,1.3882,340606.1912,427738.0651,70.4,70.3,0.1422
2026-05-27 08:43:32,DRIFT,1935405.4337,2636437.3037,1.3622,280927.27,300271.9718,70.6,70.5,0.1418
2026-05-27 08:44:32,DRIFT,1846686.9807,2741490.0148,1.4845,192128.817,284066.2532,70.6,70.5,0.1418
2026-05-27 08:45:32,DRIFT,1926118.8762,2444249.5965,1.269,335300.3064,323283.0363,71,70.9,0.141
2026-05-27 08:46:32,DRIFT,2379374.8598,2416232.5221,1.0155,569174.8566,209132.6399,71.1,71,0.1408
2026-05-27 08:47:32,DRIFT,2086796.9218,2486236.512,1.1914,499181.8152,260523.8156,71,70.9,0.141
2026-05-27 08:48:32,DRIFT,2014509.3239,2539306.1158,1.2605,412825.7939,196440.0331,71,70.8,0.2825
2026-05-27 08:49:32,DRIFT,1920900.4023,2684661.1625,1.3976,330667.4837,392287.0991,70.9,70.4,0.7102
2026-05-27 08:50:32,DRIFT,1775414.1999,2433222.6658,1.3705,300888.576,101322.4418,70.8,70.7,0.1414
2026-05-27 08:51:32,DRIFT,1900257.1044,2619052.1379,1.3783,519551.3825,111929.7454,70.8,70.7,0.1414
2026-05-27 08:52:32,DRIFT,2160494.0735,2468732.1182,1.1427,604080.6081,221367.5726,71,70.7,0.4243
2026-05-27 08:53:32,DRIFT,1970440.3332,2716845.9864,1.3788,542739.9259,314954.4084,70.6,70.5,0.1418
2026-05-27 08:54:32,DRIFT,1971402.8717,2559436.0025,1.2983,423070.6059,242940.4712,70.9,70.8,0.1412
2026-05-27 08:55:32,DRIFT,1785862.5311,2663296.8502,1.4913,358162.1238,473571.5893,70.7,70.4,0.4261
2026-05-27 08:56:32,DRIFT,1778871.1771,2655658.6654,1.4929,136032.5511,464834.2765,70.6,70.4,0.2841
2026-05-27 08:57:32,DRIFT,1876020.1483,2524097.5262,1.3455,412554.3245,163272.0767,70.7,70.6,0.1416
2026-05-27 08:58:32,DRIFT,1550316.0932,2665016.0946,1.719,162727.6999,478425.014,70.5,70.4,0.142
2026-05-27 08:59:32,DRIFT,2039932.2506,1882237.8004,0.9227,237037.7642,115097.8293,71.4,71.3,0.1403
2026-05-27 09:00:32,DRIFT,2728881.9682,1793829.7151,0.6573,545335.991,180747.8596,71.6,71.5,0.1399
2026-05-27 09:01:32,DRIFT,2814824.9212,1839906.279,0.6536,438396.1189,165544.2466,71.8,71.3,0.7013
2026-05-27 09:02:32,DRIFT,3502312.3073,1943211.835,0.5548,334671.0179,254135.3706,71.4,71.3,0.1403
2026-05-27 09:03:32,DRIFT,2368959.02,2563567.3221,1.0821,97463.6521,227436.701,70.6,70.5,0.1418
2026-05-27 09:04:32,DRIFT,2663286.2931,1972785.7699,0.7407,365652.8429,204820.942,71.6,71.4,0.2801
2026-05-27 09:05:32,DRIFT,2950938.8263,2176449.141,0.7375,477320.9045,71184.5156,71.1,71,0.1408
2026-05-27 09:06:32,DRIFT,2558825.0359,2362187.5614,0.9232,166249.6209,85214.6536,71.2,70.9,0.4231
2026-05-27 09:07:32,DRIFT,2525553.6603,2643543.4514,1.0467,189551.1399,209483.5027,71,70.9,0.141
2026-05-27 09:08:32,DRIFT,2601902.7425,2746997.6174,1.0558,267267.2624,470005.963,71.4,71.2,0.2809
2026-05-27 09:09:32,DRIFT,2761298.166,2585345.5524,0.9363,240130.4884,301875.0755,71.4,71.3,0.1403
2026-05-27 09:10:32,DRIFT,2643174.3752,2662302.9154,1.0072,289570.2497,458855.3258,71.6,71.5,0.1399
2026-05-27 09:11:32,DRIFT,2716984.1752,2774104.6069,1.021,315662.7618,457872.594,71.5,71.3,0.2805
2026-05-27 09:12:32,DRIFT,2847046.5607,2832726.6287,0.995,484277.8428,677243.9207,71.8,71.7,0.1395
2026-05-27 09:13:32,DRIFT,2717452.5843,2512136.1145,0.9244,409792.4148,170888.913,71.6,71.4,0.2801
2026-05-27 09:14:32,DRIFT,2782160.641,2638311.4167,0.9483,262905.966,288728.9423,71.5,71.3,0.2805
2026-05-27 09:15:32,DRIFT,2843238.4178,1876733.8856,0.6601,504960.1136,68589.5062,71.8,71.7,0.1395
2026-05-27 09:16:32,DRIFT,3052659.6691,1509774.4749,0.4946,217016.9096,86661.1349,72.1,71.9,0.2782
2026-05-27 09:17:32,DRIFT,3398462.2313,2060759.6678,0.6064,442527.3148,313242.8853,72.4,72.3,0.1383
2026-05-27 09:18:32,DRIFT,3275865.0676,2052366.2132,0.6265,231473.0493,360638.3688,72.6,72.4,0.2762
2026-05-27 09:19:32,DRIFT,3844050.1182,2026389.5979,0.5271,364902.3365,360136.7197,73.2,73.1,0.1368
2026-05-27 09:20:32,DRIFT,3757933.6344,2076661.8782,0.5526,629815.4589,641750.9569,72.9,72.8,0.1374
2026-05-27 09:21:32,DRIFT,3746857.5757,1759307.5253,0.4695,775686.3343,187082.9523,72.8,72.7,0.1376
2026-05-27 09:22:32,DRIFT,3463783.1135,1787044.9795,0.5159,200255.6801,133648.4842,72.1,72,0.1389
2026-05-27 09:23:32,DRIFT,3268212.7699,2185941.8381,0.6688,319499.1949,401717.8438,72.4,71.9,0.6954
2026-05-27 09:24:32,DRIFT,3371400.9327,1824430.3005,0.5411,377961.7668,227017.7324,72.2,72,0.2778
2026-05-27 09:25:32,DRIFT,3507470.9427,1667401.4396,0.4754,381516.6316,71160.6615,72.3,72.2,0.1385
2026-05-27 09:26:32,DRIFT,3595584.484,1678415.8348,0.4668,536361.6268,113936.418,73.2,73.1,0.1368
2026-05-27 09:27:32,DRIFT,3899140.6188,1911505.0844,0.4902,822155.6878,441980.1724,73.4,73.2,0.2732
2026-05-27 09:28:32,DRIFT,3955527.0464,1720012.1054,0.4348,496170.4322,490174.6177,73.5,73.3,0.2729
2026-05-27 09:29:32,DRIFT,3889015.292,1749049.9295,0.4497,415176.892,481529.6559,73.1,73,0.137
2026-05-27 09:30:32,DRIFT,4133902.9409,1583361.5583,0.383,672250.7856,213510.4646,73.3,73.2,0.1366
2026-05-27 09:31:32,DRIFT,4225827.1976,1538514.146,0.3641,906589.0386,347504.5811,73.6,73.5,0.1361
2026-05-27 09:32:32,DRIFT,4150825.0519,1535816.4921,0.37,543694.6739,235202.2392,73.2,73,0.274
2026-05-27 09:33:32,DRIFT,4048087.8625,1933323.8662,0.4776,694583.4305,328605.2593,73.1,73,0.137
2026-05-27 09:34:32,DRIFT,3438840.6647,1922503.1569,0.5591,375652.3426,62910.437,73,72.8,0.2747
2026-05-27 09:35:32,DRIFT,3549263.0566,2010254.5255,0.5664,472167.2222,182975.7831,72.8,72.6,0.2755
2026-05-27 09:36:32,DRIFT,3642777.2573,2134883.7859,0.5861,561031.4105,312157.5823,72.9,72.7,0.2751
2026-05-27 09:37:32,DRIFT,3147525.828,2362676.5698,0.7506,200665.288,663611.7664,72.5,72.3,0.2766
2026-05-27 09:38:32,DRIFT,3266325.5614,1981064.8521,0.6065,215258.1224,210415.6522,72.8,72.7,0.1376
2026-05-27 09:39:32,DRIFT,3348650.2068,1997293.959,0.5964,312361.4453,353038.8531,72.8,72.7,0.1376
2026-05-27 09:40:32,DRIFT,3843485.369,1696003.4729,0.4413,648322.9536,284425.9634,73.3,73.2,0.1366
2026-05-27 09:41:32,DRIFT,3686609.6845,1882960.6906,0.5108,472526.94,367729.4709,73.3,73.2,0.1366
2026-05-27 09:42:32,DRIFT,3832457.8851,1922058.8583,0.5015,535222.5314,344521.3717,73.2,73,0.274
2026-05-27 09:43:32,DRIFT,3594506.91,1918089.1069,0.5336,227704.165,186649.7573,73.1,72.9,0.2743
2026-05-27 09:44:32,DRIFT,3611614.6717,2038685.8488,0.5645,336880.9864,283604.7234,73.1,72.9,0.2743
2026-05-27 09:45:32,DRIFT,3771036.4184,1871930.3294,0.4964,529804.3576,346369.3218,73.1,73,0.137
2026-05-27 09:46:32,DRIFT,3738394.8785,1867862.6096,0.4996,494454.6242,297536.9596,73.1,73,0.137
2026-05-27 09:47:32,DRIFT,3777306.6863,2062681.9923,0.5461,526507.7214,302560.2002,73.1,72.9,0.2743
2026-05-27 09:48:32,DRIFT,3399245.196,2250225.7632,0.662,452697.2009,348768.4061,73,72.5,0.6897
2026-05-27 09:49:32,DRIFT,3164602.8372,2269965.3482,0.7173,384958.6136,576178.5691,72.4,72.3,0.1383
2026-05-27 09:50:32,DRIFT,2827036.1885,2242175.4082,0.7931,268793.5731,440322.7415,72.7,72.5,0.2759
2026-05-27 09:51:32,DRIFT,2642809.2387,1984759.5897,0.751,135575.2413,463365.6897,72.5,72.3,0.2766
2026-05-27 09:52:32,DRIFT,2584425.3034,2254163.0418,0.8722,113344.2371,460922.2949,72.2,72.1,0.1387
2026-05-27 09:53:32,DRIFT,2461120.2396,2310231.3922,0.9387,100266.1485,314007.2415,72,71.9,0.1391
2026-05-27 09:54:32,DRIFT,2017698.2426,2481318.5549,1.2298,147469.3361,528595.918,71.9,71.6,0.419
2026-05-27 09:55:32,DRIFT,2702527.9,2175929.3004,0.8051,306577.5305,331635.9055,72.5,72.4,0.1381
2026-05-27 09:56:32,DRIFT,2486363.1308,2023900.909,0.814,264515.7759,186563.7704,72.2,72.1,0.1387
2026-05-27 09:57:32,DRIFT,2623358.4477,1990132.6109,0.7586,222513.1577,263094.4381,72.3,72.1,0.2774
2026-05-27 09:58:32,DRIFT,2568063.541,1923056.3082,0.7488,241266.5299,283501.1612,72.2,72,0.2778
2026-05-27 09:59:32,DRIFT,2384924.4992,2178682.5142,0.9135,67860.2178,372387.6509,72.1,72,0.1389
2026-05-27 10:00:32,DRIFT,2466036.8487,2134147.6523,0.8654,216246.1485,448034.7673,72.2,71.9,0.4172
2026-05-27 10:01:32,DRIFT,2635083.5676,1706735.1899,0.6477,182315.9621,201182.948,72.7,72.6,0.1377
2026-05-27 10:02:32,DRIFT,2965624.6266,1933267.1265,0.6519,193102.6826,402545.9402,72.8,72.6,0.2755
2026-05-27 10:03:32,DRIFT,3065377.2712,2029651.4674,0.6621,368667.2015,443728.2556,72.8,72.5,0.4138
2026-05-27 10:04:32,DRIFT,2783812.7015,1859469.5975,0.668,276665.2095,223537.0141,72.6,72.5,0.1379
2026-05-27 10:05:32,DRIFT,2799616.8495,1995144.448,0.7126,287961.0393,425493.2802,72.7,72.5,0.2759
2026-05-27 10:06:32,DRIFT,2905372.5713,1917931.9552,0.6601,334319.5337,325494.1072,72.9,72.7,0.2751
2026-05-27 10:07:32,DRIFT,3082144.5479,1987551.2738,0.6449,510138.4328,424875.7638,72.9,72.7,0.2751
2026-05-27 10:08:32,DRIFT,3181039.1218,1984480.6434,0.6238,393677.2988,579577.4221,73,72.9,0.1372
2026-05-27 10:09:32,DRIFT,2911868.8883,1964973.9669,0.6748,336261.5193,463647.8455,72.9,72.8,0.1374
2026-05-27 10:10:32,DRIFT,2622888.9347,1864465.4264,0.7108,147472.7571,278771.5865,72.7,72.6,0.1377
2026-05-27 10:11:32,DRIFT,2601548.6228,1793355.6443,0.6893,100519.4233,145628.1673,72.7,72.5,0.2759
2026-05-27 10:12:32,DRIFT,3213189.1813,1664057.0229,0.5179,516513.3627,207786.6868,73,72.9,0.1372
2026-05-27 10:13:32,DRIFT,2857918.6228,1905968.7237,0.6669,361178.7228,159050.8635,72.7,72.5,0.2759
2026-05-27 10:14:32,DRIFT,2737817.0372,2057717.4047,0.7516,295490.9645,145368.829,72.6,72.5,0.1379
2026-05-27 10:15:32,DRIFT,2817899.8287,2349748.5366,0.8339,250378.2493,515757.082,72.2,72.1,0.1387
2026-05-27 10:16:32,DRIFT,2639686.6859,2409218.5485,0.9127,113899.6255,475921.7761,72.3,72.1,0.2774
2026-05-27 10:17:32,DRIFT,2691674.9545,2351581.7259,0.8736,125127.7461,417382.7958,72.4,72.1,0.4161
2026-05-27 10:18:32,DRIFT,2983913.1662,2449791.5637,0.821,436442.6993,336222.9445,72.8,72.7,0.1376
2026-05-27 10:19:32,DRIFT,3247994.7768,2249386.2723,0.6925,561591.7386,179686.0144,72.8,72.6,0.2755
2026-05-27 10:20:32,DRIFT,3410215.3816,2020523.9728,0.5925,481585.5695,95103.1197,73,72.9,0.1372
2026-05-27 10:21:32,DRIFT,3344394.9202,2684212.3676,0.8026,289898.9816,260961.8309,73.2,73.1,0.1368
2026-05-27 10:22:32,DRIFT,3701808.0608,2532737.5558,0.6842,652477.8922,534106.6739,73.6,73.5,0.1361
2026-05-27 10:23:32,DRIFT,4113421.9191,2114820.6207,0.5141,413535.2732,358741.947,74.4,74.2,0.2695
2026-05-27 10:24:32,DRIFT,4278435.8225,1920537.9487,0.4489,666259.061,223970.2071,74,73.8,0.271
2026-05-27 10:25:32,DRIFT,3951778.6648,1942507.6261,0.4916,270258.5435,298682.9477,74,73.8,0.271
2026-05-27 10:26:32,DRIFT,3905680.9675,1754219.3155,0.4491,392235.7119,186707.2833,74,73.9,0.1353
2026-05-27 10:27:32,DRIFT,4319237.1177,1787592.6406,0.4139,573885.0738,306676.1543,74.2,74,0.2703
2026-05-27 10:28:32,DRIFT,4043959.328,1964653.3192,0.4858,493275.8122,384297.0,74.1,74,0.1351
2026-05-27 10:29:32,DRIFT,4212736.9157,1931078.3837,0.4584,498003.8977,351655.4081,74,73.8,0.271
2026-05-27 10:30:32,DRIFT,3995978.3904,1949070.0592,0.4878,408079.3914,281544.7284,74,73.8,0.271
2026-05-27 10:31:32,DRIFT,5013602.2075,1880672.9058,0.3751,644828.0322,515607.0222,74.9,74.8,0.1337
2026-05-27 10:32:32,DRIFT,4516748.31,2241989.6686,0.4964,115536.3599,722281.4002,75.2,75.1,0.1332
2026-05-27 10:33:32,DRIFT,4657448.7495,2275992.8802,0.4887,170001.3651,554554.0703,75.4,75.3,0.1328
2026-05-27 10:34:32,DRIFT,4940354.619,1803640.9484,0.3651,382969.9241,665942.0724,75.4,75.3,0.1328
2026-05-27 10:35:32,DRIFT,4602574.5742,1638910.4012,0.3561,72689.3904,302818.1321,75.3,75.2,0.133
2026-05-27 10:36:32,DRIFT,5028365.0979,2060034.2599,0.4097,290318.7633,269861.7245,75.1,75,0.1333
2026-05-27 10:37:32,DRIFT,5316084.1429,1875807.6061,0.3529,678571.5783,156636.4667,75.3,75.1,0.2663
2026-05-27 10:38:32,DRIFT,5298936.9311,1960195.0956,0.3699,734596.7469,233382.5117,75.2,75.1,0.1332
2026-05-27 10:39:32,DRIFT,5005247.0382,1617195.5268,0.3231,449079.1635,258133.2273,75.2,75,0.2667
2026-05-27 10:40:32,DRIFT,4266384.4117,1446930.2004,0.3391,181800.6746,128689.9102,74.9,74.7,0.2677
2026-05-27 10:41:32,DRIFT,3128642.6275,2537520.0026,0.8111,195637.6604,537374.4798,74.1,74,0.1351
2026-05-27 10:42:32,DRIFT,3689770.4048,2556043.8405,0.6927,261359.6532,614846.2977,74.4,74.3,0.1346
2026-05-27 10:43:32,DRIFT,3602155.1781,2371293.6193,0.6583,233537.2695,568174.3709,74.5,74.4,0.1344
2026-05-27 10:44:32,DRIFT,3307791.1166,2238659.3947,0.6768,168421.7781,596566.9371,74.4,74.3,0.1346
2026-05-27 10:45:32,DRIFT,3760113.4753,2016558.4491,0.5363,165135.8841,473223.6442,74.5,74.3,0.2692
2026-05-27 10:46:32,DRIFT,3021351.3648,2212763.6512,0.7324,261523.9303,378933.2959,73.9,73.8,0.1355
2026-05-27 10:47:32,DRIFT,2615848.9838,2146015.7212,0.8204,339902.9276,158475.3261,73,72.9,0.1372
2026-05-27 10:48:32,DRIFT,2721076.8935,2153538.3175,0.7914,284503.4968,170609.8491,73.2,73.1,0.1368
2026-05-27 10:49:32,DRIFT,2908628.686,2686173.8665,0.9235,51115.5481,334317.6279,73.8,73.7,0.1357
2026-05-27 10:50:32,DRIFT,2675661.4055,2468139.7615,0.9224,282265.9302,300380.2695,73.6,73.5,0.1361
2026-05-27 10:51:32,DRIFT,2510204.5767,2803126.1601,1.1167,154964.3098,608406.6752,73.3,73.2,0.1366
2026-05-27 10:52:32,DRIFT,2573656.7723,2743179.7732,1.0659,41962.9601,387059.7689,73.6,73.4,0.2725
2026-05-27 10:53:32,DRIFT,2837872.7906,2576429.6265,0.9079,156767.387,335772.8808,73.7,73.6,0.1359
2026-05-27 10:54:32,DRIFT,3404378.8313,2631717.2736,0.773,247218.4237,456030.397,74.3,74.1,0.2699
2026-05-27 10:55:32,DRIFT,3486075.3357,2405609.4829,0.6901,322000.0108,415633.3312,74.3,74.1,0.2699
2026-05-27 10:56:32,DRIFT,3092591.1693,2409707.8947,0.7792,120853.8999,195017.1983,73.9,73.8,0.1355
2026-05-27 10:57:32,DRIFT,3192337.5497,2451503.9196,0.7679,288382.9759,289346.8388,73.9,73.8,0.1355
2026-05-27 10:58:32,DRIFT,3238747.2517,2394812.9089,0.7394,246123.8249,410440.6334,73.8,73.6,0.2717
2026-05-27 10:59:32,DRIFT,3255967.6708,2324714.1179,0.714,313700.2498,225429.4086,73.9,73.8,0.1355
2026-05-27 11:00:32,DRIFT,4006522.1128,2370145.3623,0.5916,248033.327,174962.9877,74.6,74.5,0.1342
2026-05-27 11:01:32,DRIFT,5224069.9002,2305375.3405,0.4413,635984.0847,299217.1924,75.2,75.1,0.1332
2026-05-27 11:02:32,DRIFT,4641926.9281,2683653.6609,0.5781,157193.8065,275607.8046,75.1,74.8,0.4011
2026-05-27 11:03:33,DRIFT,4912068.3416,3049551.8706,0.6208,404392.6485,442202.6323,75,74.8,0.2674
2026-05-27 11:04:33,DRIFT,4423240.3072,2714894.5251,0.6138,71524.2907,120572.0955,74.9,74.7,0.2677
2026-05-27 11:05:33,DRIFT,4838174.7561,2714391.2126,0.561,197466.8005,291572.5094,75.1,75,0.1333
2026-05-27 11:06:33,DRIFT,5014247.2902,2674095.189,0.5333,298401.5749,164243.0936,75.1,75,0.1333
2026-05-27 11:07:33,DRIFT,5476882.1938,2252989.0335,0.4114,821633.1765,267281.7872,75.7,75.6,0.1323
2026-05-27 11:08:33,DRIFT,5565858.8097,2779582.0699,0.4994,941443.2035,441487.8598,75.7,75.6,0.1323
2026-05-27 11:09:33,DRIFT,5642469.2515,2436880.8059,0.4319,996459.248,275000.1692,75.8,75.7,0.1321
2026-05-27 11:10:33,DRIFT,4674604.7878,2917797.2092,0.6242,119828.7089,388380.9167,75.1,75,0.1333
2026-05-27 11:11:33,DRIFT,5309109.2781,2848811.8565,0.5366,645947.1261,493276.9714,75.6,75.3,0.3984
2026-05-27 11:12:33,DRIFT,4951203.9552,2653790.6985,0.536,251884.5349,332773.9379,75.3,75.2,0.133
2026-05-27 11:13:33,DRIFT,4197183.0174,2844452.3664,0.6777,81587.7566,180931.1113,75,74.9,0.1335
2026-05-27 11:14:33,DRIFT,4123061.3248,2817464.3831,0.6833,87268.4093,274176.409,74.9,74.8,0.1337
2026-05-27 11:15:33,DRIFT,4583494.1337,2728092.7995,0.5952,204264.0726,273949.809,75.2,75,0.2667
2026-05-27 11:16:33,DRIFT,4764114.2927,2927267.1141,0.6144,273473.4551,633723.2627,75.1,75,0.1333
2026-05-27 11:17:33,DRIFT,4295453.2437,2961364.0362,0.6894,251216.3707,400050.8573,74.9,74.6,0.4021
2026-05-27 11:18:33,DRIFT,4506516.2776,3096057.9927,0.687,332840.4339,526517.4098,75.1,74.9,0.267
2026-05-27 11:19:33,DRIFT,4668163.7837,1998717.2917,0.4282,464413.6905,275739.5341,75.2,75.1,0.1332
2026-05-27 11:20:33,DRIFT,3938931.9811,2207097.462,0.5603,141925.3616,304897.7502,74.6,74.5,0.1342
2026-05-27 11:21:33,DRIFT,4559535.3785,2119947.0847,0.4649,412683.3504,248217.7045,74.7,74.5,0.2685
2026-05-27 11:22:33,DRIFT,4861671.7556,1865092.516,0.3836,529974.8693,122795.9538,75.1,75,0.1333
2026-05-27 11:23:33,DRIFT,4459196.948,2089216.5185,0.4685,263080.8741,127305.7484,74.8,74.7,0.1339
2026-05-27 11:24:33,DRIFT,4036488.7302,2166517.1519,0.5367,143594.0802,219345.6181,74.5,74.4,0.1344
2026-05-27 11:25:33,DRIFT,3995405.3594,2717704.2244,0.6802,261419.9618,450900.9967,74.6,74.4,0.2688
2026-05-27 11:26:33,DRIFT,2963048.4031,3061463.0684,1.0332,136958.8572,480308.8299,74,73.8,0.271
2026-05-27 11:27:33,DRIFT,2780760.9219,3324540.774,1.1956,809189.073,817539.8691,73.4,73.3,0.1364
2026-05-27 11:28:33,DRIFT,2035107.844,3417669.8503,1.6794,200977.9836,423222.9037,73.9,73.8,0.1355
2026-05-27 11:29:33,DRIFT,2640723.8171,2312172.2811,0.8756,174541.4517,78815.3378,74.5,74.4,0.1344
2026-05-27 11:30:33,DRIFT,3484884.9792,2175222.1929,0.6242,365681.869,317832.2761,75.3,75.2,0.133
2026-05-27 11:31:33,DRIFT,2882644.1355,2440516.9724,0.8466,208105.2185,211953.2998,75,74.9,0.1335
2026-05-27 11:32:33,DRIFT,2772230.3279,2347313.7682,0.8467,219995.7235,117333.4799,74.7,74.6,0.134
2026-05-27 11:33:33,DRIFT,3285214.4621,2413169.6322,0.7346,516267.5256,197111.4195,74.8,74.6,0.2681
2026-05-27 11:34:33,DRIFT,3607483.7953,2449971.3453,0.6791,713688.6368,170470.2177,74.8,74.7,0.1339
2026-05-27 11:35:33,DRIFT,3468608.9391,2770342.914,0.7987,466808.3008,191299.7764,74.6,74.5,0.1342
2026-05-27 11:36:33,DRIFT,3420268.1689,3126563.9763,0.9141,406284.8635,285700.8276,74.6,74.4,0.2688
2026-05-27 11:37:33,DRIFT,3406296.2362,2658213.7508,0.7804,594799.9366,152093.1662,74.8,74.5,0.4027
2026-05-27 11:38:33,DRIFT,3358359.6802,2856311.3024,0.8505,571583.3761,205285.3107,74.7,74.6,0.134
2026-05-27 11:39:33,DRIFT,3509290.3393,2999237.3587,0.8547,523388.1505,136138.3413,74.6,74.5,0.1342
2026-05-27 11:40:33,DRIFT,3152775.2633,2983472.5596,0.9463,420257.932,131900.3645,74.7,74.5,0.2685
2026-05-27 11:41:33,DRIFT,3149809.3944,3092512.9862,0.9818,406625.9571,228731.5806,74.7,74.5,0.2685
2026-05-27 11:42:33,DRIFT,3304092.368,3088476.3852,0.9347,559682.2185,350516.5429,74.7,74.4,0.4032
2026-05-27 11:43:33,DRIFT,3382802.4246,3058653.1984,0.9042,590796.3185,461058.1246,74.6,74.4,0.2688
2026-05-27 11:44:33,DRIFT,3472920.2876,3007723.1125,0.8661,669463.6369,745365.8479,74.8,74.6,0.2681
2026-05-27 11:45:33,DRIFT,3431699.8502,2439066.5515,0.7107,336946.6375,256598.7579,75.1,74.8,0.4011
2026-05-27 11:46:33,DRIFT,3318322.5156,2120766.9974,0.6391,264626.7091,81291.0234,75.3,75.2,0.133
2026-05-27 11:47:33,DRIFT,3325780.6447,1809339.6917,0.544,251814.0064,127028.5737,75.3,75.1,0.2663
2026-05-27 11:48:33,DRIFT,3348407.2712,1793270.8777,0.5356,289714.1615,113563.2784,75.3,75.1,0.2663
2026-05-27 11:49:33,DRIFT,3348681.9187,1856089.1072,0.5543,261192.434,132554.0978,75.2,75,0.2667
2026-05-27 11:50:33,DRIFT,3412718.7209,2066350.2225,0.6055,362442.9342,208095.9587,74.8,74.7,0.1339
2026-05-27 11:51:33,DRIFT,2663334.7344,2421992.9013,0.9094,194925.2574,208613.2633,74.8,74.7,0.1339
2026-05-27 11:52:33,DRIFT,2521886.3599,2628256.976,1.0422,200898.006,216848.1964,74.7,74.5,0.2685
2026-05-27 11:53:33,DRIFT,2594689.3955,2754792.4716,1.0617,211298.83,298286.8668,74.5,74.3,0.2692
2026-05-27 11:54:33,DRIFT,2543008.9982,2810890.2178,1.1053,246338.3918,258194.0712,74.7,74.6,0.134
2026-05-27 11:55:33,DRIFT,2752897.8291,2525583.6792,0.9174,185772.1877,64363.3663,75.1,75,0.1333
2026-05-27 11:56:33,DRIFT,2780770.8222,2416230.3333,0.8689,172968.713,127941.5433,75.3,75.2,0.133
2026-05-27 11:57:33,DRIFT,2775790.5119,1821366.8015,0.6562,253231.0416,174743.5469,75.4,75.3,0.1328
2026-05-27 11:58:33,DRIFT,3629840.4655,1751323.5516,0.4825,285343.4469,702894.6673,76.3,76.2,0.1312
2026-05-27 11:59:33,DRIFT,3647728.2646,1851956.7014,0.5077,488208.9367,413017.348,76.7,76.6,0.1305
2026-05-27 12:00:33,DRIFT,3809113.4901,1426154.3317,0.3744,533275.2069,196373.2401,76.7,76.5,0.2614
2026-05-27 12:01:33,DRIFT,3823949.4304,1954313.884,0.5111,604826.5451,379962.9424,76.7,76.6,0.1305
2026-05-27 12:02:33,DRIFT,3707124.8505,1656938.343,0.447,246435.0183,440956.8154,76.5,76.3,0.2621
2026-05-27 12:03:33,DRIFT,4265653.9136,1493521.3955,0.3501,594901.0369,434694.4121,76.1,75.9,0.2635
2026-05-27 12:04:33,DRIFT,4151448.3278,1885665.8331,0.4542,719860.119,372654.5986,76.5,76.4,0.1309
2026-05-27 12:05:33,DRIFT,4095460.1147,1367744.1133,0.334,518046.8544,382639.8847,76.4,76.3,0.1311
2026-05-27 12:06:33,DRIFT,4014357.5496,1315283.193,0.3276,585858.6379,319522.2974,76.5,76.4,0.1309
2026-05-27 12:07:33,DRIFT,3634138.859,1328792.9002,0.3656,558537.9979,442123.6551,75.5,75.3,0.2656
2026-05-27 12:08:33,DRIFT,3459514.4703,1799098.0036,0.52,880941.3728,366009.2104,75.3,75.2,0.133
2026-05-27 12:09:33,DRIFT,3910743.9452,1587437.9611,0.4059,820760.9449,393405.1674,75.4,75.3,0.1328
2026-05-27 12:10:33,DRIFT,3472016.3631,1567074.102,0.4513,431817.1665,436774.5938,75.6,75.5,0.1325
2026-05-27 12:11:33,DRIFT,3613641.6517,1510364.1099,0.418,531027.1374,336345.5792,75.5,75.4,0.1326
2026-05-27 12:12:33,DRIFT,3191984.6911,1601432.2091,0.5017,188529.5129,341265.574,75.4,75.3,0.1328
2026-05-27 12:13:33,DRIFT,2559377.7012,2501377.0201,0.9773,448551.4491,537324.7761,74.8,74.7,0.1339
2026-05-27 12:14:33,DRIFT,2498368.4071,2651105.2762,1.0611,325329.4424,438260.3213,75.3,75,0.4
2026-05-27 12:15:33,DRIFT,2702968.12,2566668.2429,0.9496,332757.5504,423284.4273,75.2,75,0.2667
2026-05-27 12:16:33,DRIFT,2666289.1185,2709137.7504,1.0161,308698.2656,426855.526,75.1,74.8,0.4011
2026-05-27 12:17:33,DRIFT,3049450.8949,2031901.9921,0.6663,410477.4354,202664.8542,75.7,75.5,0.2649
2026-05-27 12:18:33,DRIFT,3045935.0721,2279323.9478,0.7483,401123.9778,219234.785,75.6,75.3,0.3984
2026-05-27 12:19:33,DRIFT,3231717.5109,1807557.8284,0.5593,351209.4974,309120.2596,75.6,75.3,0.3984
2026-05-27 12:20:33,DRIFT,3364091.7125,2063216.5224,0.6133,793182.8765,294934.7222,75.3,75.2,0.133
2026-05-27 12:21:33,DRIFT,3447242.8511,2032792.1407,0.5897,824447.1922,351191.2688,75.4,75.3,0.1328
2026-05-27 12:22:33,DRIFT,3228458.9254,1846139.9533,0.5718,398863.5671,369190.9601,75.6,75.3,0.3984
2026-05-27 12:23:33,DRIFT,2845030.7355,2459407.9752,0.8645,257340.9942,418121.7154,75.4,75.2,0.266
2026-05-27 12:24:33,DRIFT,2768248.9708,2443743.4229,0.8828,150199.5147,298868.4322,75,74.9,0.1335
2026-05-27 12:25:33,DRIFT,2673178.6298,2390206.0114,0.8941,119098.7751,249931.6364,74.8,74.7,0.1339
2026-05-27 12:26:33,DRIFT,3010266.0469,2332492.643,0.7748,264949.0082,286659.8814,75.2,75,0.2667
2026-05-27 12:27:33,DRIFT,2738873.0529,2689171.1855,0.9819,168211.1131,479739.821,74.8,74.6,0.2681
2026-05-27 12:28:33,DRIFT,3131076.7998,2902003.9269,0.9268,220161.1574,563152.5396,74.6,74.5,0.1342
2026-05-27 12:29:33,DRIFT,3349827.02,2617301.4029,0.7813,258402.0627,521400.2707,74.8,74.6,0.2681
2026-05-27 12:30:33,DRIFT,3599415.0574,2766543.5141,0.7686,463028.0413,466920.7233,75.2,75,0.2667
2026-05-27 12:31:33,DRIFT,3586130.9039,2218724.2359,0.6187,434405.2383,174563.509,75.3,75.2,0.133
2026-05-27 12:32:33,DRIFT,3721106.6816,2086596.2573,0.5607,513928.4698,46037.7443,75.4,75.1,0.3995
2026-05-27 12:33:33,DRIFT,3608566.8525,2269187.7387,0.6288,540406.7024,25139.7351,75.3,75,0.4
2026-05-27 12:34:33,DRIFT,3562468.5414,2336661.8306,0.6559,333346.5872,258852.94,75.4,75,0.5333
2026-05-27 12:35:33,DRIFT,3128827.4469,2688759.8284,0.8594,146827.8862,457515.0737,74.8,74.7,0.1339
2026-05-27 12:36:33,DRIFT,3269209.523,2915707.1457,0.8919,223281.0392,695103.2305,74.8,74.7,0.1339
2026-05-27 12:37:33,DRIFT,3513317.055,2773777.9407,0.7895,392778.9326,729575.8785,74.6,74.4,0.2688
2026-05-27 12:38:33,DRIFT,3653486.7197,2894797.6192,0.7923,322389.4776,448095.8367,75,74.8,0.2674
2026-05-27 12:39:33,DRIFT,3763879.9214,2601342.5918,0.6911,383072.5693,180304.5434,75.1,75,0.1333
2026-05-27 12:40:33,DRIFT,3469408.4801,3185712.4934,0.9182,215658.1749,604052.9725,74.9,74.8,0.1337
2026-05-27 12:41:33,DRIFT,3474184.1399,3258714.6959,0.938,365044.4994,734708.2326,74.7,74.6,0.134
2026-05-27 12:42:33,DRIFT,2991003.2201,2715653.9468,0.9079,87907.5677,548167.3543,74.1,74,0.1351
2026-05-27 12:43:33,DRIFT,3353005.271,3065689.3028,0.9143,337804.3948,381546.712,74.6,74.5,0.1342
2026-05-27 12:44:33,DRIFT,3353481.1328,3153712.7604,0.9404,390917.8654,433043.1919,74.4,74.3,0.1346
2026-05-27 12:45:33,DRIFT,3495402.7702,2972627.356,0.8504,314122.1264,366706.9218,74.7,74.4,0.4032
2026-05-27 12:46:33,DRIFT,3393627.8581,3035092.5933,0.8944,329559.9704,324674.4839,74.6,74.4,0.2688
2026-05-27 12:47:33,DRIFT,3302115.9606,3003708.1391,0.9096,205805.3668,322925.0086,74.7,74.5,0.2685
2026-05-27 12:48:33,DRIFT,3232502.749,3026068.8826,0.9361,187065.3677,331795.6852,74.7,74.6,0.134
2026-05-27 12:49:33,DRIFT,3530189.0332,2765875.9483,0.7835,382237.1252,227639.2154,75.2,74.9,0.4005
2026-05-27 12:50:33,DRIFT,3520838.2119,2750515.4261,0.7812,370781.6619,224416.9522,75,74.9,0.1335
2026-05-27 12:51:33,DRIFT,3728401.5732,2478834.8284,0.6649,538727.8067,151871.0871,75.2,75.1,0.1332
2026-05-27 12:52:33,DRIFT,3247380.2987,2692933.8019,0.8293,177831.021,280778.25,75,74.9,0.1335
2026-05-27 12:53:33,DRIFT,3574717.7732,2693078.7713,0.7534,506778.6769,257513.5081,74.9,74.5,0.5369
2026-05-27 12:54:33,DRIFT,3428126.969,2670002.9503,0.7789,494033.0919,443777.7858,74.3,74.1,0.2699
2026-05-27 12:55:33,DRIFT,3048769.7056,2730655.2553,0.8957,227049.7851,379871.0593,74.4,74.3,0.1346
2026-05-27 12:56:33,DRIFT,2963165.9152,2474595.6484,0.8351,251056.6574,701631.1859,73.9,73.7,0.2714
2026-05-27 12:57:33,DRIFT,3288539.8574,2585339.7016,0.7862,209065.3111,337961.5499,74.3,73.9,0.5413
2026-05-27 12:58:33,DRIFT,3014319.798,2486218.4629,0.8248,101266.8719,330014.6867,74.1,73.9,0.2706
2026-05-27 12:59:33,DRIFT,3143681.1994,2414947.4153,0.7682,444269.0026,579778.2479,73.7,73.5,0.2721
2026-05-27 13:00:33,DRIFT,3081729.527,2776942.4029,0.9011,201284.2836,446097.2162,74.3,74.2,0.1348
2026-05-27 13:01:33,DRIFT,3263855.1527,2778947.2379,0.8514,296669.1562,380436.0309,74.2,74,0.2703
2026-05-27 13:02:33,DRIFT,2488227.8391,2700668.3935,1.0854,180520.2741,214636.8915,72.9,72.6,0.4132
2026-05-27 13:03:33,DRIFT,2751118.9645,3147903.8059,1.1442,271673.3146,438986.5119,72.8,72.7,0.1376
2026-05-27 13:04:33,DRIFT,2598783.2875,2659955.471,1.0235,265560.2535,398173.8533,72.9,72.8,0.1374
2026-05-27 13:05:33,DRIFT,2695310.2486,2579541.562,0.957,293029.0364,163562.117,73.1,72.9,0.2743
2026-05-27 13:06:33,DRIFT,2505948.5839,2782022.8949,1.1102,261969.6387,778398.2879,72.5,72.3,0.2766
2026-05-27 13:07:33,DRIFT,1731608.782,2512498.5256,1.451,173221.6407,581984.648,72.2,72.1,0.1387
2026-05-27 13:08:33,DRIFT,1675352.13,2588114.5754,1.5448,185690.2972,193505.3708,72.4,72.3,0.1383
2026-05-27 13:09:33,DRIFT,2388578.5202,2658442.4063,1.113,184310.865,324026.1968,72.6,72.5,0.1379
2026-05-27 13:10:33,DRIFT,1862736.4087,2820169.8296,1.514,538768.7419,601072.7077,72.1,72,0.1389
2026-05-27 13:11:33,DRIFT,1832516.2215,3628043.5053,1.9798,313841.4615,876806.7416,72.4,72.2,0.277
2026-05-27 13:12:33,DRIFT,2156573.584,3234595.3594,1.4999,217138.2172,342440.2559,72.7,72.5,0.2759
2026-05-27 13:13:33,DRIFT,2435600.3854,2729431.5451,1.1206,162594.312,366776.5975,72.9,72.8,0.1374
2026-05-27 13:14:33,DRIFT,2277867.6956,2928578.3739,1.2857,113845.1884,301164.4919,73,72.9,0.1372
2026-05-27 13:15:33,DRIFT,2038700.6473,3008948.244,1.4759,91568.1491,278400.7226,73,72.9,0.1372
2026-05-27 13:16:33,DRIFT,2579754.2111,2878307.6653,1.1157,123868.5982,392847.2419,73.3,73.2,0.1366
2026-05-27 13:17:33,DRIFT,3256101.9663,2609752.1097,0.8015,231079.6055,257452.7246,73.5,73.4,0.1362
2026-05-27 13:18:33,DRIFT,3773520.8916,2299137.1521,0.6093,174229.4578,339716.3044,73.8,73.7,0.1357
2026-05-27 13:19:33,DRIFT,3612969.5043,2357897.703,0.6526,183352.1082,181545.9307,73.4,73.3,0.1364
2026-05-27 13:20:33,DRIFT,3906633.8074,2200747.7702,0.5633,154999.1527,95907.8729,73.6,73.5,0.1361
2026-05-27 13:21:33,DRIFT,3803924.3554,2524611.9175,0.6637,985235.2227,199754.9519,73.2,73.1,0.1368
2026-05-27 13:22:33,DRIFT,3928586.1641,2629840.1393,0.6694,440064.7424,394288.5204,73.3,73.1,0.2736
2026-05-27 13:23:33,DRIFT,3626841.7825,3133849.5577,0.8641,641685.9982,806115.0568,73.3,73.1,0.2736
2026-05-27 13:24:33,DRIFT,3317852.5195,3089258.9796,0.9311,645703.706,713171.5807,73.1,73,0.137
2026-05-27 13:25:33,DRIFT,3264007.804,2828284.7471,0.8665,523306.5674,406772.249,72.9,72.6,0.4132
2026-05-27 13:26:33,DRIFT,2604422.6041,3124400.5441,1.1997,489245.7749,616424.6711,72.4,72.3,0.1383
2026-05-27 13:27:33,DRIFT,2130439.2178,3055985.4379,1.4344,185004.6181,546671.3751,72.4,72.3,0.1383
2026-05-27 13:28:33,DRIFT,2392778.1948,3579959.5862,1.4962,201718.9153,994444.8786,72.5,72.3,0.2766
2026-05-27 13:29:33,DRIFT,2284091.4024,3313620.8738,1.4507,163328.3623,853430.4357,72.3,72.2,0.1385
2026-05-27 13:30:33,DRIFT,2176309.5706,2864222.531,1.3161,279675.2834,471045.2354,72.3,72.2,0.1385
2026-05-27 13:31:33,DRIFT,2568073.7529,2707469.7442,1.0543,334246.6468,371978.0979,72.4,72.2,0.277
2026-05-27 13:32:33,DRIFT,2539699.2685,2686158.3943,1.0577,237364.0579,235958.4658,72.5,72.3,0.2766
2026-05-27 13:33:33,DRIFT,2522455.7139,2363589.9252,0.937,274239.3349,141726.6719,72.5,72.4,0.1381
2026-05-27 13:34:33,DRIFT,3000009.7453,2408906.1203,0.803,326557.5011,127855.6868,72.7,72.6,0.1377
2026-05-27 13:35:33,DRIFT,3390476.4636,2719177.6691,0.802,518569.7978,406928.6013,73,72.9,0.1372
2026-05-27 13:36:33,DRIFT,3015498.0699,2558627.4648,0.8485,175267.9095,247919.395,72.9,72.8,0.1374
2026-05-27 13:37:33,DRIFT,3235648.1868,2737356.3856,0.846,414070.2993,312999.8823,73.1,73,0.137
2026-05-27 13:38:33,DRIFT,3003382.7203,2713191.0484,0.9034,175434.3163,235693.6901,72.8,72.6,0.2755
2026-05-27 13:39:33,DRIFT,2936343.6158,2711156.5886,0.9233,250041.7132,372695.4173,72.6,72.4,0.2762
2026-05-27 13:40:33,DRIFT,2872179.2914,2661026.6167,0.9265,218734.5862,287405.2637,72.6,72.4,0.2762
2026-05-27 13:41:33,DRIFT,2986260.1864,3115012.9394,1.0431,162340.7299,316781.5556,72.8,72.7,0.1376
2026-05-27 13:42:33,DRIFT,2677979.745,3076331.3903,1.1488,272978.9672,418387.7783,72.8,72.6,0.2755
2026-05-27 13:43:33,DRIFT,3183698.1643,3600129.0671,1.1308,235778.2119,815548.6503,73,72.9,0.1372
2026-05-27 13:44:33,DRIFT,3467103.007,3220120.1273,0.9288,484491.3916,667294.5013,73.1,72.9,0.2743
2026-05-27 13:45:33,DRIFT,3429343.0043,3158232.3422,0.9209,371633.0517,582470.0679,73.2,73.1,0.1368
2026-05-27 13:46:33,DRIFT,3491096.7596,3212641.659,0.9202,408845.35,680725.2397,73.2,73.1,0.1368
2026-05-27 13:47:33,DRIFT,3499730.9864,3079749.8667,0.88,416445.7504,739942.1877,73.2,73,0.274
2026-05-27 13:48:33,DRIFT,2900449.968,2975844.769,1.026,288744.0058,631819.9648,72.9,72.8,0.1374
2026-05-27 13:49:33,DRIFT,2583880.1114,2533060.6925,0.9803,213945.9986,391388.6101,72.6,72.5,0.1379
2026-05-27 13:50:33,DRIFT,2197460.4257,2409877.6574,1.0967,214634.6908,486335.163,72.1,72,0.1389
