2026-05-27 00:01:45,ONG,0.0,0,7949,7949,1,
2026-05-27 00:02:45,ONG,0.0,0,3028713,3028713,12,
2026-05-27 00:03:45,ONG,0.0,0,558631,558631,3,
2026-05-27 00:08:45,ONG,28.1,426766,1517354,1944120,10,
2026-05-27 00:12:45,ONG,0.0,0,118487,118487,3,
2026-05-27 00:14:45,ONG,0.0,0,215528,215528,1,
2026-05-27 00:23:45,ONG,0.0,0,1319818,1319818,13,
2026-05-27 00:30:45,ONG,0.0,0,2525559,2525559,9,
2026-05-27 00:31:45,ONG,0.4,10000,2284148,2294148,13,
2026-05-27 00:33:45,ONG,9999.0,10000,0,10000,1,
2026-05-27 00:37:45,ONG,9999.0,6004,0,6004,1,
2026-05-27 00:38:45,ONG,9999.0,17559,0,17559,2,
2026-05-27 00:40:45,ONG,9999.0,27515,0,27515,3,
2026-05-27 00:41:45,ONG,9999.0,16799,0,16799,2,
2026-05-27 00:43:45,ONG,9999.0,16090,0,16090,2,
2026-05-27 00:45:45,ONG,9999.0,8394,0,8394,1,
2026-05-27 00:47:45,ONG,9999.0,105050,0,105050,2,
2026-05-27 00:50:45,ONG,0.0,0,236876,236876,6,
2026-05-27 00:52:45,ONG,0.0,0,834705,834705,4,
2026-05-27 00:53:45,ONG,0.8,10000,1243391,1253391,10,
2026-05-27 00:56:46,ONG,9999.0,956547,0,956547,1,
2026-05-27 00:58:46,ONG,9999.0,343107,0,343107,1,
2026-05-27 00:59:46,ONG,9999.0,3084241,0,3084241,4,
2026-05-27 01:12:46,ONG,0.0,0,35843,35843,3,
2026-05-27 01:14:46,ONG,9999.0,5050,0,5050,1,
2026-05-27 01:17:46,ONG,0.0,0,148491,148491,1,
2026-05-27 01:31:46,ONG,0.0,0,316733,316733,3,
2026-05-27 01:43:46,ONG,9999.0,5114,0,5114,1,
2026-05-27 01:57:46,ONG,9999.0,14229,0,14229,2,
2026-05-27 02:20:46,ONG,0.0,0,8074,8074,1,
2026-05-27 02:21:46,ONG,0.0,0,226411,226411,7,
2026-05-27 02:22:46,ONG,0.0,0,206110,206110,2,
2026-05-27 02:26:46,ONG,1.4,20000,1391408,1411408,26,
2026-05-27 02:27:46,ONG,9999.0,151003,0,151003,4,
2026-05-27 02:28:46,ONG,0.0,0,1267687,1267687,9,
2026-05-27 02:30:46,ONG,57.8,251751,435661,687412,15,
2026-05-27 02:33:46,ONG,0.0,0,221514,221514,4,
2026-05-27 02:35:46,ONG,9999.0,5154,0,5154,1,
2026-05-27 02:38:46,ONG,9999.0,5159,0,5159,1,
2026-05-27 02:39:46,ONG,2.9,5065,175126,180191,2,
2026-05-27 02:40:46,ONG,9999.0,289776,0,289776,3,
2026-05-27 02:43:46,ONG,9999.0,5050,0,5050,1,
2026-05-27 02:46:46,ONG,9999.0,5181,0,5181,2,
2026-05-27 02:59:46,ONG,0.0,0,5164,5164,1,
2026-05-27 03:00:46,ONG,0.0,0,376342,376342,2,
2026-05-27 03:01:46,ONG,9999.0,10000,0,10000,1,
2026-05-27 03:03:46,ONG,9999.0,496822,0,496822,2,
2026-05-27 03:04:46,ONG,0.0,0,1186175,1186175,4,
2026-05-27 03:08:46,ONG,0.0,0,833253,833253,1,
2026-05-27 03:09:46,ONG,9999.0,850000,0,850000,2,
2026-05-27 03:10:46,ONG,9999.0,99894,0,99894,1,
2026-05-27 03:40:46,ONG,0.0,0,13174,13174,3,
2026-05-27 03:47:46,ONG,0.0,0,250000,250000,2,
2026-05-27 03:58:46,ONG,0.0,0,100000,100000,2,
2026-05-27 04:10:46,ONG,0.0,0,50000,50000,1,
2026-05-27 04:13:46,ONG,0.0,0,0,0,1,
2026-05-27 04:14:46,ONG,0.0,0,61561,61561,4,
2026-05-27 04:22:46,ONG,9999.0,9287,0,9287,1,
2026-05-27 04:33:46,ONG,0.0,0,100000,100000,2,
2026-05-27 04:59:46,ONG,0.0,0,135885,135885,1,
2026-05-27 05:01:46,ONG,9999.0,135750,0,135750,2,
2026-05-27 05:34:46,ONG,0.0,0,100000,100000,2,
2026-05-27 05:35:46,ONG,0.0,0,33109,33109,2,
2026-05-27 06:07:46,ONG,0.0,0,94569,94569,2,
2026-05-27 06:08:46,ONG,0.0,0,29275,29275,1,
2026-05-27 06:12:46,ONG,0.0,0,495226,495226,3,
2026-05-27 06:13:46,ONG,0.0,0,806275,806275,3,
2026-05-27 06:14:46,ONG,0.0,0,197904,197904,1,
2026-05-27 06:16:46,ONG,101.2,10000,9884,19884,2,
2026-05-27 06:28:46,ONG,0.0,0,624663,624663,1,
2026-05-27 06:37:46,ONG,0.0,0,159655,159655,1,
2026-05-27 06:49:46,ONG,0.0,0,448571,448571,1,
2026-05-27 06:52:46,ONG,9999.0,5186,0,5186,1,
2026-05-27 06:55:46,ONG,0.0,0,155366,155366,3,
2026-05-27 06:56:46,ONG,15.3,100000,655639,755639,9,
2026-05-27 07:06:46,ONG,0.0,0,477620,477620,4,
2026-05-27 07:07:46,ONG,0.0,0,1177292,1177292,2,
2026-05-27 07:16:46,ONG,0.0,0,474755,474755,6,
2026-05-27 07:28:46,ONG,0.0,0,27832,27832,1,
2026-05-27 07:36:46,ONG,0.0,0,3688976,3688976,3,
2026-05-27 07:42:46,ONG,0.0,0,124110,124110,4,
2026-05-27 07:53:46,ONG,0.0,0,199909,199909,1,
2026-05-27 07:57:46,ONG,0.0,0,200000,200000,2,
2026-05-27 08:00:47,ONG,9999.0,454224,0,454224,3,
2026-05-27 08:06:47,ONG,0.0,0,192828,192828,2,
2026-05-27 08:20:47,ONG,9999.0,764552,0,764552,1,
2026-05-27 08:22:47,ONG,9999.0,280801,0,280801,1,
2026-05-27 08:23:47,ONG,9999.0,10000,0,10000,1,
2026-05-27 08:26:47,ONG,0.0,0,611629,611629,3,
2026-05-27 08:27:47,ONG,0.0,0,2386072,2386072,8,
2026-05-27 08:28:47,ONG,9999.0,30000,0,30000,1,
2026-05-27 08:29:47,ONG,9999.0,1585764,0,1585764,2,
2026-05-27 08:30:47,ONG,9999.0,1123443,0,1123443,2,
2026-05-27 08:31:47,ONG,0.7,30000,4433153,4463153,32,
2026-05-27 08:32:47,ONG,9999.0,10000,0,10000,1,
2026-05-27 08:34:47,ONG,9999.0,177685,0,177685,1,
2026-05-27 08:35:47,ONG,80.9,850000,1050796,1900796,9,
2026-05-27 08:37:47,ONG,0.0,0,141557,141557,1,
2026-05-27 08:38:47,ONG,9999.0,110000,0,110000,2,
2026-05-27 08:42:47,ONG,9999.0,4980,0,4980,1,
2026-05-27 08:44:47,ONG,0.0,0,100000,100000,1,
2026-05-27 08:48:47,ONG,101.1,10000,9894,19894,2,
2026-05-27 08:49:47,ONG,0.0,0,6665,6665,1,
2026-05-27 08:50:47,ONG,0.4,10000,2417281,2427281,22,
2026-05-27 08:51:47,ONG,5.8,135020,2311042,2446062,9,
2026-05-27 08:52:47,ONG,0.0,0,1815869,1815869,3,
2026-05-27 08:53:47,ONG,0.0,0,38508,38508,2,
2026-05-27 08:54:47,ONG,9999.0,38470,0,38470,1,
2026-05-27 08:55:47,ONG,9999.0,37200,0,37200,2,
2026-05-27 08:56:47,ONG,9999.0,100000,0,100000,1,
2026-05-27 08:57:47,ONG,1.8,10000,543337,553337,16,
2026-05-27 09:01:47,ONG,9999.0,5110,0,5110,1,
2026-05-27 09:02:47,ONG,55.0,10000,18182,28182,4,
2026-05-27 09:03:47,ONG,9999.0,400027,0,400027,1,
2026-05-27 09:04:47,ONG,11514.6,1732952,15050,1748002,7,
2026-05-27 09:05:47,ONG,0.0,0,12284,12284,3,
2026-05-27 09:06:47,ONG,48516.1,3840305,7916,3848221,4,
2026-05-27 09:07:47,ONG,9999.0,15095,0,15095,2,
2026-05-27 09:10:47,ONG,9999.0,100097,0,100097,1,
2026-05-27 09:11:47,ONG,258.2,24634,9539,34173,4,
2026-05-27 09:12:47,ONG,9999.0,5050,0,5050,1,
2026-05-27 09:14:47,ONG,78.7,1894251,2407502,4301753,6,
2026-05-27 09:15:47,ONG,9999.0,13159,0,13159,1,
2026-05-27 09:17:47,ONG,9999.0,500000,0,500000,1,
2026-05-27 09:19:47,ONG,2.7,11847,446940,458787,10,
2026-05-27 09:29:47,ONG,0.0,0,32671,32671,1,
2026-05-27 09:30:47,ONG,9999.0,6942852,0,6942852,7,
2026-05-27 09:31:47,ONG,9999.0,100048,0,100048,2,
2026-05-27 09:32:47,ONG,78.0,7854108,10072398,17926506,16,
2026-05-27 09:37:47,ONG,367.1,367117,100000,467117,4,
2026-05-27 09:43:47,ONG,0.0,0,590154,590154,3,
2026-05-27 09:46:47,ONG,9999.0,7782,0,7782,1,
2026-05-27 09:48:47,ONG,0.0,0,709145,709145,1,
2026-05-27 09:50:47,ONG,0.0,0,187000,187000,1,
2026-05-27 09:52:47,ONG,9999.0,19406,0,19406,3,
2026-05-27 09:53:47,ONG,37.5,7005,18700,25705,2,
2026-05-27 09:54:47,ONG,9999.0,99830,0,99830,1,
2026-05-27 09:56:47,ONG,9999.0,21743,0,21743,2,
2026-05-27 09:57:47,ONG,9999.0,598,0,598,1,
2026-05-27 09:59:47,ONG,308.0,22647,7353,30000,3,
2026-05-27 10:00:47,ONG,9999.0,151819,0,151819,4,
2026-05-27 10:03:47,ONG,9999.0,9577,0,9577,2,
2026-05-27 10:06:47,ONG,313.7,4671378,1489097,6160475,10,
2026-05-27 10:14:47,ONG,9999.0,6442,0,6442,1,
2026-05-27 10:15:47,ONG,9999.0,5300,0,5300,1,
2026-05-27 10:16:47,ONG,9999.0,22536,0,22536,1,
2026-05-27 10:17:47,ONG,0.0,0,141440,141440,2,
2026-05-27 10:18:47,ONG,9999.0,12414,0,12414,1,
2026-05-27 10:19:47,ONG,0.0,0,110098,110098,1,
2026-05-27 10:21:47,ONG,0.0,0,1728367,1728367,3,
2026-05-27 10:23:47,ONG,0.0,0,100000,100000,2,
2026-05-27 10:30:47,ONG,0.0,0,637675,637675,1,
2026-05-27 10:32:47,ONG,0.0,0,99680,99680,1,
2026-05-27 10:34:47,ONG,488.8,9711167,1986600,11697767,9,
2026-05-27 10:35:47,ONG,0.0,0,2226220,2226220,3,
2026-05-27 10:37:47,ONG,0.0,0,520054,520054,3,
2026-05-27 10:42:47,ONG,9999.0,10000,0,10000,1,
2026-05-27 10:45:47,ONG,0.0,0,8362,8362,1,
2026-05-27 10:59:47,ONG,0.0,0,620725,620725,2,
2026-05-27 11:00:47,ONG,0.0,0,28923,28923,1,
2026-05-27 11:02:47,ONG,0.0,0,3385170,3385170,9,
2026-05-27 11:06:47,ONG,9999.0,289269,0,289269,7,
2026-05-27 11:07:47,ONG,9999.0,754882,0,754882,4,
2026-05-27 11:15:47,ONG,9999.0,776420,0,776420,1,
2026-05-27 11:16:47,ONG,0.0,0,776420,776420,1,
2026-05-27 11:18:47,ONG,0.0,0,0,0,1,
2026-05-27 11:25:47,ONG,0.0,0,355132,355132,1,
2026-05-27 11:26:47,ONG,9999.0,300000,0,300000,1,
2026-05-27 11:39:47,ONG,0.0,0,945796,945796,1,
2026-05-27 11:40:47,ONG,9999.0,24902,0,24902,1,
2026-05-27 11:41:47,ONG,9999.0,190008,0,190008,1,
2026-05-27 11:46:47,ONG,9999.0,169099,0,169099,2,
2026-05-27 11:56:47,ONG,0.0,0,9954,9954,1,
2026-05-27 11:58:47,ONG,9999.0,99000,0,99000,1,
2026-05-27 12:00:47,ONG,9999.0,259619,0,259619,2,
2026-05-27 12:01:47,ONG,0.0,0,19274,19274,2,
2026-05-27 12:03:47,ONG,9999.0,1250000,0,1250000,1,
2026-05-27 12:05:47,ONG,9999.0,249906,0,249906,1,
2026-05-27 12:10:47,ONG,0.0,0,23175,23175,4,
2026-05-27 12:11:47,ONG,119.2,145909,122411,268320,4,
2026-05-27 12:13:47,ONG,722.5,483132,66868,550000,4,
2026-05-27 12:18:47,ONG,1767.5,88399,5001,93400,2,
2026-05-27 12:44:47,ONG,0.0,0,38852,38852,3,
2026-05-27 12:48:47,ONG,0.0,0,24154,24154,2,
2026-05-27 12:49:47,ONG,0.0,0,557300,557300,7,
2026-05-27 12:57:47,ONG,0.0,0,56609,56609,2,
2026-05-27 12:58:47,ONG,10459.0,691196,6609,697804,8,
2026-05-27 13:01:47,ONG,9999.0,50000,0,50000,1,
2026-05-27 13:02:47,ONG,0.0,0,3028203,3028203,4,
2026-05-27 13:03:47,ONG,9999.0,84000,0,84000,1,
2026-05-27 13:06:47,ONG,111.8,97806,87486,185293,2,
2026-05-27 13:07:47,ONG,9999.0,599928,0,599928,2,
2026-05-27 13:09:47,ONG,128.0,5574822,4356918,9931739,9,
2026-05-27 13:11:47,ONG,9.7,100000,1033425,1133425,5,
2026-05-27 13:12:47,ONG,83.9,8018701,9553959,17572660,14,
2026-05-27 13:13:47,ONG,9999.0,1690795,0,1690795,2,
2026-05-27 13:14:47,ONG,1.8,210324,11403107,11613431,14,
2026-05-27 13:15:47,ONG,10.8,7697,71160,78857,2,
2026-05-27 13:17:47,ONG,0.0,0,22160,22160,1,
2026-05-27 13:20:47,ONG,0.3,10006,3086780,3096787,3,
2026-05-27 13:22:47,ONG,0.0,0,2198901,2198901,2,
2026-05-27 13:27:47,ONG,0.0,0,198506,198506,1,
2026-05-27 13:28:47,ONG,0.0,0,101344,101344,1,
2026-05-27 13:30:47,ONG,0.0,0,1646545,1646545,3,
2026-05-27 13:32:47,ONG,24.1,1215142,5050443,6265585,9,
2026-05-27 13:33:47,ONG,2.9,53266,1841172,1894438,4,
2026-05-27 13:34:47,ONG,0.5,9990,1895198,1905188,6,
2026-05-27 13:35:47,ONG,26.8,743483,2771723,3515207,10,
2026-05-27 13:37:47,ONG,9999.0,320085,0,320085,4,
2026-05-27 13:39:47,ONG,0.0,0,33630,33630,1,
2026-05-27 13:41:47,ONG,0.0,0,2152866,2152866,1,
2026-05-27 13:42:47,ONG,41.1,22584,54953,77537,4,
2026-05-27 13:44:47,ONG,0.0,0,30803,30803,1,
2026-05-27 13:45:47,ONG,0.0,0,3085917,3085917,10,
2026-05-27 13:46:47,ONG,0.0,0,469529,469529,1,
2026-05-27 13:49:47,ONG,0.0,0,63000,63000,1,
2026-05-27 13:52:47,ONG,9999.0,356730,0,356730,2,
2026-05-27 13:53:47,ONG,8455.2,801161,9475,810636,9,
2026-05-27 13:54:47,ONG,0.0,0,1044368,1044368,2,
2026-05-27 13:56:47,ONG,9999.0,19140,0,19140,1,
2026-05-27 13:57:47,ONG,16.7,43266,259776,303043,3,
2026-05-27 13:58:47,ONG,9999.0,91076,0,91076,1,
2026-05-27 14:00:48,ONG,9999.0,371596,0,371596,2,
2026-05-27 14:02:48,ONG,0.0,0,100000,100000,1,
2026-05-27 14:03:48,ONG,351.6,2109152,599921,2709073,9,
2026-05-27 14:04:48,ONG,55909.2,3463297,6194,3469492,7,
2026-05-27 14:05:48,ONG,1344.3,3444225,256214,3700439,10,
2026-05-27 14:06:48,ONG,9999.0,337560,0,337560,1,
2026-05-27 14:08:48,ONG,141.2,10463672,7411799,17875471,31,
2026-05-27 14:09:48,ONG,95.7,2186597,2285752,4472349,11,
2026-05-27 14:10:48,ONG,9999.0,6540809,0,6540809,6,
2026-05-27 14:11:48,ONG,9999.0,6687,0,6687,1,
2026-05-27 14:12:48,ONG,0.0,0,985207,985207,1,
2026-05-27 14:13:48,ONG,12.1,530117,4377381,4907498,5,
2026-05-27 14:14:48,ONG,0.0,0,9065508,9065508,5,
2026-05-27 14:15:48,ONG,9999.0,906917,0,906917,3,
2026-05-27 14:16:48,ONG,384.5,3444745,895787,4340532,4,
2026-05-27 14:17:48,ONG,0.0,0,775942,775942,4,
2026-05-27 14:18:48,ONG,9999.0,10032,0,10032,1,
2026-05-27 14:22:48,ONG,0.0,0,1092879,1092879,1,
2026-05-27 14:23:48,ONG,9999.0,56667,0,56667,1,
2026-05-27 14:25:48,ONG,0.0,0,1398743,1398743,1,
2026-05-27 14:26:48,ONG,0.0,0,2665180,2665180,3,
2026-05-27 14:28:48,ONG,0.0,0,9684302,9684302,7,
2026-05-27 14:29:48,ONG,0.2,17895,9248543,9266438,3,
2026-05-27 14:33:48,ONG,0.2,5549,2844583,2850132,3,
2026-05-27 14:34:48,ONG,9999.0,30123,0,30123,1,
2026-05-27 14:39:48,ONG,0.0,0,6624,6624,1,
2026-05-27 14:40:48,ONG,7.6,10112,132329,142441,2,
2026-05-27 14:42:48,ONG,100.3,500469,498928,999397,4,
2026-05-27 14:50:48,ONG,9999.0,248452,0,248452,1,
2026-05-27 14:58:48,ONG,0.0,0,28590,28590,1,
2026-05-27 15:00:48,ONG,21.8,1343149,6173913,7517062,5,
2026-05-27 15:01:48,ONG,9999.0,20000,0,20000,1,
2026-05-27 15:04:48,ONG,9999.0,10105,0,10105,2,
2026-05-27 15:05:48,ONG,9999.0,99900,0,99900,1,
2026-05-27 15:06:48,ONG,9999.0,190037,0,190037,1,
2026-05-27 15:07:48,ONG,9999.0,30738,0,30738,1,
2026-05-27 15:10:48,ONG,9999.0,3624955,0,3624955,2,
2026-05-27 15:11:48,ONG,99.6,2096370,2104416,4200786,5,
2026-05-27 15:13:48,ONG,9999.0,2685000,0,2685000,1,
2026-05-27 15:14:48,ONG,29.2,113106,386894,500000,3,
2026-05-27 15:16:48,ONG,9999.0,1702341,0,1702341,2,
2026-05-27 15:17:48,ONG,9999.0,10000,0,10000,1,
2026-05-27 15:18:48,ONG,9999.0,490000,0,490000,2,
2026-05-27 15:19:48,ONG,9999.0,1210441,0,1210441,6,
2026-05-27 15:20:48,ONG,13.5,19106,141810,160916,4,
2026-05-27 15:22:48,ONG,0.0,0,2371285,2371285,4,
2026-05-27 15:23:48,ONG,9999.0,5034,0,5034,1,
2026-05-27 15:24:48,ONG,469.9,1993392,424184,2417575,6,
2026-05-27 15:25:48,ONG,9999.0,2730001,0,2730001,3,
2026-05-27 15:26:48,ONG,366.1,5940315,1622779,7563093,16,
2026-05-27 15:27:48,ONG,9999.0,3409004,0,3409004,5,
2026-05-27 15:28:48,ONG,9999.0,4917592,0,4917592,10,
2026-05-27 15:29:48,ONG,55.5,4685331,8436744,13122075,19,
2026-05-27 15:30:48,ONG,92.9,3767214,4057255,7824469,16,
2026-05-27 15:31:48,ONG,1.3,19912,1579350,1599263,7,
2026-05-27 15:32:48,ONG,163.5,3615963,2211334,5827297,7,
2026-05-27 15:33:48,ONG,0.0,0,1873627,1873627,4,
2026-05-27 15:34:48,ONG,9999.0,1284338,0,1284338,2,
2026-05-27 15:35:48,ONG,9999.0,3847671,0,3847671,3,
2026-05-27 15:37:48,ONG,533.8,6473443,1212756,7686198,8,
2026-05-27 15:38:48,ONG,146.3,912493,623747,1536240,4,
2026-05-27 15:39:48,ONG,4119.6,2217347,53824,2271170,5,
2026-05-27 15:40:48,ONG,9999.0,6358122,0,6358122,6,
2026-05-27 15:41:48,ONG,213.2,816010,382666,1198676,2,
2026-05-27 15:42:48,ONG,19.6,1424732,7269937,8694669,10,
2026-05-27 15:43:48,ONG,1.7,5987,360774,366760,2,
2026-05-27 15:44:48,ONG,0.0,0,1490713,1490713,3,
2026-05-27 15:45:48,ONG,0.0,0,1870672,1870672,2,
2026-05-27 15:47:48,ONG,741.1,3000170,404811,3404981,8,
2026-05-27 15:48:48,ONG,1140.0,4019772,352625,4372397,6,
2026-05-27 15:49:48,ONG,0.0,0,1805659,1805659,6,
2026-05-27 15:50:48,ONG,9999.0,466142,0,466142,2,
2026-05-27 15:51:48,ONG,0.2,6000,3370500,3376500,2,
2026-05-27 15:52:48,ONG,0.0,0,2078182,2078182,1,
2026-05-27 15:53:48,ONG,0.0,0,710148,710148,1,
2026-05-27 15:54:48,ONG,0.0,0,110137,110137,1,
2026-05-27 15:55:48,ONG,1448.2,3588572,247801,3836373,3,
2026-05-27 15:57:48,ONG,0.0,0,583348,583348,1,
2026-05-27 15:59:48,ONG,23.1,300000,1301124,1601124,7,
2026-05-27 16:00:48,ONG,64.4,927618,1440373,2367990,4,
2026-05-27 16:01:48,ONG,0.0,0,2006341,2006341,1,
2026-05-27 16:02:48,ONG,2996.9,299689,10000,309689,3,
2026-05-27 16:03:48,ONG,9999.0,6000,0,6000,1,
2026-05-27 16:04:48,ONG,11.1,103138,925977,1029114,4,
2026-05-27 16:05:48,ONG,0.0,0,504853,504853,1,
2026-05-27 16:06:48,ONG,0.0,0,2724566,2724566,4,
2026-05-27 16:07:48,ONG,0.0,0,555739,555739,2,
2026-05-27 16:08:48,ONG,0.9,46041,5109934,5155976,5,
2026-05-27 16:09:48,ONG,0.0,0,18460,18460,1,
2026-05-27 16:10:48,ONG,0.0,0,100104,100104,1,
2026-05-27 16:12:48,ONG,0.0,0,2402309,2402309,2,
2026-05-27 16:14:48,ONG,0.0,0,1156519,1156519,1,
2026-05-27 16:15:48,ONG,2.7,6012,223042,229054,3,
2026-05-27 16:16:48,ONG,0.0,0,2113655,2113655,4,
2026-05-27 16:20:48,ONG,0.0,0,427079,427079,2,
2026-05-27 16:21:48,ONG,0.0,0,1908712,1908712,3,
2026-05-27 16:22:48,ONG,0.0,0,145894,145894,1,
2026-05-27 16:23:48,ONG,42.0,1583453,3771899,5355352,7,
2026-05-27 16:24:48,ONG,18.9,259496,1371363,1630859,5,
2026-05-27 16:26:48,ONG,0.9,40000,4506832,4546832,7,
2026-05-27 16:28:48,ONG,140.7,4359081,3098408,7457489,15,
2026-05-27 16:29:48,ONG,827.7,4447397,537308,4984705,5,
2026-05-27 16:30:48,ONG,9999.0,103212,0,103212,2,
2026-05-27 16:32:48,ONG,6508.1,3617686,55588,3673274,5,
2026-05-27 16:33:48,ONG,84.5,636966,753558,1390524,3,
2026-05-27 16:34:48,ONG,9999.0,5362756,0,5362756,1,
2026-05-27 16:35:48,ONG,0.0,0,1882576,1882576,3,
2026-05-27 16:37:48,ONG,9999.0,6000,0,6000,1,
2026-05-27 16:38:48,ONG,0.0,0,2831034,2831034,2,
2026-05-27 16:39:48,ONG,59.9,6000,10011,16011,2,
2026-05-27 16:40:48,ONG,9999.0,127011,0,127011,1,
2026-05-27 16:42:48,ONG,115.9,2113862,1824160,3938022,4,
2026-05-27 16:46:48,ONG,0.0,0,383675,383675,1,
2026-05-27 16:50:48,ONG,90.1,345782,383675,729457,3,
2026-05-27 16:51:48,ONG,0.0,0,119491,119491,2,
2026-05-27 16:54:48,ONG,9999.0,218256,0,218256,1,
2026-05-27 16:57:48,ONG,9999.0,3477574,0,3477574,1,
2026-05-27 17:00:48,ONG,9999.0,183718,0,183718,1,
2026-05-27 17:01:48,ONG,359.0,3064978,853808,3918785,5,
2026-05-27 17:03:48,ONG,267.3,1983141,741968,2725109,7,
2026-05-27 17:06:48,ONG,2.5,31898,1257840,1289738,3,
2026-05-27 17:08:48,ONG,9999.0,300000,0,300000,1,
2026-05-27 17:10:48,ONG,92.1,1541562,1673392,3214954,6,
2026-05-27 17:13:48,ONG,0.0,0,3456995,3456995,6,
2026-05-27 17:14:48,ONG,411.0,3162906,769471,3932377,5,
2026-05-27 17:15:48,ONG,118.4,2074600,1752664,3827264,5,
2026-05-27 17:16:48,ONG,0.0,0,371246,371246,2,
2026-05-27 17:17:48,ONG,9999.0,15321,0,15321,1,
2026-05-27 17:19:48,ONG,0.0,0,574613,574613,1,
2026-05-27 17:21:48,ONG,0.0,0,139264,139264,2,
2026-05-27 17:22:48,ONG,9999.0,354895,0,354895,4,
2026-05-27 17:23:48,ONG,9999.0,1545695,0,1545695,2,
2026-05-27 17:31:48,ONG,0.0,0,47860,47860,1,
2026-05-27 17:34:48,ONG,9999.0,210532,0,210532,2,
2026-05-27 17:36:48,ONG,9999.0,1011431,0,1011431,2,
2026-05-27 17:37:48,ONG,9999.0,49955,0,49955,1,
2026-05-27 17:38:48,ONG,9999.0,1596852,0,1596852,9,
2026-05-27 17:40:48,ONG,9999.0,602277,0,602277,1,
2026-05-27 17:41:48,ONG,9999.0,1440524,0,1440524,1,
2026-05-27 17:43:48,ONG,9999.0,224761,0,224761,1,
2026-05-27 17:44:48,ONG,9999.0,1077009,0,1077009,3,
2026-05-27 17:45:48,ONG,0.4,21469,5884055,5905523,4,
2026-05-27 17:47:48,ONG,9999.0,69957,0,69957,1,
2026-05-27 17:48:48,ONG,9999.0,288675,0,288675,1,
2026-05-27 17:49:48,ONG,9999.0,8803941,0,8803941,7,
2026-05-27 17:50:48,ONG,9999.0,1912665,0,1912665,4,
2026-05-27 17:51:48,ONG,3127.8,2218233,70921,2289154,5,
2026-05-27 17:52:48,ONG,556.7,2266144,407103,2673246,6,
2026-05-27 17:53:48,ONG,30.4,757512,2488135,3245647,7,
2026-05-27 17:56:48,ONG,135.0,2854403,2113628,4968031,9,
2026-05-27 17:57:48,ONG,9999.0,150503,0,150503,3,
2026-05-27 17:58:48,ONG,1.0,9971,1038843,1048814,4,
2026-05-27 17:59:48,ONG,9999.0,5081271,0,5081271,8,
2026-05-27 18:00:48,ONG,104.7,4598996,4391315,8990310,16,
2026-05-27 18:01:48,ONG,6.0,344526,5710281,6054807,18,
2026-05-27 18:03:48,ONG,0.5,4993,952284,957277,4,
2026-05-27 18:04:48,ONG,9999.0,508555,0,508555,4,
2026-05-27 18:05:48,ONG,55.8,358702,642343,1001045,2,
2026-05-27 18:06:48,ONG,2.8,9917,354947,364863,6,
2026-05-27 18:07:48,ONG,75.3,28084322,37303903,65388224,67,
2026-05-27 18:08:48,ONG,56.1,31291933,55823677,87115609,162,
2026-05-27 18:09:48,ONG,23.2,41216592,177961863,219178455,492,
2026-05-27 18:10:48,ONG,41.2,45218923,109882670,155101593,236,
2026-05-27 18:11:48,ONG,54.3,34695312,63899031,98594342,93,
2026-05-27 18:12:48,ONG,106.7,34702030,32509977,67212007,82,
2026-05-27 18:13:48,ONG,23.0,49436006,214554352,263990358,410,
2026-05-27 18:14:48,ONG,23.3,9266359,39695605,48961964,102,
2026-05-27 18:15:48,ONG,27.3,9982892,36522363,46505255,116,
2026-05-27 18:16:48,ONG,19.9,7417072,37251614,44668686,61,
2026-05-27 18:17:48,ONG,68.5,40091953,58499986,98591939,231,
2026-05-27 18:18:48,ONG,15.2,9142154,60252292,69394446,109,
2026-05-27 18:19:48,ONG,22.0,6450336,29304603,35754939,113,
2026-05-27 18:20:48,ONG,79.8,17132847,21457602,38590449,64,
2026-05-27 18:21:48,ONG,66.3,6455303,9737290,16192593,89,
2026-05-27 18:22:48,ONG,35.7,4694297,13152460,17846757,51,
2026-05-27 18:23:48,ONG,33.2,1574555,4739825,6314380,28,
2026-05-27 18:24:48,ONG,53.1,3465203,6523487,9988689,28,
2026-05-27 18:25:48,ONG,165.6,44076801,26609958,70686759,145,
2026-05-27 18:26:48,ONG,65.5,14845456,22667210,37512666,99,
2026-05-27 18:27:48,ONG,101.3,13326920,13162123,26489043,57,
2026-05-27 18:28:48,ONG,24.8,3899097,15700565,19599662,51,
2026-05-27 18:29:48,ONG,17.5,5661015,32352815,38013830,79,
2026-05-27 18:30:48,ONG,153.6,28730333,18702452,47432785,125,
2026-05-27 18:31:48,ONG,11.7,1181832,10126683,11308514,23,
2026-05-27 18:32:48,ONG,62.3,6748526,10840399,17588925,41,
2026-05-27 18:33:48,ONG,358.2,29023501,8102738,37126239,51,
2026-05-27 18:34:48,ONG,375.2,5236019,1395575,6631594,27,
2026-05-27 18:35:49,ONG,22.2,4028861,18132939,22161800,45,
2026-05-27 18:36:49,ONG,13.9,965064,6929301,7894366,43,
2026-05-27 18:37:49,ONG,10.3,1080300,10521704,11602004,48,
2026-05-27 18:38:49,ONG,8.5,2510166,29630951,32141117,60,
2026-05-27 18:39:49,ONG,19.7,2850650,14447917,17298566,59,
2026-05-27 18:40:49,ONG,85.0,8747271,10287423,19034694,43,
2026-05-27 18:41:49,ONG,41.6,6328166,15219705,21547870,26,
2026-05-27 18:42:49,ONG,56.2,2162263,3846542,6008805,26,
2026-05-27 18:43:49,ONG,9999.0,14880381,0,14880381,7,
2026-05-27 18:45:49,ONG,0.3,30300,10192581,10222881,14,
2026-05-27 18:46:49,ONG,113.6,29144816,25647569,54792385,38,
2026-05-27 18:47:49,ONG,13.7,662307,4833598,5495905,11,
2026-05-27 18:48:49,ONG,5.6,531132,9496300,10027431,24,
2026-05-27 18:49:49,ONG,173.1,9752051,5632871,15384922,16,
2026-05-27 18:50:49,ONG,322.0,3329184,1033919,4363103,11,
2026-05-27 18:51:49,ONG,2280.1,342015,15000,357015,2,
2026-05-27 18:52:49,ONG,654.6,8119719,1240433,9360152,5,
2026-05-27 18:53:49,ONG,9999.0,2043665,0,2043665,1,
2026-05-27 18:54:49,ONG,9999.0,13094245,0,13094245,20,
2026-05-27 18:55:49,ONG,9999.0,6101889,0,6101889,3,
2026-05-27 18:56:49,ONG,144.5,43535535,30129458,73664993,49,
2026-05-27 18:57:49,ONG,76.8,6557126,8538111,15095237,33,
2026-05-27 18:58:49,ONG,553.9,24799404,4477458,29276863,34,
2026-05-27 18:59:49,ONG,330.5,118962944,35991346,154954290,153,
2026-05-27 19:00:49,ONG,266.4,129677112,48673181,178350292,224,
2026-05-27 19:01:49,ONG,360.9,214641342,59474437,274115778,300,
2026-05-27 19:02:49,ONG,125.5,78328626,62437983,140766609,193,
2026-05-27 19:03:49,ONG,71.3,27769504,38943628,66713132,98,
2026-05-27 19:04:49,ONG,1090.4,83384195,7646871,91031066,133,
2026-05-27 19:05:49,ONG,284.6,127140755,44677566,171818321,224,
2026-05-27 19:06:49,ONG,124.0,134035417,108108446,242143864,319,
2026-05-27 19:07:49,ONG,126.6,102022077,80567052,182589129,324,
2026-05-27 19:08:49,ONG,238.9,160660027,67240092,227900119,258,
2026-05-27 19:09:49,ONG,65.5,85231170,130102487,215333657,214,
2026-05-27 19:10:49,ONG,397.7,52459141,13190358,65649498,84,
2026-05-27 19:11:49,ONG,37.9,39258828,103620171,142879000,116,
2026-05-27 19:12:49,ONG,15.9,8572694,54008297,62580991,107,
2026-05-27 19:13:49,ONG,73.9,25974542,35171214,61145756,99,
2026-05-27 19:14:49,ONG,17.1,22691718,133008969,155700687,269,
2026-05-27 19:15:49,ONG,618.2,90905757,14705812,105611569,115,
2026-05-27 19:16:49,ONG,18.9,10726035,56615433,67341468,92,
2026-05-27 19:17:49,ONG,14.9,1872282,12567718,14440000,41,
2026-05-27 19:18:49,ONG,15.3,4468761,29247456,33716217,45,
2026-05-27 19:19:49,ONG,2.4,2726003,113525030,116251033,122,
2026-05-27 19:20:49,ONG,696.5,96960617,13920813,110881430,84,
2026-05-27 19:21:49,ONG,1080.4,52671432,4874997,57546430,79,
2026-05-27 19:22:49,ONG,206.0,57758422,28035029,85793451,68,
2026-05-27 19:23:49,ONG,3541.3,44687703,1261904,45949607,69,
2026-05-27 19:24:49,ONG,880.9,81319526,9231614,90551140,97,
2026-05-27 19:25:49,ONG,114.9,39636745,34493614,74130359,118,
2026-05-27 19:26:49,ONG,299.1,48746929,16297139,65044068,97,
2026-05-27 19:27:49,ONG,3.2,962108,30405707,31367815,23,
2026-05-27 19:28:49,ONG,45.0,4122009,9154134,13276143,21,
2026-05-27 19:29:49,ONG,1094.7,32951982,3010194,35962176,54,
2026-05-27 19:30:49,ONG,76.9,10737767,13955366,24693133,37,
2026-05-27 19:31:49,ONG,5.5,1040450,19084720,20125169,29,
2026-05-27 19:32:49,ONG,24.2,1575313,6522885,8098198,13,
2026-05-27 19:33:49,ONG,13.2,7343248,55531816,62875065,62,
2026-05-27 19:34:49,ONG,504.2,19572776,3882178,23454954,31,
2026-05-27 19:35:49,ONG,59.6,2822917,4739581,7562498,25,
2026-05-27 19:36:49,ONG,4.2,1922297,45237525,47159822,54,
2026-05-27 19:37:49,ONG,35.5,23619164,66463636,90082800,106,
2026-05-27 19:38:49,ONG,14.0,2693704,19257698,21951402,50,
2026-05-27 19:39:49,ONG,2.8,3117006,112434007,115551014,118,
2026-05-27 19:40:49,ONG,66.7,46479489,69651444,116130932,170,
2026-05-27 19:41:49,ONG,18.1,12100954,66921701,79022655,178,
2026-05-27 19:42:49,ONG,76.3,22960549,30075948,53036497,99,
2026-05-27 19:43:49,ONG,1760.2,75989864,4317091,80306956,56,
2026-05-27 19:44:49,ONG,60.6,18506615,30550016,49056631,50,
2026-05-27 19:45:49,ONG,5.5,1287678,23284351,24572029,41,
2026-05-27 19:46:49,ONG,15.4,9673011,62866409,72539420,100,
2026-05-27 19:47:49,ONG,21.8,5233380,23989680,29223060,69,
2026-05-27 19:48:49,ONG,11.9,2930513,24600409,27530922,53,
2026-05-27 19:49:49,ONG,12.7,9895742,77764399,87660141,112,
2026-05-27 19:50:49,ONG,147.0,79048795,53790522,132839317,122,
2026-05-27 19:51:49,ONG,24.8,16069575,64885904,80955479,60,
2026-05-27 19:52:49,ONG,281.2,59966024,21324904,81290929,69,
2026-05-27 19:53:49,ONG,98.2,18624836,18975218,37600054,94,
2026-05-27 19:54:49,ONG,115.7,3305367,2857171,6162538,30,
2026-05-27 19:55:49,ONG,2.3,1468623,63722246,65190869,72,
2026-05-27 19:56:49,ONG,96.3,22378835,23236642,45615477,59,
2026-05-27 19:57:49,ONG,649.4,12988880,2000261,14989141,33,
2026-05-27 19:58:49,ONG,31.2,5026258,16101525,21127783,28,
2026-05-27 19:59:49,ONG,713.5,22473619,3149896,25623515,36,
2026-05-27 20:00:49,ONG,670.4,29093327,4339840,33433167,37,
2026-05-27 20:01:49,ONG,115124.4,39660028,34450,39694478,70,
2026-05-27 20:02:49,ONG,302.7,14546923,4805590,19352513,34,
2026-05-27 20:03:49,ONG,20.3,3753051,18525827,22278877,27,
2026-05-27 20:04:49,ONG,4.0,2650746,65778185,68428932,98,
2026-05-27 20:05:49,ONG,5.9,1705185,29047459,30752644,62,
2026-05-27 20:06:49,ONG,59.4,49326413,83038589,132365001,92,
2026-05-27 20:07:49,ONG,149.8,61981984,41381547,103363531,103,
2026-05-27 20:08:49,ONG,138.8,11264843,8116812,19381656,43,
2026-05-27 20:09:49,ONG,6.8,2002647,29387371,31390017,27,
2026-05-27 20:10:49,ONG,43.2,5544599,12842279,18386878,16,
2026-05-27 20:11:49,ONG,2.5,2447425,96860482,99307907,102,
2026-05-27 20:12:49,ONG,28.1,29258918,104118735,133377652,88,
2026-05-27 20:13:49,ONG,121.5,58020818,47747256,105768074,131,
2026-05-27 20:14:49,ONG,3791.2,40408653,1065843,41474495,73,
2026-05-27 20:15:49,ONG,738.8,5585766,756098,6341864,69,
2026-05-27 20:16:49,ONG,409.9,979851,239076,1218927,41,
2026-05-27 20:17:49,ONG,47.0,18125162,38597856,56723018,81,
2026-05-27 20:18:49,ONG,115.7,26195648,22638466,48834114,71,
2026-05-27 20:19:49,ONG,16.6,6478645,38928783,45407428,60,
2026-05-27 20:20:49,ONG,94.2,15329380,16268524,31597904,58,
2026-05-27 20:21:49,ONG,1205.6,37914451,3144763,41059214,48,
2026-05-27 20:22:49,ONG,6320.5,49130436,777323,49907759,58,
2026-05-27 20:23:49,ONG,507.0,9422406,1858427,11280832,32,
2026-05-27 20:24:49,ONG,802.6,11816229,1472248,13288477,23,
2026-05-27 20:25:49,ONG,9999.0,9045651,0,9045651,35,
2026-05-27 20:26:49,ONG,90.0,6738687,7488962,14227650,24,
2026-05-27 20:27:49,ONG,63.6,2156253,3392783,5549036,29,
2026-05-27 20:28:49,ONG,13.0,6137532,47106712,53244244,74,
2026-05-27 20:29:49,ONG,61.2,14111629,23051984,37163614,56,
2026-05-27 20:30:49,ONG,1522.2,17718361,1163970,18882330,42,
2026-05-27 20:31:49,ONG,429.3,13018189,3032623,16050812,36,
2026-05-27 20:32:49,ONG,283.6,53110002,18729848,71839850,64,
2026-05-27 20:33:49,ONG,17.3,4548766,26337502,30886268,48,
2026-05-27 20:34:49,ONG,18.9,12048460,63609194,75657655,63,
2026-05-27 20:35:49,ONG,50.2,5883934,11712685,17596619,22,
2026-05-27 20:36:49,ONG,107.3,4384467,4085016,8469483,16,
2026-05-27 20:37:49,ONG,132.0,30724484,23275686,54000170,41,
2026-05-27 20:38:49,ONG,102.4,3540936,3458936,6999872,19,
2026-05-27 20:39:49,ONG,21.8,464375,2128804,2593179,8,
2026-05-27 20:40:49,ONG,0.8,50845,6317330,6368175,21,
2026-05-27 20:41:49,ONG,12.8,2113183,16481266,18594450,29,
2026-05-27 20:42:49,ONG,56.2,4519868,8048258,12568126,18,
2026-05-27 20:43:49,ONG,14.2,7964872,55932308,63897179,41,
2026-05-27 20:44:49,ONG,4.7,1077706,22949929,24027635,32,
2026-05-27 20:45:49,ONG,3.7,3270698,88948702,92219400,73,
2026-05-27 20:46:49,ONG,24.4,13797439,56655121,70452560,84,
2026-05-27 20:47:49,ONG,39.9,36727735,92110392,128838127,102,
2026-05-27 20:48:49,ONG,383.3,7971369,2079463,10050833,23,
2026-05-27 20:49:49,ONG,9.1,1782369,19627422,21409790,25,
2026-05-27 20:50:49,ONG,228.8,61220965,26760319,87981284,72,
2026-05-27 20:51:49,ONG,160.5,30835051,19206161,50041212,67,
2026-05-27 20:52:49,ONG,4.3,3814697,88716631,92531327,63,
2026-05-27 20:53:49,ONG,20.3,19407590,95439192,114846782,96,
2026-05-27 20:54:49,ONG,2.1,153779,7423792,7577570,24,
2026-05-27 20:55:49,ONG,76.0,24611518,32393316,57004834,91,
2026-05-27 20:56:49,ONG,31.6,7629796,24157645,31787441,61,
2026-05-27 20:57:49,ONG,28.8,39379420,136702865,176082285,149,
2026-05-27 20:58:49,ONG,15.2,3768062,24819089,28587151,54,
2026-05-27 20:59:49,ONG,14.3,23286459,162790348,186076807,184,
2026-05-27 21:00:49,ONG,91.5,23738546,25945181,49683727,80,
2026-05-27 21:01:49,ONG,291.7,11002612,3772268,14774879,29,
2026-05-27 21:02:49,ONG,33.4,12732350,38108680,50841030,48,
2026-05-27 21:03:49,ONG,5.3,1637919,31197069,32834988,38,
2026-05-27 21:04:49,ONG,80.5,175526,218160,393687,9,
2026-05-27 21:05:49,ONG,87.1,5353054,6148968,11502023,25,
2026-05-27 21:06:49,ONG,75.2,7262552,9653736,16916288,47,
2026-05-27 21:07:49,ONG,253.0,5334351,2108335,7442687,19,
2026-05-27 21:08:49,ONG,18.9,23670716,125112560,148783276,116,
2026-05-27 21:09:49,ONG,180.2,33628420,18662502,52290922,81,
2026-05-27 21:10:49,ONG,31.5,24632345,78139205,102771549,126,
2026-05-27 21:11:49,ONG,2679.2,75999134,2836639,78835774,52,
2026-05-27 21:12:49,ONG,151.7,21957156,14469740,36426896,26,
2026-05-27 21:13:49,ONG,2614.1,2792288,106816,2899104,8,
2026-05-27 21:14:49,ONG,7.1,424302,5937213,6361515,7,
2026-05-27 21:15:49,ONG,9999.0,3444147,0,3444147,4,
2026-05-27 21:16:49,ONG,115.2,2936690,2548912,5485602,7,
2026-05-27 21:17:49,ONG,0.2,4858,2296308,2301166,5,
2026-05-27 21:18:49,ONG,1.2,71147,5940076,6011223,10,
2026-05-27 21:19:49,ONG,15401.5,70833197,459910,71293107,33,
2026-05-27 21:20:49,ONG,1299.3,9659039,743411,10402450,7,
2026-05-27 21:21:49,ONG,23.3,360851,1550910,1911761,6,
2026-05-27 21:22:49,ONG,9999.0,4559396,0,4559396,9,
2026-05-27 21:23:49,ONG,9999.0,970588,0,970588,5,
2026-05-27 21:24:49,ONG,15.3,781585,5115624,5897209,8,
2026-05-27 21:25:49,ONG,0.0,20988,115805265,115826253,59,
2026-05-27 21:26:49,ONG,37.9,10271539,27084589,37356128,36,
2026-05-27 21:27:49,ONG,52.7,500580,949389,1449969,3,
2026-05-27 21:28:49,ONG,9999.0,6180850,0,6180850,4,
2026-05-27 21:29:49,ONG,96.8,892636,922419,1815054,5,
2026-05-27 21:30:49,ONG,0.0,7209,20834834,20842043,14,
2026-05-27 21:31:49,ONG,0.2,19423,7771063,7790486,15,
2026-05-27 21:32:49,ONG,4.2,393835,9347059,9740894,25,
2026-05-27 21:33:49,ONG,64.2,2813978,4381899,7195877,11,
2026-05-27 21:34:49,ONG,197.0,2205808,1119908,3325716,10,
2026-05-27 21:35:49,ONG,0.0,0,725722,725722,3,
2026-05-27 21:36:49,ONG,35.2,691581,1966786,2658366,5,
2026-05-27 21:37:49,ONG,0.3,6000,1782201,1788201,5,
2026-05-27 21:38:49,ONG,2.4,10000,425226,435226,3,
2026-05-27 21:39:49,ONG,0.0,0,1821151,1821151,2,
2026-05-27 21:40:49,ONG,19.4,4347595,22370302,26717898,29,
2026-05-27 21:41:49,ONG,82.5,4064583,4924648,8989230,12,
2026-05-27 21:42:49,ONG,102.6,1037257,1011142,2048399,11,
2026-05-27 21:43:49,ONG,6.6,30000,452475,482475,4,
2026-05-27 21:45:49,ONG,53.6,4784307,8927208,13711514,20,
2026-05-27 21:46:49,ONG,66.5,920931,1384217,2305147,9,
2026-05-27 21:47:49,ONG,5.8,251429,4341512,4592941,8,
2026-05-27 21:48:49,ONG,1.0,15044,1491862,1506907,7,
2026-05-27 21:49:49,ONG,1648.0,7316446,443948,7760394,9,
2026-05-27 21:50:49,ONG,0.4,5016,1433109,1438125,5,
2026-05-27 21:51:49,ONG,453.0,5288504,1167316,6455819,12,
2026-05-27 21:52:49,ONG,9999.0,1117420,0,1117420,1,
2026-05-27 21:54:49,ONG,0.0,0,849368,849368,2,
2026-05-27 21:56:49,ONG,1758.9,10247405,582610,10830015,6,
2026-05-27 21:57:49,ONG,185.6,413488,222772,636260,3,
2026-05-27 21:58:49,ONG,0.9,1689,181257,182946,3,
2026-05-27 21:59:49,ONG,9999.0,280722,0,280722,4,
2026-05-27 22:01:49,ONG,2.3,15100,670722,685822,6,
2026-05-27 22:02:49,ONG,0.0,0,21708527,21708527,27,
2026-05-27 22:03:49,ONG,13.6,865569,6355207,7220776,9,
2026-05-27 22:04:49,ONG,8.3,1187284,14260830,15448115,18,
2026-05-27 22:05:49,ONG,7.9,1320857,16676861,17997718,19,
2026-05-27 22:06:49,ONG,93.9,171327235,182538362,353865597,219,
2026-05-27 22:07:49,ONG,146.9,36855986,25094218,61950205,113,
2026-05-27 22:08:49,ONG,207.6,20584058,9913837,30497895,57,
2026-05-27 22:09:49,ONG,70.9,11678152,16467617,28145769,41,
2026-05-27 22:10:49,ONG,257.2,38242240,14866030,53108270,49,
2026-05-27 22:11:49,ONG,113.9,9267071,8134517,17401588,28,
2026-05-27 22:12:49,ONG,34.8,7257529,20859682,28117211,21,
2026-05-27 22:13:49,ONG,102.3,10497531,10262444,20759975,26,
2026-05-27 22:14:49,ONG,114.9,9998957,8703176,18702133,34,
2026-05-27 22:15:49,ONG,42.9,9154753,21347949,30502702,34,
2026-05-27 22:16:49,ONG,278.5,38280000,13742954,52022954,60,
2026-05-27 22:17:49,ONG,69.9,2338201,3345642,5683842,20,
2026-05-27 22:18:49,ONG,222.8,13406751,6018732,19425484,26,
2026-05-27 22:19:49,ONG,5.8,373504,6463865,6837369,19,
2026-05-27 22:20:49,ONG,355.9,1886916,530124,2417040,16,
2026-05-27 22:21:49,ONG,49.3,2499143,5065974,7565117,29,
2026-05-27 22:22:49,ONG,546.2,11530822,2111029,13641851,16,
2026-05-27 22:23:49,ONG,194.1,5577747,2873010,8450757,17,
2026-05-27 22:24:49,ONG,55464.9,2995750,5401,3001151,12,
2026-05-27 22:25:49,ONG,45.5,7827003,17220792,25047795,33,
2026-05-27 22:26:49,ONG,12.8,3878035,30324966,34203001,63,
2026-05-27 22:27:49,ONG,103.7,10210222,9841606,20051828,35,
2026-05-27 22:28:49,ONG,112.8,65321569,57910166,123231735,110,
2026-05-27 22:29:49,ONG,129.5,10699797,8264071,18963869,22,
2026-05-27 22:30:49,ONG,31.4,3388726,10780749,14169475,18,
2026-05-27 22:31:49,ONG,108.6,10018816,9228861,19247677,33,
2026-05-27 22:32:49,ONG,581.2,11382184,1958341,13340525,27,
2026-05-27 22:33:49,ONG,171.4,6965174,4063329,11028503,33,
2026-05-27 22:34:49,ONG,319.5,8657156,2709945,11367101,20,
2026-05-27 22:35:49,ONG,981.8,5528842,563144,6091986,11,
2026-05-27 22:36:49,ONG,67.5,1945948,2884492,4830440,17,
2026-05-27 22:37:49,ONG,17.1,4312437,25269403,29581840,29,
2026-05-27 22:38:49,ONG,117.9,37459125,31767471,69226597,65,
2026-05-27 22:39:49,ONG,13.6,659900,4864794,5524694,10,
2026-05-27 22:40:49,ONG,7248.5,2410841,33260,2444101,10,
2026-05-27 22:41:49,ONG,28.1,1215001,4321075,5536076,16,
2026-05-27 22:42:49,ONG,95.1,7224720,7597533,14822253,19,
2026-05-27 22:43:49,ONG,81.6,4146078,5079218,9225295,19,
2026-05-27 22:44:49,ONG,168.6,3289336,1950855,5240190,15,
2026-05-27 22:45:49,ONG,0.2,10000,4977203,4987203,4,
2026-05-27 22:46:49,ONG,53.1,6410044,12075262,18485306,17,
2026-05-27 22:47:49,ONG,7.7,1014321,13183158,14197479,23,
2026-05-27 22:48:49,ONG,65.4,4936588,7547548,12484137,14,
2026-05-27 22:49:49,ONG,41.3,3281690,7950228,11231918,31,
2026-05-27 22:50:49,ONG,0.5,50000,10082526,10132526,12,
2026-05-27 22:51:49,ONG,60.0,2777804,4628423,7406226,12,
2026-05-27 22:52:49,ONG,507.8,13150971,2589874,15740846,11,
2026-05-27 22:53:49,ONG,203.2,12559757,6180789,18740546,18,
2026-05-27 22:54:49,ONG,142.1,5659371,3981787,9641158,13,
2026-05-27 22:55:49,ONG,0.0,0,1822700,1822700,3,
2026-05-27 22:56:49,ONG,238.4,5166933,2167643,7334576,12,
2026-05-27 22:57:49,ONG,9999.0,1617352,0,1617352,10,
2026-05-27 22:58:49,ONG,25780.1,2826934,10966,2837899,7,
2026-05-27 22:59:49,ONG,9999.0,1404771,0,1404771,2,
2026-05-27 23:00:49,ONG,9999.0,3267074,0,3267074,9,
2026-05-27 23:01:49,ONG,124.7,7198039,5773632,12971670,18,
2026-05-27 23:02:49,ONG,9999.0,4546878,0,4546878,4,
2026-05-27 23:03:49,ONG,109.3,1093498,1000000,2093498,8,
2026-05-27 23:04:49,ONG,50.1,2032007,4059668,6091675,7,
2026-05-27 23:05:49,ONG,6.6,1056906,15997116,17054022,12,
2026-05-27 23:06:49,ONG,7.0,442623,6360180,6802803,10,
2026-05-27 23:07:49,ONG,59.0,4990333,8463449,13453782,29,
2026-05-27 23:09:49,ONG,0.7,16135,2191390,2207526,5,
2026-05-27 23:10:49,ONG,418.4,7936645,1897086,9833731,27,
