2026-05-27 00:01:45,ORCA,0.0,0,136762,136762,2,
2026-05-27 00:02:45,ORCA,0.0,0,1041867,1041867,6,
2026-05-27 00:03:45,ORCA,0.0,0,1014667,1014667,10,
2026-05-27 00:06:45,ORCA,0.0,0,1391597,1391597,11,
2026-05-27 00:07:45,ORCA,9999.0,382764,0,382764,1,
2026-05-27 00:08:45,ORCA,20984.5,1682114,8016,1690130,2,
2026-05-27 00:09:45,ORCA,1.8,48000,2608225,2656225,11,
2026-05-27 00:10:45,ORCA,150.6,687956,456671,1144627,3,
2026-05-27 00:11:45,ORCA,9999.0,55447,0,55447,2,
2026-05-27 00:12:45,ORCA,9999.0,2007000,0,2007000,1,
2026-05-27 00:15:45,ORCA,27.0,205123,759353,964476,4,
2026-05-27 00:16:45,ORCA,7.8,149303,1925937,2075240,4,
2026-05-27 00:18:45,ORCA,0.0,0,742534,742534,8,
2026-05-27 00:19:45,ORCA,320.5,441384,137703,579087,3,
2026-05-27 00:20:45,ORCA,0.0,0,166569,166569,3,
2026-05-27 00:21:45,ORCA,0.0,0,12176881,12176881,20,
2026-05-27 00:22:45,ORCA,0.1,9979,19211332,19221311,41,
2026-05-27 00:23:45,ORCA,109.4,18554850,16959757,35514606,46,
2026-05-27 00:24:45,ORCA,39.9,7876371,19757638,27634010,11,
2026-05-27 00:25:45,ORCA,177.7,3276085,1844034,5120120,11,
2026-05-27 00:26:45,ORCA,9999.0,84719,0,84719,2,
2026-05-27 00:27:45,ORCA,30.5,595978,1956485,2552463,4,
2026-05-27 00:28:45,ORCA,9999.0,2310100,0,2310100,3,
2026-05-27 00:30:45,ORCA,139.8,12132707,8680561,20813268,22,
2026-05-27 00:31:45,ORCA,0.0,0,407917,407917,7,
2026-05-27 00:32:45,ORCA,0.0,0,11467793,11467793,30,
2026-05-27 00:33:45,ORCA,9999.0,449559,0,449559,4,
2026-05-27 00:34:45,ORCA,1078.9,1584368,146852,1731219,6,
2026-05-27 00:35:45,ORCA,0.0,0,2000780,2000780,2,
2026-05-27 00:36:45,ORCA,4.4,304835,6932264,7237099,21,
2026-05-27 00:38:45,ORCA,0.0,0,4069085,4069085,9,
2026-05-27 00:40:45,ORCA,549.3,135312,24633,159946,3,
2026-05-27 00:41:45,ORCA,2920.4,157039,5377,162416,3,
2026-05-27 00:42:45,ORCA,6631.3,9752926,147074,9900000,4,
2026-05-27 00:43:45,ORCA,9999.0,11749,0,11749,1,
2026-05-27 00:44:45,ORCA,58.8,9745558,16571051,26316609,15,
2026-05-27 00:46:45,ORCA,0.0,0,602554,602554,2,
2026-05-27 00:47:45,ORCA,158.9,2450745,1542168,3992913,7,
2026-05-27 00:48:45,ORCA,50.2,359370,715957,1075327,3,
2026-05-27 00:49:45,ORCA,9999.0,199950,0,199950,2,
2026-05-27 00:50:45,ORCA,20.5,1081602,5274817,6356419,15,
2026-05-27 00:51:45,ORCA,0.3,5090,1990000,1995090,2,
2026-05-27 00:52:45,ORCA,0.0,0,5087722,5087722,5,
2026-05-27 00:53:45,ORCA,134.8,2491202,1847807,4339009,8,
2026-05-27 00:54:46,ORCA,1371.5,70052,5108,75160,3,
2026-05-27 00:55:46,ORCA,35.5,182292,513410,695702,9,
2026-05-27 00:56:46,ORCA,38548.7,1968954,5108,1974061,3,
2026-05-27 00:57:46,ORCA,99.6,5087,5110,10198,2,
2026-05-27 00:58:46,ORCA,9999.0,100000,0,100000,1,
2026-05-27 00:59:46,ORCA,9999.0,137032,0,137032,3,
2026-05-27 01:00:46,ORCA,96.3,2233093,2319805,4552898,7,
2026-05-27 01:03:46,ORCA,9999.0,73025,0,73025,1,
2026-05-27 01:06:46,ORCA,25.3,38780,153270,192050,3,
2026-05-27 01:07:46,ORCA,3813.7,1158894,30388,1189281,4,
2026-05-27 01:09:46,ORCA,9999.0,500000,0,500000,2,
2026-05-27 01:13:46,ORCA,5085.0,2543800,50025,2593825,5,
2026-05-27 01:14:46,ORCA,9999.0,2613308,0,2613308,3,
2026-05-27 01:15:46,ORCA,9999.0,8111727,0,8111727,6,
2026-05-27 01:16:46,ORCA,9.4,28266,299850,328116,2,
2026-05-27 01:17:46,ORCA,0.0,0,44122,44122,1,
2026-05-27 01:24:46,ORCA,492.2,4260098,865498,5125596,10,
2026-05-27 01:25:46,ORCA,217.3,18454261,8491816,26946077,14,
2026-05-27 01:26:46,ORCA,124.1,1164233,937841,2102074,5,
2026-05-27 01:27:46,ORCA,9999.0,14158946,0,14158946,11,
2026-05-27 01:28:46,ORCA,9999.0,272166,0,272166,1,
2026-05-27 01:29:46,ORCA,9999.0,22299,0,22299,1,
2026-05-27 01:30:46,ORCA,0.0,0,100000,100000,1,
2026-05-27 01:31:46,ORCA,0.0,0,7296402,7296402,4,
2026-05-27 01:33:46,ORCA,9999.0,120130,0,120130,2,
2026-05-27 01:34:46,ORCA,0.0,0,542979,542979,1,
2026-05-27 01:36:46,ORCA,0.0,0,862802,862802,1,
2026-05-27 01:41:46,ORCA,9999.0,3035278,0,3035278,1,
2026-05-27 01:43:46,ORCA,25.5,38588,151317,189905,2,
2026-05-27 01:45:46,ORCA,187.3,1310350,699650,2010000,4,
2026-05-27 01:46:46,ORCA,0.0,0,200006,200006,3,
2026-05-27 01:47:46,ORCA,0.0,0,98818,98818,1,
2026-05-27 01:48:46,ORCA,0.0,0,8429,8429,1,
2026-05-27 01:49:46,ORCA,0.0,0,2257130,2257130,11,
2026-05-27 01:50:46,ORCA,0.0,0,199302,199302,3,
2026-05-27 01:51:46,ORCA,2059.6,105090,5103,110192,3,
2026-05-27 01:52:46,ORCA,0.0,0,99850,99850,1,
2026-05-27 01:53:46,ORCA,0.0,0,517349,517349,3,
2026-05-27 01:54:46,ORCA,40.7,2314735,5681339,7996074,3,
2026-05-27 02:02:46,ORCA,9999.0,3886873,0,3886873,1,
2026-05-27 02:07:46,ORCA,9999.0,100000,0,100000,2,
2026-05-27 02:09:46,ORCA,0.0,0,525409,525409,1,
2026-05-27 02:11:46,ORCA,0.0,0,2625386,2625386,2,
2026-05-27 02:13:46,ORCA,0.0,0,9516,9516,1,
2026-05-27 02:14:46,ORCA,0.0,0,100000,100000,1,
2026-05-27 02:15:46,ORCA,0.0,0,199950,199950,2,
2026-05-27 02:16:46,ORCA,0.0,0,2399155,2399155,3,
2026-05-27 02:17:46,ORCA,0.0,0,43030,43030,1,
2026-05-27 02:18:46,ORCA,0.0,0,838723,838723,2,
2026-05-27 02:19:46,ORCA,0.0,0,674266,674266,3,
2026-05-27 02:20:46,ORCA,0.0,0,1069983,1069983,7,
2026-05-27 02:24:46,ORCA,0.0,0,146413,146413,3,
2026-05-27 02:26:46,ORCA,0.0,0,189375,189375,1,
2026-05-27 02:29:46,ORCA,953.0,272017,28543,300560,3,
2026-05-27 02:30:46,ORCA,0.0,0,2536033,2536033,14,
2026-05-27 02:31:46,ORCA,0.0,0,1962534,1962534,7,
2026-05-27 02:35:46,ORCA,0.0,0,69370,69370,2,
2026-05-27 02:36:46,ORCA,0.0,0,176487,176487,1,
2026-05-27 02:37:46,ORCA,9999.0,373667,0,373667,2,
2026-05-27 02:38:46,ORCA,61.6,196058,318282,514340,3,
2026-05-27 02:39:46,ORCA,0.0,0,960740,960740,3,
2026-05-27 02:44:46,ORCA,9999.0,339298,0,339298,1,
2026-05-27 02:49:46,ORCA,30.5,148337,486289,634627,5,
2026-05-27 02:56:46,ORCA,9999.0,200000,0,200000,2,
2026-05-27 02:59:46,ORCA,0.0,0,64531,64531,3,
2026-05-27 03:00:46,ORCA,0.0,0,565809,565809,1,
2026-05-27 03:02:46,ORCA,9999.0,1492358,0,1492358,3,
2026-05-27 03:06:46,ORCA,0.0,0,2845742,2845742,2,
2026-05-27 03:09:46,ORCA,9999.0,5326,0,5326,1,
2026-05-27 03:10:46,ORCA,13.6,265365,1944321,2209686,8,
2026-05-27 03:11:46,ORCA,700.0,210000,30000,240000,6,
2026-05-27 03:12:46,ORCA,9999.0,866473,0,866473,1,
2026-05-27 03:14:46,ORCA,9999.0,10541,0,10541,2,
2026-05-27 03:15:46,ORCA,9999.0,5270,0,5270,1,
2026-05-27 03:25:46,ORCA,9999.0,1117728,0,1117728,1,
2026-05-27 03:30:46,ORCA,9999.0,19980,0,19980,1,
2026-05-27 03:33:46,ORCA,9999.0,2052790,0,2052790,4,
2026-05-27 03:37:46,ORCA,0.0,0,340320,340320,1,
2026-05-27 03:38:46,ORCA,9999.0,6000,0,6000,1,
2026-05-27 03:41:46,ORCA,0.0,0,1690377,1690377,7,
2026-05-27 03:43:46,ORCA,0.0,0,25847,25847,2,
2026-05-27 03:44:46,ORCA,0.0,0,146533,146533,4,
2026-05-27 03:51:46,ORCA,5.7,8447,147520,155967,3,
2026-05-27 03:54:46,ORCA,9999.0,5979,0,5979,1,
2026-05-27 03:56:46,ORCA,9999.0,9995,0,9995,1,
2026-05-27 03:57:46,ORCA,0.0,0,605034,605034,5,
2026-05-27 03:58:46,ORCA,0.0,0,329215,329215,4,
2026-05-27 04:00:46,ORCA,0.0,0,88378,88378,2,
2026-05-27 04:06:46,ORCA,1936.7,2854141,147372,3001513,2,
2026-05-27 04:11:46,ORCA,9999.0,5967,0,5967,1,
2026-05-27 04:12:46,ORCA,0.0,0,84855,84855,3,
2026-05-27 04:14:46,ORCA,0.0,0,2365548,2365548,13,
2026-05-27 04:15:46,ORCA,0.0,0,2119549,2119549,8,
2026-05-27 04:18:46,ORCA,9999.0,8479,0,8479,1,
2026-05-27 04:22:46,ORCA,1.6,11907,766413,778320,5,
2026-05-27 04:29:46,ORCA,9999.0,947449,0,947449,3,
2026-05-27 04:31:46,ORCA,9999.0,5955,0,5955,1,
2026-05-27 04:32:46,ORCA,30.1,141491,470812,612303,4,
2026-05-27 04:33:46,ORCA,2.6,5191,198754,203944,3,
2026-05-27 04:34:46,ORCA,2.3,16340,715904,732243,6,
2026-05-27 04:38:46,ORCA,9999.0,5173,0,5173,1,
2026-05-27 04:39:46,ORCA,9999.0,10345,0,10345,2,
2026-05-27 04:40:46,ORCA,9999.0,5970,0,5970,1,
2026-05-27 04:41:46,ORCA,7.2,21002,291414,312416,4,
2026-05-27 04:43:46,ORCA,9999.0,2490253,0,2490253,2,
2026-05-27 04:46:46,ORCA,9999.0,5985,0,5985,1,
2026-05-27 04:47:46,ORCA,9999.0,3299025,0,3299025,1,
2026-05-27 04:49:46,ORCA,0.0,0,562406,562406,2,
2026-05-27 04:51:46,ORCA,0.0,0,1748251,1748251,5,
2026-05-27 04:53:46,ORCA,9999.0,200100,0,200100,1,
2026-05-27 04:54:46,ORCA,0.0,0,199000,199000,1,
2026-05-27 04:55:46,ORCA,9999.0,96597,0,96597,1,
2026-05-27 04:56:46,ORCA,9999.0,891435,0,891435,1,
2026-05-27 04:58:46,ORCA,9999.0,3377331,0,3377331,1,
2026-05-27 05:00:46,ORCA,0.0,0,1002519,1002519,3,
2026-05-27 05:02:46,ORCA,9999.0,52640,0,52640,1,
2026-05-27 05:03:46,ORCA,9999.0,5904,0,5904,1,
2026-05-27 05:04:46,ORCA,9999.0,1794111,0,1794111,2,
2026-05-27 05:06:46,ORCA,162.0,241289,148931,390220,2,
2026-05-27 05:07:46,ORCA,9999.0,123066,0,123066,2,
2026-05-27 05:08:46,ORCA,35.8,164088,458912,623000,5,
2026-05-27 05:10:46,ORCA,0.0,0,148913,148913,1,
2026-05-27 05:12:46,ORCA,0.0,0,411509,411509,2,
2026-05-27 05:14:46,ORCA,0.0,0,200700,200700,3,
2026-05-27 05:15:46,ORCA,272.3,290282,106610,396892,3,
2026-05-27 05:17:46,ORCA,0.0,0,99322,99322,1,
2026-05-27 05:19:46,ORCA,0.0,0,1737060,1737060,2,
2026-05-27 05:21:46,ORCA,9999.0,3305693,0,3305693,2,
2026-05-27 05:22:46,ORCA,23.1,157816,683651,841467,4,
2026-05-27 05:24:46,ORCA,0.0,0,113031,113031,1,
2026-05-27 05:25:46,ORCA,46.5,149303,321165,470467,2,
2026-05-27 05:35:46,ORCA,8.4,58418,695332,753750,5,
2026-05-27 05:36:46,ORCA,0.0,0,30015,30015,1,
2026-05-27 05:37:46,ORCA,379.0,38110,10055,48165,4,
2026-05-27 05:38:46,ORCA,9999.0,1795098,0,1795098,4,
2026-05-27 05:41:46,ORCA,9999.0,5095,0,5095,1,
2026-05-27 05:42:46,ORCA,9999.0,10075,0,10075,1,
2026-05-27 05:46:46,ORCA,0.0,0,10055,10055,1,
2026-05-27 05:47:46,ORCA,735.5,2198368,298903,2497271,5,
2026-05-27 05:48:46,ORCA,0.7,15155,2170586,2185741,6,
2026-05-27 05:49:46,ORCA,9999.0,582196,0,582196,1,
2026-05-27 05:51:46,ORCA,0.0,0,201100,201100,1,
2026-05-27 05:52:46,ORCA,0.0,0,40180,40180,1,
2026-05-27 05:58:46,ORCA,0.0,0,810815,810815,4,
2026-05-27 05:59:46,ORCA,557.1,3301868,592719,3894587,7,
2026-05-27 06:00:46,ORCA,9999.0,5095,0,5095,1,
2026-05-27 06:01:46,ORCA,3.5,144876,4130803,4275679,5,
2026-05-27 06:03:46,ORCA,0.0,0,5047989,5047989,11,
2026-05-27 06:04:46,ORCA,0.0,0,6717511,6717511,13,
2026-05-27 06:06:46,ORCA,696.5,70000,10050,80050,2,
2026-05-27 06:07:46,ORCA,0.0,0,1156528,1156528,5,
2026-05-27 06:09:46,ORCA,132.1,862883,653214,1516097,7,
2026-05-27 06:10:46,ORCA,0.0,0,57317,57317,1,
2026-05-27 06:11:46,ORCA,9999.0,14070,0,14070,2,
2026-05-27 06:12:46,ORCA,5.2,137276,2639337,2776613,7,
2026-05-27 06:13:46,ORCA,0.0,0,1887816,1887816,8,
2026-05-27 06:14:46,ORCA,9999.0,202707,0,202707,1,
2026-05-27 06:15:46,ORCA,1003.3,7180819,715723,7896543,22,
2026-05-27 06:19:46,ORCA,0.0,0,7837256,7837256,6,
2026-05-27 06:21:46,ORCA,45.6,19029,41758,60787,2,
2026-05-27 06:23:46,ORCA,6006.6,1712314,28507,1740822,3,
2026-05-27 06:25:46,ORCA,0.0,0,2012778,2012778,4,
2026-05-27 06:26:46,ORCA,9999.0,464828,0,464828,3,
2026-05-27 06:31:46,ORCA,9999.0,708597,0,708597,4,
2026-05-27 06:34:46,ORCA,5.3,39753,755783,795536,7,
2026-05-27 06:36:46,ORCA,0.0,0,934466,934466,3,
2026-05-27 06:37:46,ORCA,0.0,0,173194,173194,2,
2026-05-27 06:39:46,ORCA,0.0,0,308804,308804,4,
2026-05-27 06:43:46,ORCA,0.0,0,562406,562406,1,
2026-05-27 06:45:46,ORCA,0.0,0,6700074,6700074,2,
2026-05-27 06:47:46,ORCA,9999.0,2427354,0,2427354,6,
2026-05-27 06:50:46,ORCA,9999.0,999159,0,999159,2,
2026-05-27 06:54:46,ORCA,0.0,0,45675,45675,4,
2026-05-27 06:56:46,ORCA,0.0,0,17388,17388,2,
2026-05-27 06:57:46,ORCA,0.0,0,926056,926056,5,
2026-05-27 06:58:46,ORCA,0.0,0,1419838,1419838,2,
2026-05-27 06:59:46,ORCA,9999.0,8989,0,8989,1,
2026-05-27 07:02:46,ORCA,0.0,0,9960,9960,1,
2026-05-27 07:03:46,ORCA,1.9,17522,918709,936231,4,
2026-05-27 07:05:46,ORCA,0.0,0,8118372,8118372,17,
2026-05-27 07:11:46,ORCA,9999.0,501007,0,501007,2,
2026-05-27 07:12:46,ORCA,2132.4,202898,9515,212413,3,
2026-05-27 07:13:46,ORCA,202.6,880573,434637,1315210,4,
2026-05-27 07:16:46,ORCA,0.0,0,6647,6647,1,
2026-05-27 07:17:46,ORCA,0.0,0,1668104,1668104,2,
2026-05-27 07:20:46,ORCA,9999.0,50000,0,50000,1,
2026-05-27 07:21:46,ORCA,9999.0,2090921,0,2090921,4,
2026-05-27 07:22:46,ORCA,0.0,0,966106,966106,3,
2026-05-27 07:25:46,ORCA,9999.0,100000,0,100000,1,
2026-05-27 07:28:46,ORCA,9999.0,100453,0,100453,1,
2026-05-27 07:29:46,ORCA,286.6,148263,51737,200000,2,
2026-05-27 07:30:46,ORCA,0.0,0,492966,492966,2,
2026-05-27 07:31:46,ORCA,9999.0,305991,0,305991,2,
2026-05-27 07:33:46,ORCA,776.2,1228828,158314,1387142,4,
2026-05-27 07:37:46,ORCA,9999.0,5997,0,5997,1,
2026-05-27 07:38:46,ORCA,84.2,1608578,1909541,3518119,12,
2026-05-27 07:42:46,ORCA,36.9,316304,856580,1172883,4,
2026-05-27 07:43:46,ORCA,9999.0,10279,0,10279,2,
2026-05-27 07:44:46,ORCA,111.4,391037,350913,741950,5,
2026-05-27 07:45:46,ORCA,9999.0,250000,0,250000,2,
2026-05-27 07:46:46,ORCA,1.1,33000,3126848,3159848,9,
2026-05-27 07:47:46,ORCA,9999.0,10008221,0,10008221,9,
2026-05-27 07:49:46,ORCA,9.6,628256,6549562,7177818,4,
2026-05-27 07:50:46,ORCA,9999.0,5991,0,5991,1,
2026-05-27 07:51:46,ORCA,951.3,57022,5994,63016,6,
2026-05-27 07:53:46,ORCA,9999.0,18446,0,18446,1,
2026-05-27 07:56:46,ORCA,0.0,0,52215,52215,3,
2026-05-27 07:59:47,ORCA,9999.0,242987,0,242987,1,
2026-05-27 08:03:47,ORCA,9999.0,6208,0,6208,1,
2026-05-27 08:05:47,ORCA,0.0,0,59221,59221,1,
2026-05-27 08:06:47,ORCA,9999.0,1008448,0,1008448,2,
2026-05-27 08:09:47,ORCA,9999.0,122498,0,122498,1,
2026-05-27 08:10:47,ORCA,9999.0,10323,0,10323,1,
2026-05-27 08:14:47,ORCA,0.0,0,110000,110000,1,
2026-05-27 08:15:47,ORCA,0.0,0,485733,485733,4,
2026-05-27 08:19:47,ORCA,9999.0,6000,0,6000,1,
2026-05-27 08:20:47,ORCA,320.6,935871,291954,1227825,6,
2026-05-27 08:22:47,ORCA,9999.0,22600,0,22600,1,
2026-05-27 08:23:47,ORCA,0.0,0,1283055,1283055,7,
2026-05-27 08:24:47,ORCA,0.0,0,2749475,2749475,3,
2026-05-27 08:25:47,ORCA,0.0,0,690237,690237,11,
2026-05-27 08:27:47,ORCA,0.0,0,22548,22548,1,
2026-05-27 08:29:47,ORCA,0.0,0,38169,38169,1,
2026-05-27 08:30:47,ORCA,0.0,0,400055,400055,9,
2026-05-27 08:32:47,ORCA,96.2,405113,421202,826315,7,
2026-05-27 08:35:47,ORCA,186.7,650709,348539,999248,3,
2026-05-27 08:41:47,ORCA,9999.0,1553543,0,1553543,3,
2026-05-27 08:43:47,ORCA,9999.0,10991,0,10991,2,
2026-05-27 08:45:47,ORCA,9999.0,289009,0,289009,4,
2026-05-27 08:46:47,ORCA,0.0,0,135912,135912,4,
2026-05-27 08:47:47,ORCA,0.0,0,2057379,2057379,7,
2026-05-27 08:53:47,ORCA,9999.0,5994,0,5994,1,
2026-05-27 08:54:47,ORCA,0.0,0,261888,261888,5,
2026-05-27 08:59:47,ORCA,1889.4,2636849,139559,2776408,8,
2026-05-27 09:00:47,ORCA,9999.0,4325473,0,4325473,1,
2026-05-27 09:02:47,ORCA,73452.2,6730588,9163,6739751,6,
2026-05-27 09:03:47,ORCA,0.5,10128,1971175,1981303,4,
2026-05-27 09:04:47,ORCA,9999.0,10000,0,10000,1,
2026-05-27 09:05:47,ORCA,468.1,1389450,296823,1686273,9,
2026-05-27 09:08:47,ORCA,0.0,0,8753595,8753595,4,
2026-05-27 09:09:47,ORCA,9999.0,6269039,0,6269039,6,
2026-05-27 09:10:47,ORCA,9999.0,2068550,0,2068550,2,
2026-05-27 09:12:47,ORCA,9999.0,200000,0,200000,3,
2026-05-27 09:13:47,ORCA,9999.0,349521,0,349521,4,
2026-05-27 09:16:47,ORCA,0.0,0,485183,485183,5,
2026-05-27 09:17:47,ORCA,163.6,97173205,59386388,156559593,142,
2026-05-27 09:18:47,ORCA,121.3,135200866,111480243,246681109,258,
2026-05-27 09:19:47,ORCA,89.5,11682497,13059552,24742049,65,
2026-05-27 09:20:47,ORCA,457.7,115444941,25222932,140667873,259,
2026-05-27 09:21:47,ORCA,304.5,59465172,19528189,78993361,164,
2026-05-27 09:22:47,ORCA,179.3,44993028,25088312,70081340,155,
2026-05-27 09:23:47,ORCA,57.8,27770612,48066784,75837396,171,
2026-05-27 09:24:47,ORCA,47.2,25780571,54628161,80408732,125,
2026-05-27 09:25:47,ORCA,548.0,13564583,2475459,16040042,66,
2026-05-27 09:26:47,ORCA,40.5,2065872,5104835,7170707,25,
2026-05-27 09:27:47,ORCA,403.8,11256572,2787447,14044019,46,
2026-05-27 09:28:47,ORCA,2.4,651640,27016254,27667894,78,
2026-05-27 09:29:47,ORCA,27.5,7702001,28028633,35730634,103,
2026-05-27 09:30:47,ORCA,0.0,0,11300413,11300413,14,
2026-05-27 09:31:47,ORCA,109.3,5474739,5008534,10483273,12,
2026-05-27 09:32:47,ORCA,34.2,4196698,12282309,16479006,27,
2026-05-27 09:33:47,ORCA,97.0,3097992,3193768,6291760,11,
2026-05-27 09:35:47,ORCA,4.1,5515,134884,140398,2,
2026-05-27 09:36:47,ORCA,295.2,2482623,840887,3323510,17,
2026-05-27 09:37:47,ORCA,6.7,782157,11612553,12394710,10,
2026-05-27 09:38:47,ORCA,150.4,1886222,1254145,3140367,9,
2026-05-27 09:39:47,ORCA,196.9,244379385,124086770,368466155,252,
2026-05-27 09:40:47,ORCA,348.9,6383304,1829775,8213079,11,
2026-05-27 09:41:47,ORCA,564.9,1281695,226889,1508583,9,
2026-05-27 09:42:47,ORCA,112.2,3150193,2808361,5958554,11,
2026-05-27 09:43:47,ORCA,183.7,7767383,4227253,11994636,7,
2026-05-27 09:44:47,ORCA,0.4,10518,2624767,2635285,7,
2026-05-27 09:46:47,ORCA,66.5,1200907,1806298,3007205,6,
2026-05-27 09:48:47,ORCA,9999.0,199900,0,199900,1,
2026-05-27 09:50:47,ORCA,0.0,0,368942,368942,1,
2026-05-27 09:51:47,ORCA,6.4,872702,13600705,14473406,21,
2026-05-27 09:52:47,ORCA,5404.9,2250990,41647,2292637,5,
2026-05-27 09:53:47,ORCA,387.1,1604445,414518,2018963,5,
2026-05-27 09:54:47,ORCA,0.0,0,464956,464956,1,
2026-05-27 09:55:47,ORCA,255.7,15482338,6054285,21536623,16,
2026-05-27 09:56:47,ORCA,178.1,9146991,5136459,14283450,16,
2026-05-27 09:57:47,ORCA,429.3,6371586,1484213,7855799,8,
2026-05-27 09:58:47,ORCA,216.5,820863,379185,1200048,6,
2026-05-27 09:59:47,ORCA,422.9,85640,20251,105891,3,
2026-05-27 10:01:47,ORCA,0.0,0,4280389,4280389,9,
2026-05-27 10:02:47,ORCA,2.9,79514,2752338,2831853,9,
2026-05-27 10:04:47,ORCA,9999.0,10000,0,10000,1,
2026-05-27 10:05:47,ORCA,0.0,0,5681691,5681691,6,
2026-05-27 10:06:47,ORCA,0.0,0,3644077,3644077,6,
2026-05-27 10:07:47,ORCA,0.0,0,3402262,3402262,3,
2026-05-27 10:08:47,ORCA,53.1,510696,962508,1473204,9,
2026-05-27 10:09:47,ORCA,1184.8,1832150,154637,1986787,8,
2026-05-27 10:10:47,ORCA,0.0,0,12015,12015,2,
2026-05-27 10:11:47,ORCA,0.0,0,660897,660897,8,
2026-05-27 10:12:47,ORCA,1.0,117317,11316951,11434268,11,
2026-05-27 10:13:47,ORCA,12.6,300000,2381589,2681589,11,
2026-05-27 10:14:47,ORCA,1970.9,1034938,52510,1087448,4,
2026-05-27 10:15:47,ORCA,0.0,0,3470744,3470744,11,
2026-05-27 10:16:47,ORCA,9999.0,979985,0,979985,7,
2026-05-27 10:17:47,ORCA,9999.0,287395,0,287395,3,
2026-05-27 10:20:47,ORCA,0.0,0,209183,209183,3,
2026-05-27 10:21:47,ORCA,305.4,10185361,3334725,13520086,16,
2026-05-27 10:23:47,ORCA,0.0,0,2496228,2496228,9,
2026-05-27 10:24:47,ORCA,3.3,6986,211663,218649,2,
2026-05-27 10:25:47,ORCA,0.0,0,1615209,1615209,4,
2026-05-27 10:26:47,ORCA,20.6,324429,1575122,1899550,6,
2026-05-27 10:27:47,ORCA,0.1,11912,21635995,21647907,43,
2026-05-27 10:28:47,ORCA,0.2,6020,3227462,3233482,14,
2026-05-27 10:29:47,ORCA,20304.5,3654815,18000,3672815,5,
2026-05-27 10:30:47,ORCA,6.1,489357,8016919,8506276,27,
2026-05-27 10:31:47,ORCA,9999.0,200000,0,200000,2,
2026-05-27 10:32:47,ORCA,76.3,12085699,15843925,27929625,26,
2026-05-27 10:33:47,ORCA,2.8,444030,15764730,16208760,32,
2026-05-27 10:34:47,ORCA,9999.0,394962,0,394962,8,
2026-05-27 10:35:47,ORCA,1.2,167372,13580994,13748365,13,
2026-05-27 10:36:47,ORCA,0.4,19528,5507062,5526590,13,
2026-05-27 10:37:47,ORCA,0.0,0,147074,147074,1,
2026-05-27 10:38:47,ORCA,0.7,78883,11427597,11506480,30,
2026-05-27 10:39:47,ORCA,8.4,95274,1131385,1226658,13,
2026-05-27 10:40:47,ORCA,6.5,790072,12208629,12998702,13,
2026-05-27 10:41:47,ORCA,34.7,5268371,15172029,20440399,28,
2026-05-27 10:42:47,ORCA,22690.9,2319177,10221,2329397,8,
2026-05-27 10:43:47,ORCA,30.9,1769733,5724655,7494387,20,
2026-05-27 10:44:47,ORCA,45.2,1804149,3988932,5793081,25,
2026-05-27 10:45:47,ORCA,113.3,626276,552861,1179137,9,
2026-05-27 10:46:47,ORCA,650.6,1935001,297412,2232413,11,
2026-05-27 10:47:47,ORCA,17334.5,5314704,30660,5345364,14,
2026-05-27 10:48:47,ORCA,46.5,7457063,16047273,23504336,19,
2026-05-27 10:49:47,ORCA,0.3,58798,17891188,17949986,34,
2026-05-27 10:50:47,ORCA,294.3,15050,5113,20163,3,
2026-05-27 10:51:47,ORCA,2970.3,455309,15329,470638,10,
2026-05-27 10:52:47,ORCA,34.3,403133,1173888,1577021,13,
2026-05-27 10:53:47,ORCA,4.8,10100,211443,221543,6,
2026-05-27 10:54:47,ORCA,0.1,10000,7589173,7599173,10,
2026-05-27 10:55:47,ORCA,0.0,0,1857512,1857512,2,
2026-05-27 10:56:47,ORCA,98.8,15145,15331,30476,6,
2026-05-27 10:57:47,ORCA,0.6,30000,5054491,5084491,17,
2026-05-27 10:58:47,ORCA,2.9,45864,1567807,1613671,4,
2026-05-27 10:59:47,ORCA,1.4,100000,7174719,7274719,16,
2026-05-27 11:00:47,ORCA,592.6,60564,10221,70785,5,
2026-05-27 11:01:47,ORCA,0.0,0,8318945,8318945,24,
2026-05-27 11:02:47,ORCA,2.0,10100,500228,510328,7,
2026-05-27 11:03:47,ORCA,669.5,1479249,220961,1700210,13,
2026-05-27 11:04:47,ORCA,15148.8,3097063,20444,3117507,10,
2026-05-27 11:05:47,ORCA,0.0,5050,13492752,13497802,11,
2026-05-27 11:06:47,ORCA,0.0,0,413917,413917,1,
2026-05-27 11:07:47,ORCA,451.0,46098,10221,56319,4,
2026-05-27 11:08:47,ORCA,0.0,0,5035136,5035136,7,
2026-05-27 11:09:47,ORCA,334.5,952413,284758,1237171,7,
2026-05-27 11:10:47,ORCA,0.0,0,565988,565988,4,
2026-05-27 11:11:47,ORCA,0.0,0,445622,445622,2,
2026-05-27 11:12:47,ORCA,0.0,0,5538480,5538480,2,
2026-05-27 11:13:47,ORCA,0.0,0,1440971,1440971,1,
2026-05-27 11:14:47,ORCA,0.0,0,1929306,1929306,2,
2026-05-27 11:15:47,ORCA,0.1,46925,38070149,38117074,54,
2026-05-27 11:16:47,ORCA,112.7,249095,221088,470183,9,
2026-05-27 11:17:47,ORCA,1.6,145143,9094492,9239635,13,
2026-05-27 11:18:47,ORCA,9.3,701413,7503425,8204837,45,
2026-05-27 11:19:47,ORCA,54.1,15694058,29024039,44718097,16,
2026-05-27 11:20:47,ORCA,0.6,10203,1850769,1860972,8,
2026-05-27 11:21:47,ORCA,0.2,5880,2531597,2537477,10,
2026-05-27 11:22:47,ORCA,4888.0,382831,7832,390663,3,
2026-05-27 11:23:47,ORCA,9999.0,2352325,0,2352325,4,
2026-05-27 11:25:47,ORCA,0.2,30077,14903600,14933677,7,
2026-05-27 11:26:47,ORCA,1605.1,145886,9089,154975,3,
2026-05-27 11:27:47,ORCA,3.0,145886,4853328,4999214,5,
2026-05-27 11:28:47,ORCA,0.0,0,529470,529470,4,
2026-05-27 11:29:47,ORCA,0.0,0,26000,26000,2,
2026-05-27 11:30:47,ORCA,133.2,2015535,1513647,3529181,8,
2026-05-27 11:31:47,ORCA,3081.7,10008601,324779,10333380,7,
2026-05-27 11:32:47,ORCA,5.9,15060,253736,268796,5,
2026-05-27 11:33:47,ORCA,9999.0,628978,0,628978,3,
2026-05-27 11:34:47,ORCA,0.0,0,7991048,7991048,5,
2026-05-27 11:35:47,ORCA,2044.9,25639590,1253842,26893433,14,
2026-05-27 11:36:47,ORCA,9999.0,2574920,0,2574920,6,
2026-05-27 11:37:47,ORCA,9999.0,5050,0,5050,1,
2026-05-27 11:38:47,ORCA,9999.0,5050,0,5050,1,
2026-05-27 11:40:47,ORCA,546.5,41534,7599,49133,3,
2026-05-27 11:41:47,ORCA,9999.0,5050,0,5050,1,
2026-05-27 11:42:47,ORCA,0.0,5050,12328729,12333779,10,
2026-05-27 11:43:47,ORCA,0.0,0,14198555,14198555,14,
2026-05-27 11:44:47,ORCA,1707.2,1347290,78919,1426210,6,
2026-05-27 11:45:47,ORCA,0.0,0,822816,822816,3,
2026-05-27 11:46:47,ORCA,9999.0,10100,0,10100,2,
2026-05-27 11:47:47,ORCA,0.0,5050,28391997,28397047,17,
2026-05-27 11:48:47,ORCA,0.6,12846,2263609,2276455,6,
2026-05-27 11:49:47,ORCA,8.5,1005050,11813131,12818181,6,
2026-05-27 11:50:47,ORCA,9999.0,34723,0,34723,1,
2026-05-27 11:51:47,ORCA,3.2,5050,156119,161169,3,
2026-05-27 11:52:47,ORCA,2.8,5047,179451,184498,5,
2026-05-27 11:53:47,ORCA,2372.0,2158024,90979,2249002,13,
2026-05-27 11:54:47,ORCA,9999.0,5050,0,5050,2,
2026-05-27 11:55:47,ORCA,9999.0,439257,0,439257,3,
2026-05-27 11:56:47,ORCA,9999.0,1994621,0,1994621,3,
2026-05-27 11:58:47,ORCA,9999.0,5058,0,5058,1,
2026-05-27 11:59:47,ORCA,9999.0,287828,0,287828,2,
2026-05-27 12:01:47,ORCA,26.6,150565,566840,717405,6,
2026-05-27 12:03:47,ORCA,9999.0,5050,0,5050,1,
2026-05-27 12:04:47,ORCA,271.6,2196527,808709,3005236,7,
2026-05-27 12:05:47,ORCA,9999.0,5050,0,5050,1,
2026-05-27 12:07:47,ORCA,0.6,5050,883549,888599,4,
2026-05-27 12:08:47,ORCA,9999.0,6588,0,6588,1,
2026-05-27 12:09:47,ORCA,13.8,145663,1053735,1199398,4,
2026-05-27 12:11:47,ORCA,0.0,0,109790,109790,2,
2026-05-27 12:13:47,ORCA,299.4,1579814,527620,2107435,7,
2026-05-27 12:14:47,ORCA,139.8,1622054,1160034,2782088,11,
2026-05-27 12:15:47,ORCA,281.3,1945393,691692,2637086,4,
2026-05-27 12:16:47,ORCA,9999.0,556343,0,556343,2,
2026-05-27 12:18:47,ORCA,9999.0,15283,0,15283,1,
2026-05-27 12:19:47,ORCA,9999.0,894959,0,894959,5,
2026-05-27 12:20:47,ORCA,0.0,0,979510,979510,2,
2026-05-27 12:21:47,ORCA,9999.0,28887,0,28887,1,
2026-05-27 12:22:47,ORCA,0.0,0,1208593,1208593,1,
2026-05-27 12:23:47,ORCA,0.0,0,1029749,1029749,3,
2026-05-27 12:24:47,ORCA,756.5,10968706,1449866,12418572,3,
2026-05-27 12:26:47,ORCA,366.3,1964906,536368,2501274,3,
2026-05-27 12:30:47,ORCA,17.3,505524,2920576,3426100,7,
2026-05-27 12:32:47,ORCA,0.0,0,22428,22428,3,
2026-05-27 12:33:47,ORCA,14.8,2485181,16837497,19322678,17,
2026-05-27 12:34:47,ORCA,0.0,0,2175932,2175932,13,
2026-05-27 12:35:47,ORCA,0.2,12000,7422859,7434859,19,
2026-05-27 12:36:47,ORCA,0.0,0,12000,12000,1,
2026-05-27 12:37:47,ORCA,0.0,0,650513,650513,11,
2026-05-27 12:39:47,ORCA,9999.0,2268773,0,2268773,3,
2026-05-27 12:40:47,ORCA,9999.0,103201,0,103201,2,
2026-05-27 12:41:47,ORCA,0.0,0,5182949,5182949,6,
2026-05-27 12:43:47,ORCA,6.9,757245,10957928,11715174,42,
2026-05-27 12:44:47,ORCA,9999.0,329546,0,329546,3,
2026-05-27 12:45:47,ORCA,0.0,0,8987636,8987636,9,
2026-05-27 12:46:47,ORCA,35.5,703584,1981580,2685165,9,
2026-05-27 12:47:47,ORCA,0.0,0,2086030,2086030,3,
2026-05-27 12:48:47,ORCA,238.7,22211055,9304519,31515574,11,
2026-05-27 12:49:47,ORCA,166.6,2167500,1301019,3468519,14,
2026-05-27 12:50:47,ORCA,194.8,1223196,628057,1851252,5,
2026-05-27 12:51:47,ORCA,9999.0,1931000,0,1931000,1,
2026-05-27 12:52:47,ORCA,457.1,1587884,347363,1935247,8,
2026-05-27 12:53:47,ORCA,9999.0,1392774,0,1392774,5,
2026-05-27 12:54:47,ORCA,141.4,1414481,1000000,2414481,5,
2026-05-27 12:55:47,ORCA,323.7,7739079,2390980,10130059,6,
2026-05-27 12:56:47,ORCA,9999.0,120621,0,120621,1,
2026-05-27 12:58:47,ORCA,439.5,3289081,748356,4037438,4,
2026-05-27 12:59:47,ORCA,62.3,1849950,2970812,4820762,6,
2026-05-27 13:00:47,ORCA,0.0,0,6717076,6717076,7,
2026-05-27 13:02:47,ORCA,2.5,64811,2637936,2702747,7,
2026-05-27 13:05:47,ORCA,80.5,8054,10000,18054,2,
2026-05-27 13:06:47,ORCA,344.7,20000,5802,25802,3,
2026-05-27 13:07:47,ORCA,2993.0,159758,5338,165096,3,
2026-05-27 13:10:47,ORCA,9999.0,189905,0,189905,1,
2026-05-27 13:11:47,ORCA,9999.0,50000,0,50000,2,
2026-05-27 13:12:47,ORCA,0.0,0,2031829,2031829,9,
2026-05-27 13:13:47,ORCA,0.3,9660,3382579,3392239,16,
2026-05-27 13:14:47,ORCA,17.5,698037,3990019,4688055,7,
2026-05-27 13:15:47,ORCA,0.0,0,4279123,4279123,5,
2026-05-27 13:16:47,ORCA,53.9,12515712,23219045,35734757,63,
2026-05-27 13:17:47,ORCA,58.4,788002,1349461,2137463,3,
2026-05-27 13:18:47,ORCA,0.0,0,1499809,1499809,2,
2026-05-27 13:19:47,ORCA,0.0,0,350000,350000,1,
2026-05-27 13:22:47,ORCA,42.8,1009487,2358566,3368053,14,
2026-05-27 13:23:47,ORCA,0.0,0,291612,291612,1,
2026-05-27 13:24:47,ORCA,7.6,500892,6550935,7051827,16,
2026-05-27 13:30:47,ORCA,25.0,2874507,11485933,14360440,34,
2026-05-27 13:31:47,ORCA,0.0,0,3473398,3473398,5,
2026-05-27 13:33:47,ORCA,3.6,439272,12246842,12686114,26,
2026-05-27 13:34:47,ORCA,9999.0,1543411,0,1543411,5,
2026-05-27 13:35:47,ORCA,9999.0,1640394,0,1640394,3,
2026-05-27 13:36:47,ORCA,26.7,3591796,13464034,17055829,14,
2026-05-27 13:37:47,ORCA,9999.0,958760,0,958760,7,
2026-05-27 13:38:47,ORCA,473.4,49974,10557,60531,2,
2026-05-27 13:39:47,ORCA,807.0,2659456,329543,2988998,4,
2026-05-27 13:40:47,ORCA,53.7,1328456,2475791,3804247,6,
2026-05-27 13:41:47,ORCA,0.0,0,330247,330247,4,
2026-05-27 13:42:47,ORCA,58.1,24349665,41891601,66241266,65,
2026-05-27 13:43:47,ORCA,9999.0,2230509,0,2230509,6,
2026-05-27 13:44:47,ORCA,68.3,1008052,1475876,2483928,5,
2026-05-27 13:45:47,ORCA,3729.1,5274091,141429,5415520,6,
2026-05-27 13:46:47,ORCA,231.6,8988483,3881388,12869871,9,
2026-05-27 13:47:47,ORCA,9999.0,780122,0,780122,2,
2026-05-27 13:48:47,ORCA,263.5,4815028,1827451,6642479,4,
2026-05-27 13:49:47,ORCA,9999.0,579291,0,579291,2,
2026-05-27 13:50:47,ORCA,9999.0,1252531,0,1252531,2,
2026-05-27 13:51:47,ORCA,182517.0,10491080,5748,10496828,9,
2026-05-27 13:52:47,ORCA,1.5,12177,806404,818581,3,
2026-05-27 13:53:47,ORCA,9999.0,106089,0,106089,2,
2026-05-27 13:54:47,ORCA,9999.0,100000,0,100000,1,
2026-05-27 13:56:47,ORCA,64.4,13473948,20906738,34380685,17,
2026-05-27 13:57:47,ORCA,62.8,12540721,19956212,32496933,15,
2026-05-27 13:58:47,ORCA,0.0,0,369632,369632,4,
2026-05-27 13:59:47,ORCA,9999.0,2753198,0,2753198,7,
2026-05-27 14:00:48,ORCA,9999.0,2737814,0,2737814,2,
2026-05-27 14:01:48,ORCA,0.0,0,3783097,3783097,1,
2026-05-27 14:02:48,ORCA,0.0,0,1874626,1874626,1,
2026-05-27 14:03:48,ORCA,9999.0,217678,0,217678,1,
2026-05-27 14:04:48,ORCA,16.7,50000,300000,350000,2,
2026-05-27 14:05:48,ORCA,112.5,5804154,5159102,10963256,12,
2026-05-27 14:06:48,ORCA,89.4,1039364,1163069,2202434,3,
2026-05-27 14:11:48,ORCA,2.5,47875,1884228,1932103,5,
2026-05-27 14:13:48,ORCA,34.2,231376,676767,908143,8,
2026-05-27 14:14:48,ORCA,293.8,3028012,1030562,4058574,5,
2026-05-27 14:15:48,ORCA,9999.0,25154,0,25154,1,
2026-05-27 14:16:48,ORCA,9999.0,1100095,0,1100095,4,
2026-05-27 14:18:48,ORCA,0.0,0,1085670,1085670,9,
2026-05-27 14:20:48,ORCA,0.0,0,28590,28590,1,
2026-05-27 14:21:48,ORCA,2.5,211093,8477588,8688681,12,
2026-05-27 14:22:48,ORCA,0.0,0,2335960,2335960,6,
2026-05-27 14:24:48,ORCA,75.1,589206,784554,1373760,5,
2026-05-27 14:28:48,ORCA,0.0,0,724525,724525,2,
2026-05-27 14:31:48,ORCA,0.0,0,2757861,2757861,2,
2026-05-27 14:32:48,ORCA,9999.0,99579,0,99579,2,
2026-05-27 14:33:48,ORCA,116.5,361452,310157,671608,8,
2026-05-27 14:34:48,ORCA,0.0,0,42843,42843,1,
2026-05-27 14:35:48,ORCA,570.1,570124,100000,670124,14,
2026-05-27 14:36:48,ORCA,2024.2,162754,8040,170795,4,
2026-05-27 14:37:48,ORCA,9999.0,393323,0,393323,1,
2026-05-27 14:40:48,ORCA,41.4,400209,966471,1366680,8,
2026-05-27 14:41:48,ORCA,0.0,0,4289898,4289898,9,
2026-05-27 14:42:48,ORCA,9999.0,1884293,0,1884293,2,
2026-05-27 14:45:48,ORCA,10.0,354083,3543554,3897637,7,
2026-05-27 14:49:48,ORCA,3.2,10026,308714,318740,3,
2026-05-27 14:51:48,ORCA,9999.0,101948,0,101948,1,
2026-05-27 14:52:48,ORCA,9999.0,100000,0,100000,1,
2026-05-27 14:53:48,ORCA,9999.0,30000,0,30000,3,
2026-05-27 14:54:48,ORCA,9999.0,7997990,0,7997990,7,
2026-05-27 14:56:48,ORCA,814.9,5611299,688566,6299865,3,
2026-05-27 14:58:48,ORCA,0.0,0,700149,700149,2,
2026-05-27 15:00:48,ORCA,9999.0,2826440,0,2826440,1,
2026-05-27 15:01:48,ORCA,32.5,245134,754866,1000000,6,
2026-05-27 15:02:48,ORCA,0.1,6000,4245639,4251639,4,
2026-05-27 15:03:48,ORCA,0.0,0,648943,648943,1,
2026-05-27 15:05:48,ORCA,0.0,0,300000,300000,1,
2026-05-27 15:06:48,ORCA,0.0,0,57947,57947,1,
2026-05-27 15:08:48,ORCA,63.1,794411,1259070,2053481,8,
2026-05-27 15:10:48,ORCA,9999.0,5775,0,5775,1,
2026-05-27 15:12:48,ORCA,16.5,142989,868046,1011035,4,
2026-05-27 15:13:48,ORCA,0.0,0,200003,200003,2,
2026-05-27 15:14:48,ORCA,9999.0,5167,0,5167,1,
2026-05-27 15:16:48,ORCA,0.0,0,935350,935350,8,
2026-05-27 15:17:48,ORCA,290.0,4280738,1476262,5757000,2,
2026-05-27 15:18:48,ORCA,0.0,0,53000,53000,1,
2026-05-27 15:20:48,ORCA,0.0,0,616909,616909,5,
2026-05-27 15:21:48,ORCA,0.0,0,769639,769639,4,
2026-05-27 15:22:48,ORCA,0.0,0,605580,605580,4,
2026-05-27 15:23:48,ORCA,9999.0,18837,0,18837,2,
2026-05-27 15:25:48,ORCA,9999.0,2057238,0,2057238,2,
2026-05-27 15:26:48,ORCA,0.0,0,16428,16428,2,
2026-05-27 15:27:48,ORCA,1592.3,149340,9379,158719,2,
2026-05-27 15:28:48,ORCA,8121.9,17697446,217898,17915344,19,
2026-05-27 15:29:48,ORCA,1036.8,1272309,122711,1395021,7,
2026-05-27 15:33:48,ORCA,5200.2,5000000,96150,5096150,6,
2026-05-27 15:34:48,ORCA,2.9,143212,4856788,5000000,3,
2026-05-27 15:36:48,ORCA,87.5,3750587,4287277,8037864,9,
2026-05-27 15:40:48,ORCA,69.8,936100,1341977,2278077,8,
2026-05-27 15:41:48,ORCA,148.9,1989317,1336016,3325333,5,
2026-05-27 15:43:48,ORCA,2014.3,2878676,142915,3021591,4,
2026-05-27 15:44:48,ORCA,9999.0,508543,0,508543,2,
2026-05-27 15:46:48,ORCA,0.0,0,315271,315271,3,
2026-05-27 15:53:48,ORCA,0.0,0,596130,596130,2,
2026-05-27 15:54:48,ORCA,0.0,0,427942,427942,1,
2026-05-27 15:56:48,ORCA,0.0,0,1699934,1699934,3,
2026-05-27 16:00:48,ORCA,9999.0,428227,0,428227,2,
2026-05-27 16:01:48,ORCA,9999.0,516691,0,516691,1,
2026-05-27 16:04:48,ORCA,0.0,0,560165,560165,2,
2026-05-27 16:08:48,ORCA,0.0,0,31038,31038,3,
2026-05-27 16:10:48,ORCA,0.0,0,1881846,1881846,8,
2026-05-27 16:11:48,ORCA,0.0,0,30157,30157,1,
2026-05-27 16:13:48,ORCA,0.0,0,720500,720500,5,
2026-05-27 16:15:48,ORCA,9999.0,449775,0,449775,1,
2026-05-27 16:16:48,ORCA,0.0,0,13834,13834,2,
2026-05-27 16:18:48,ORCA,0.0,0,2043769,2043769,3,
2026-05-27 16:20:48,ORCA,2.5,222367,8946324,9168691,23,
2026-05-27 16:24:48,ORCA,445.7,6830014,1532583,8362597,5,
2026-05-27 16:25:48,ORCA,304.8,121835,39971,161807,2,
2026-05-27 16:26:48,ORCA,0.0,0,40828,40828,1,
2026-05-27 16:27:48,ORCA,112.4,29326,26085,55410,5,
2026-05-27 16:28:48,ORCA,9999.0,1027461,0,1027461,1,
2026-05-27 16:30:48,ORCA,0.0,0,5563261,5563261,8,
2026-05-27 16:31:48,ORCA,0.0,0,500840,500840,1,
2026-05-27 16:32:48,ORCA,23.4,147148,628370,775517,3,
2026-05-27 16:33:48,ORCA,5.2,30408,585980,616388,6,
2026-05-27 16:34:48,ORCA,529.1,1057727,199895,1257623,4,
2026-05-27 16:37:48,ORCA,0.0,0,194957,194957,2,
2026-05-27 16:38:48,ORCA,48.9,15012,30674,45686,4,
2026-05-27 16:40:48,ORCA,0.0,0,11349158,11349158,12,
2026-05-27 16:44:48,ORCA,9999.0,5087,0,5087,1,
2026-05-27 16:47:48,ORCA,0.0,0,17241,17241,1,
2026-05-27 16:48:48,ORCA,0.0,0,725950,725950,4,
2026-05-27 16:49:48,ORCA,0.0,0,1959850,1959850,2,
2026-05-27 16:51:48,ORCA,0.0,0,513108,513108,1,
2026-05-27 16:52:48,ORCA,0.0,0,7064610,7064610,16,
2026-05-27 16:53:48,ORCA,411.1,1102667,268253,1370920,9,
2026-05-27 16:56:48,ORCA,9999.0,1090646,0,1090646,1,
2026-05-27 16:58:48,ORCA,0.0,0,2023732,2023732,3,
2026-05-27 17:02:48,ORCA,0.0,0,955000,955000,1,
2026-05-27 17:03:48,ORCA,9999.0,5001,0,5001,1,
2026-05-27 17:04:48,ORCA,9999.0,3331195,0,3331195,4,
2026-05-27 17:05:48,ORCA,9999.0,1858108,0,1858108,1,
2026-05-27 17:08:48,ORCA,21.0,564135,2687706,3251841,6,
2026-05-27 17:09:48,ORCA,9999.0,72339,0,72339,4,
2026-05-27 17:13:48,ORCA,0.0,0,531999,531999,2,
2026-05-27 17:14:48,ORCA,3670.2,2836247,77278,2913525,2,
2026-05-27 17:16:48,ORCA,0.0,0,807725,807725,4,
2026-05-27 17:18:48,ORCA,9999.0,5980,0,5980,1,
2026-05-27 17:19:48,ORCA,9999.0,128710,0,128710,2,
2026-05-27 17:20:48,ORCA,9999.0,2613143,0,2613143,2,
2026-05-27 17:21:48,ORCA,0.0,0,41041,41041,1,
2026-05-27 17:22:48,ORCA,50.0,95985,191800,287785,2,
2026-05-27 17:26:48,ORCA,9999.0,7018484,0,7018484,3,
2026-05-27 17:27:48,ORCA,9999.0,5092,0,5092,1,
2026-05-27 17:28:48,ORCA,44.9,154420,343986,498406,7,
2026-05-27 17:29:48,ORCA,100.3,10200,10174,20374,3,
2026-05-27 17:31:48,ORCA,0.0,0,996862,996862,3,
2026-05-27 17:32:48,ORCA,2604166666600.0,500000,0,500000,2,
2026-05-27 17:33:48,ORCA,0.0,0,20264,20264,1,
2026-05-27 17:35:48,ORCA,89.2,123867,138800,262667,5,
2026-05-27 17:38:48,ORCA,0.0,0,90047,90047,1,
2026-05-27 17:39:48,ORCA,151533.4,7752381,5116,7757497,2,
2026-05-27 17:40:48,ORCA,0.0,0,69928,69928,3,
2026-05-27 17:42:48,ORCA,0.0,0,5232173,5232173,5,
2026-05-27 17:43:48,ORCA,1222.3,124938,10221,135159,4,
2026-05-27 17:45:48,ORCA,0.0,0,7092682,7092682,7,
2026-05-27 17:46:48,ORCA,0.4,30568,7361383,7391952,18,
2026-05-27 17:47:48,ORCA,5560.4,283059,5091,288150,2,
2026-05-27 17:48:48,ORCA,9999.0,25483,0,25483,1,
2026-05-27 17:49:48,ORCA,9999.0,146991,0,146991,3,
2026-05-27 17:50:48,ORCA,9999.0,19250,0,19250,1,
2026-05-27 17:51:48,ORCA,217.1,11089,5108,16197,3,
2026-05-27 17:52:48,ORCA,9999.0,32759,0,32759,1,
2026-05-27 17:53:48,ORCA,0.0,0,5145567,5145567,8,
2026-05-27 17:54:48,ORCA,9999.0,5092,0,5092,1,
2026-05-27 17:55:48,ORCA,9999.0,7000,0,7000,1,
2026-05-27 17:56:48,ORCA,69.0,5100,7389,12489,2,
2026-05-27 17:57:48,ORCA,48.1,222801,463528,686328,4,
2026-05-27 17:58:48,ORCA,9999.0,673415,0,673415,2,
2026-05-27 17:59:48,ORCA,0.0,0,5108,5108,1,
2026-05-27 18:01:48,ORCA,9999.0,5089,0,5089,1,
2026-05-27 18:04:48,ORCA,638.8,179749,28139,207888,4,
2026-05-27 18:05:48,ORCA,9999.0,5089,0,5089,1,
2026-05-27 18:06:48,ORCA,41771.6,2133680,5108,2138788,4,
2026-05-27 18:07:48,ORCA,32.7,217399,664182,881581,4,
2026-05-27 18:09:48,ORCA,9999.0,999501,0,999501,3,
2026-05-27 18:11:48,ORCA,0.0,0,6721042,6721042,5,
2026-05-27 18:14:48,ORCA,0.0,0,67108,67108,3,
2026-05-27 18:15:48,ORCA,9999.0,5087,0,5087,1,
2026-05-27 18:16:48,ORCA,0.0,0,5013264,5013264,5,
2026-05-27 18:17:48,ORCA,0.0,0,11315452,11315452,12,
2026-05-27 18:18:48,ORCA,0.0,0,544022,544022,4,
2026-05-27 18:19:48,ORCA,0.0,0,32140486,32140486,28,
2026-05-27 18:20:48,ORCA,24.1,348776,1445205,1793981,19,
2026-05-27 18:21:48,ORCA,228.5,195052,85349,280401,7,
2026-05-27 18:22:48,ORCA,0.0,0,40888,40888,8,
2026-05-27 18:23:48,ORCA,0.0,0,15335,15335,3,
2026-05-27 18:24:48,ORCA,0.0,5087,55538604,55543690,71,
2026-05-27 18:25:48,ORCA,2178.5,6574322,301781,6876103,8,
2026-05-27 18:26:48,ORCA,598.4,61166,10221,71388,3,
2026-05-27 18:27:48,ORCA,0.0,0,5111,5111,1,
2026-05-27 18:28:48,ORCA,60.0,141652,235960,377612,8,
2026-05-27 18:29:48,ORCA,61.3,141429,230796,372226,6,
2026-05-27 18:30:48,ORCA,4.0,20522,512450,532972,7,
2026-05-27 18:32:48,ORCA,12161.3,1243063,10221,1253284,6,
2026-05-27 18:33:48,ORCA,0.0,0,424023,424023,3,
2026-05-27 18:34:48,ORCA,0.0,0,184499,184499,1,
2026-05-27 18:35:49,ORCA,9999.0,555039,0,555039,2,
2026-05-27 18:36:49,ORCA,293.8,8765235,2983908,11749143,12,
2026-05-27 18:37:49,ORCA,9999.0,5736,0,5736,1,
2026-05-27 18:38:49,ORCA,16.6,79420,479463,558883,4,
2026-05-27 18:39:49,ORCA,3257.3,665793,20440,686233,6,
2026-05-27 18:40:49,ORCA,0.0,0,40880,40880,8,
2026-05-27 18:41:49,ORCA,32938.0,3366731,10221,3376953,3,
2026-05-27 18:42:49,ORCA,316.0,604721,191347,796068,5,
2026-05-27 18:45:49,ORCA,0.0,0,806044,806044,4,
2026-05-27 18:46:49,ORCA,0.0,0,1649327,1649327,12,
2026-05-27 18:47:49,ORCA,0.3,20401,7062646,7083047,21,
2026-05-27 18:49:49,ORCA,0.0,0,497919,497919,2,
2026-05-27 18:50:49,ORCA,0.0,0,550000,550000,1,
2026-05-27 18:51:49,ORCA,1.0,103902,10061909,10165811,26,
2026-05-27 18:52:49,ORCA,7622.0,389544,5111,394655,2,
2026-05-27 18:53:49,ORCA,738.7,75502,10222,85724,4,
2026-05-27 18:54:49,ORCA,83.2,25523,30659,56182,9,
2026-05-27 18:55:49,ORCA,49.9,5097,10224,15321,3,
2026-05-27 18:57:49,ORCA,0.0,0,10224,10224,2,
2026-05-27 18:58:49,ORCA,1.3,18309,1409418,1427727,6,
2026-05-27 18:59:49,ORCA,15436.8,789352,5113,794466,2,
2026-05-27 19:00:49,ORCA,253.6,341652,134728,476380,7,
2026-05-27 19:01:49,ORCA,0.0,0,776561,776561,9,
2026-05-27 19:02:49,ORCA,0.0,0,179814,179814,1,
2026-05-27 19:03:49,ORCA,3.4,5100,148910,154010,2,
2026-05-27 19:08:49,ORCA,36.9,253661,686871,940532,5,
2026-05-27 19:09:49,ORCA,53.2,343952,646309,990261,6,
2026-05-27 19:10:49,ORCA,69.1,112112,162324,274435,6,
2026-05-27 19:12:49,ORCA,65.5,104881,160207,265087,3,
2026-05-27 19:13:49,ORCA,0.0,0,792062,792062,2,
2026-05-27 19:14:49,ORCA,16.3,5100,31224,36324,2,
2026-05-27 19:15:49,ORCA,51.7,95396,184370,279766,5,
2026-05-27 19:16:49,ORCA,0.0,0,5087,5087,1,
2026-05-27 19:18:49,ORCA,9999.0,517910,0,517910,1,
2026-05-27 19:19:49,ORCA,105.5,100829,95579,196408,4,
2026-05-27 19:20:49,ORCA,2159.5,110309,5108,115417,3,
2026-05-27 19:21:49,ORCA,1172.8,59940,5111,65051,3,
2026-05-27 19:25:49,ORCA,0.0,0,1300000,1300000,4,
2026-05-27 19:28:49,ORCA,0.8,29751,3589480,3619231,7,
2026-05-27 19:29:49,ORCA,0.0,0,1848319,1848319,6,
2026-05-27 19:31:49,ORCA,0.0,0,5656655,5656655,4,
2026-05-27 19:33:49,ORCA,35.3,142023,402474,544498,4,
2026-05-27 19:34:49,ORCA,6.0,127135,2126022,2253158,15,
2026-05-27 19:39:49,ORCA,2128.2,108710,5108,113818,3,
2026-05-27 19:40:49,ORCA,0.6,5736,949826,955562,10,
2026-05-27 19:41:49,ORCA,110.4,713727,646239,1359966,5,
2026-05-27 19:42:49,ORCA,318.4,733767,230443,964211,9,
2026-05-27 19:44:49,ORCA,291.7,1157250,396671,1553920,6,
2026-05-27 19:48:49,ORCA,16.6,409279,2461926,2871205,16,
2026-05-27 19:51:49,ORCA,0.0,0,48009,48009,1,
2026-05-27 19:56:49,ORCA,9999.0,19110,0,19110,1,
2026-05-27 19:57:49,ORCA,0.0,0,5111,5111,1,
2026-05-27 19:58:49,ORCA,9999.0,2258383,0,2258383,5,
2026-05-27 19:59:49,ORCA,216.2,11113,5140,16253,3,
2026-05-27 20:01:49,ORCA,9999.0,1388509,0,1388509,4,
2026-05-27 20:03:49,ORCA,0.0,0,49337,49337,4,
2026-05-27 20:06:49,ORCA,143.4,142840,99628,242469,2,
2026-05-27 20:07:49,ORCA,9999.0,23555,0,23555,2,
2026-05-27 20:08:49,ORCA,10.2,142915,1395356,1538271,3,
2026-05-27 20:09:49,ORCA,0.0,0,2736468,2736468,11,
2026-05-27 20:10:49,ORCA,9999.0,5772,0,5772,1,
2026-05-27 20:13:49,ORCA,0.0,0,5111,5111,1,
2026-05-27 20:16:49,ORCA,206.9,335086,161990,497076,2,
2026-05-27 20:17:49,ORCA,9999.0,415995,0,415995,4,
2026-05-27 20:18:49,ORCA,9999.0,200427,0,200427,1,
2026-05-27 20:19:49,ORCA,0.0,0,24371,24371,1,
2026-05-27 20:20:49,ORCA,2800.4,519546,18553,538099,3,
2026-05-27 20:21:49,ORCA,2048.6,2924771,142766,3067537,4,
2026-05-27 20:22:49,ORCA,2027.9,191703,9453,201156,2,
2026-05-27 20:23:49,ORCA,9999.0,5766,0,5766,1,
2026-05-27 20:27:49,ORCA,9999.0,1125333,0,1125333,2,
2026-05-27 20:28:49,ORCA,9999.0,1815156,0,1815156,1,
2026-05-27 20:30:49,ORCA,3.8,52320,1367155,1419475,18,
2026-05-27 20:35:49,ORCA,9999.0,121316,0,121316,2,
2026-05-27 20:37:49,ORCA,9999.0,258284,0,258284,1,
2026-05-27 20:38:49,ORCA,0.0,0,741716,741716,1,
2026-05-27 20:39:49,ORCA,0.0,0,13250,13250,2,
2026-05-27 20:40:49,ORCA,0.0,0,1204787,1204787,9,
2026-05-27 20:42:49,ORCA,9999.0,6000,0,6000,1,
2026-05-27 20:44:49,ORCA,0.0,0,803505,803505,1,
2026-05-27 20:47:49,ORCA,0.0,0,133465,133465,1,
2026-05-27 20:48:49,ORCA,47.5,15892,33452,49344,2,
2026-05-27 20:49:49,ORCA,209.1,142320,68064,210384,4,
2026-05-27 20:50:49,ORCA,9999.0,79126,0,79126,1,
2026-05-27 20:54:49,ORCA,0.0,0,87403,87403,6,
2026-05-27 20:55:49,ORCA,0.0,0,228622,228622,2,
2026-05-27 20:56:49,ORCA,0.0,0,699364,699364,3,
2026-05-27 20:58:49,ORCA,0.0,0,242457,242457,4,
2026-05-27 20:59:49,ORCA,0.0,0,1193778,1193778,4,
2026-05-27 21:00:49,ORCA,30.9,16218099,52545435,68763534,71,
2026-05-27 21:01:49,ORCA,123.4,58382,47315,105697,5,
2026-05-27 21:02:49,ORCA,9999.0,847983,0,847983,4,
2026-05-27 21:03:49,ORCA,9999.0,3293210,0,3293210,1,
2026-05-27 21:04:49,ORCA,9999.0,162301,0,162301,2,
2026-05-27 21:05:49,ORCA,0.0,0,80610,80610,2,
2026-05-27 21:06:49,ORCA,0.0,0,2374466,2374466,5,
2026-05-27 21:07:49,ORCA,0.0,0,832269,832269,2,
2026-05-27 21:10:49,ORCA,0.0,0,681500,681500,6,
2026-05-27 21:11:49,ORCA,0.0,0,151429,151429,2,
2026-05-27 21:12:49,ORCA,18.9,1040191,5497963,6538154,16,
2026-05-27 21:13:49,ORCA,9999.0,20000,0,20000,1,
2026-05-27 21:15:49,ORCA,0.0,0,504590,504590,2,
2026-05-27 21:18:49,ORCA,1233.6,19142358,1551696,20694054,13,
2026-05-27 21:19:49,ORCA,9999.0,2616349,0,2616349,2,
2026-05-27 21:22:49,ORCA,9999.0,958500,0,958500,1,
2026-05-27 21:23:49,ORCA,0.0,0,3367269,3367269,4,
2026-05-27 21:24:49,ORCA,25.2,141726,561813,703540,7,
2026-05-27 21:25:49,ORCA,9999.0,7705,0,7705,1,
2026-05-27 21:29:49,ORCA,9999.0,71964,0,71964,1,
2026-05-27 21:30:49,ORCA,48.1,169125,351372,520498,4,
2026-05-27 21:34:49,ORCA,9999.0,1599534,0,1599534,1,
2026-05-27 21:35:49,ORCA,0.0,0,2576847,2576847,16,
2026-05-27 21:36:49,ORCA,9999.0,308708,0,308708,2,
2026-05-27 21:38:49,ORCA,9999.0,1848833,0,1848833,4,
2026-05-27 21:39:49,ORCA,9999.0,612437,0,612437,1,
2026-05-27 21:40:49,ORCA,9999.0,5745,0,5745,1,
2026-05-27 21:41:49,ORCA,9999.0,200000,0,200000,2,
2026-05-27 21:43:49,ORCA,110.1,7336246,6661025,13997270,9,
2026-05-27 21:44:49,ORCA,73.1,2119405,2900000,5019405,4,
2026-05-27 21:45:49,ORCA,0.0,0,3000000,3000000,1,
2026-05-27 21:46:49,ORCA,9999.0,559028,0,559028,2,
2026-05-27 21:48:49,ORCA,5258.1,21691077,412526,22103603,8,
2026-05-27 21:53:49,ORCA,0.0,0,324987,324987,2,
2026-05-27 21:54:49,ORCA,9999.0,6106272,0,6106272,3,
2026-05-27 21:55:49,ORCA,0.0,0,52659,52659,1,
2026-05-27 21:56:49,ORCA,0.0,0,473670,473670,2,
2026-05-27 21:57:49,ORCA,0.0,0,81489,81489,2,
2026-05-27 21:58:49,ORCA,0.0,0,300000,300000,1,
2026-05-27 21:59:49,ORCA,8.7,355620,4065696,4421316,5,
2026-05-27 22:02:49,ORCA,800.3,730136,91238,821374,6,
2026-05-27 22:03:49,ORCA,9999.0,5754,0,5754,1,
2026-05-27 22:04:49,ORCA,0.0,0,15331,15331,3,
2026-05-27 22:05:49,ORCA,0.5,5751,1268625,1274376,12,
2026-05-27 22:11:49,ORCA,0.0,0,611158,611158,3,
2026-05-27 22:12:49,ORCA,0.0,0,19130,19130,1,
2026-05-27 22:14:49,ORCA,9999.0,6000,0,6000,1,
2026-05-27 22:15:49,ORCA,0.0,0,8631590,8631590,8,
2026-05-27 22:16:49,ORCA,9999.0,927907,0,927907,5,
2026-05-27 22:17:49,ORCA,9999.0,200778,0,200778,2,
2026-05-27 22:18:49,ORCA,40.7,961832,2361716,3323548,8,
2026-05-27 22:19:49,ORCA,0.0,0,510227,510227,3,
2026-05-27 22:20:49,ORCA,1870.9,5482611,293045,5775656,8,
2026-05-27 22:22:49,ORCA,843.7,1288744,152745,1441489,5,
2026-05-27 22:23:49,ORCA,9999.0,958845,0,958845,8,
2026-05-27 22:24:49,ORCA,1.4,5769,400105,405874,3,
2026-05-27 22:25:49,ORCA,511.2,1036125,202683,1238808,11,
2026-05-27 22:26:49,ORCA,0.0,0,199472,199472,3,
2026-05-27 22:27:49,ORCA,0.0,0,1428456,1428456,7,
2026-05-27 22:29:49,ORCA,56.7,10850,19150,30000,2,
2026-05-27 22:30:49,ORCA,0.0,0,19356924,19356924,8,
2026-05-27 22:31:49,ORCA,0.0,0,299217,299217,1,
2026-05-27 22:32:49,ORCA,23.1,741290,3202871,3944161,5,
2026-05-27 22:33:49,ORCA,52.2,767068,1469474,2236542,6,
2026-05-27 22:34:49,ORCA,39.8,1305674,3278554,4584228,8,
2026-05-27 22:35:49,ORCA,9999.0,5763,0,5763,1,
2026-05-27 22:36:49,ORCA,316.8,16200,5113,21313,4,
2026-05-27 22:37:49,ORCA,5.2,101944,1973771,2075715,13,
2026-05-27 22:38:49,ORCA,309.0,305920,99014,404934,3,
2026-05-27 22:39:49,ORCA,9999.0,6512302,0,6512302,3,
2026-05-27 22:40:49,ORCA,0.5,5751,1056496,1062247,3,
2026-05-27 22:41:49,ORCA,0.0,0,112137,112137,11,
2026-05-27 22:42:49,ORCA,9999.0,5742,0,5742,1,
2026-05-27 22:43:49,ORCA,0.0,0,565900,565900,1,
2026-05-27 22:46:49,ORCA,9999.0,17235,0,17235,1,
2026-05-27 22:47:49,ORCA,9999.0,5748,0,5748,1,
2026-05-27 22:49:49,ORCA,44.8,17247,38504,55751,7,
2026-05-27 22:50:49,ORCA,1993.8,658287,33016,691303,9,
2026-05-27 22:51:49,ORCA,23.1,23077,100000,123077,3,
2026-05-27 22:52:49,ORCA,9999.0,188652,0,188652,6,
2026-05-27 22:53:49,ORCA,9999.0,1504195,0,1504195,3,
2026-05-27 22:54:49,ORCA,0.2,10005,6178530,6188535,4,
2026-05-27 22:55:49,ORCA,950.1,1352926,142395,1495321,5,
2026-05-27 22:57:49,ORCA,9999.0,5760,0,5760,1,
2026-05-27 22:58:49,ORCA,9999.0,18027525,0,18027525,19,
2026-05-27 22:59:49,ORCA,9999.0,164587,0,164587,5,
2026-05-27 23:00:49,ORCA,9999.0,6091061,0,6091061,17,
2026-05-27 23:01:49,ORCA,195.9,10010,5111,15121,2,
2026-05-27 23:02:49,ORCA,194.5,108164,55603,163767,4,
2026-05-27 23:03:49,ORCA,4894.8,250282,5113,255395,14,
2026-05-27 23:04:49,ORCA,333.0,34449,10345,44794,8,
2026-05-27 23:05:49,ORCA,26.0,16151,62135,78286,7,
2026-05-27 23:06:49,ORCA,136.5,239164,175204,414368,11,
2026-05-27 23:07:49,ORCA,213.8,10889,5094,15984,4,
2026-05-27 23:08:49,ORCA,0.0,0,180058,180058,11,
2026-05-27 23:09:49,ORCA,9999.0,15349,0,15349,1,
2026-05-27 23:10:49,ORCA,0.0,0,11308,11308,4,
2026-05-27 23:11:49,ORCA,0.0,0,1056414,1056414,7,
2026-05-27 23:15:49,ORCA,9999.0,450225,0,450225,1,
2026-05-27 23:16:49,ORCA,9999.0,449774,0,449774,1,
2026-05-27 23:18:49,ORCA,4790.9,242968,5071,248039,4,
2026-05-27 23:19:49,ORCA,9999.0,10000,0,10000,1,
2026-05-27 23:20:49,ORCA,0.0,0,56186,56186,5,
2026-05-27 23:21:49,ORCA,21894.8,1099100,5020,1104120,7,
2026-05-27 23:22:49,ORCA,0.0,0,100000,100000,1,
2026-05-27 23:23:49,ORCA,0.0,0,114592,114592,6,
2026-05-27 23:24:49,ORCA,0.0,0,79990,79990,1,
2026-05-27 23:25:49,ORCA,9999.0,3439477,0,3439477,3,
2026-05-27 23:28:49,ORCA,2043.6,1080360,52865,1133225,5,
2026-05-27 23:30:49,ORCA,9999.0,1855406,0,1855406,3,
2026-05-27 23:33:49,ORCA,1580.1,79141,5009,84149,4,
2026-05-27 23:35:49,ORCA,0.4,6000,1386261,1392261,3,
2026-05-27 23:36:49,ORCA,9999.0,648099,0,648099,7,
2026-05-27 23:37:49,ORCA,0.0,0,2276394,2276394,4,
2026-05-27 23:38:49,ORCA,0.0,0,998502,998502,1,
2026-05-27 23:42:49,ORCA,0.9,5772,641662,647434,5,
2026-05-27 23:43:49,ORCA,9999.0,2371266,0,2371266,3,
2026-05-27 23:45:49,ORCA,0.0,0,856686,856686,4,
2026-05-27 23:50:49,ORCA,9999.0,3852777,0,3852777,9,
2026-05-27 23:51:49,ORCA,7558.9,391195,5175,396370,4,
2026-05-27 23:52:49,ORCA,0.0,0,852244,852244,1,
2026-05-27 23:53:49,ORCA,9999.0,5781,0,5781,1,
2026-05-27 23:54:49,ORCA,9999.0,625070,0,625070,5,
2026-05-27 23:55:49,ORCA,9999.0,3055438,0,3055438,11,
2026-05-27 23:56:49,ORCA,0.0,0,840660,840660,1,
2026-05-27 23:58:49,ORCA,9999.0,79767,0,79767,3,
2026-05-27 23:59:49,ORCA,9999.0,21290,0,21290,3,
