2026-05-24 17:34:01,PRL,9999.0,1746326,0,1746326,1,
2026-05-24 17:37:01,PRL,0.0,0,4887287,4887287,9,
2026-05-24 17:44:01,PRL,9999.0,10071,0,10071,1,
2026-05-24 17:47:01,PRL,9999.0,1109625,0,1109625,1,
2026-05-24 17:53:01,PRL,9999.0,85477,0,85477,1,
2026-05-24 17:55:01,PRL,9999.0,1514454,0,1514454,1,
2026-05-24 17:56:01,PRL,9999.0,667291,0,667291,1,
2026-05-24 17:57:01,PRL,9999.0,494104,0,494104,1,
2026-05-24 18:02:01,PRL,9999.0,105000,0,105000,1,
2026-05-24 18:09:01,PRL,0.0,0,1882693,1882693,6,
2026-05-24 18:12:01,PRL,0.0,0,82276,82276,1,
2026-05-24 18:14:01,PRL,0.0,0,24138,24138,1,
2026-05-24 18:20:01,PRL,0.0,0,84000,84000,1,
2026-05-24 18:24:01,PRL,9999.0,3010714,0,3010714,3,
2026-05-24 18:26:01,PRL,0.0,0,323431,323431,1,
2026-05-24 18:27:01,PRL,0.0,0,1783440,1783440,7,
2026-05-24 18:33:01,PRL,0.0,0,4187432,4187432,2,
2026-05-24 18:48:01,PRL,9999.0,1002996,0,1002996,1,
2026-05-24 18:50:01,PRL,9999.0,3000000,0,3000000,2,
2026-05-24 18:57:01,PRL,0.0,0,697441,697441,1,
2026-05-24 19:04:01,PRL,0.0,0,4835322,4835322,9,
2026-05-24 19:09:01,PRL,0.0,0,199920,199920,1,
2026-05-24 19:10:01,PRL,0.0,0,1545320,1545320,2,
2026-05-24 19:11:01,PRL,0.0,0,11835527,11835527,17,
2026-05-24 19:13:02,PRL,0.0,0,21128,21128,1,
2026-05-24 19:20:02,PRL,0.0,0,1066059,1066059,5,
2026-05-24 19:22:02,PRL,9999.0,2998501,0,2998501,3,
2026-05-24 19:28:02,PRL,1396.1,5909690,423286,6332976,7,
2026-05-24 19:31:02,PRL,2.3,68100,2908360,2976460,12,
2026-05-24 19:32:02,PRL,0.0,0,932120,932120,3,
2026-05-24 19:33:02,PRL,0.0,0,582120,582120,2,
2026-05-24 19:36:02,PRL,0.0,0,886200,886200,1,
2026-05-24 19:37:02,PRL,0.0,0,117040,117040,1,
2026-05-24 19:38:02,PRL,0.0,0,431480,431480,2,
2026-05-24 19:41:02,PRL,113.0,2926605,2590180,5516785,5,
2026-05-24 19:43:02,PRL,0.0,0,650440,650440,1,
2026-05-24 19:45:02,PRL,0.0,0,151746,151746,3,
2026-05-24 19:46:02,PRL,9999.0,25100,0,25100,2,
2026-05-24 19:47:02,PRL,91.7,5100,5562,10662,2,
2026-05-24 19:48:02,PRL,2.2,20000,896596,916596,2,
2026-05-24 19:57:02,PRL,0.0,0,21762,21762,1,
2026-05-24 20:04:02,PRL,0.0,0,884240,884240,3,
2026-05-24 20:05:02,PRL,0.0,0,1723960,1723960,5,
2026-05-24 20:09:02,PRL,0.0,0,324800,324800,1,
2026-05-24 20:11:02,PRL,0.0,0,536480,536480,2,
2026-05-24 20:12:02,PRL,0.0,0,1233400,1233400,4,
2026-05-24 20:13:02,PRL,0.0,0,551880,551880,2,
2026-05-24 20:14:02,PRL,0.0,0,1940120,1940120,4,
2026-05-24 20:16:02,PRL,0.0,0,2717120,2717120,3,
2026-05-24 20:17:02,PRL,0.0,0,1673840,1673840,8,
2026-05-24 20:18:02,PRL,0.0,0,116200,116200,1,
2026-05-24 20:21:02,PRL,0.0,0,370341,370341,1,
2026-05-24 20:22:02,PRL,0.0,0,293720,293720,1,
2026-05-24 20:23:02,PRL,0.0,0,197680,197680,1,
2026-05-24 20:24:02,PRL,0.0,0,589960,589960,3,
2026-05-24 20:25:02,PRL,0.0,0,1361131,1361131,4,
2026-05-24 20:26:02,PRL,0.0,0,1536301,1536301,6,
2026-05-24 20:30:02,PRL,0.0,0,694952,694952,1,
2026-05-24 20:31:02,PRL,9999.0,10036,0,10036,1,
2026-05-24 20:36:02,PRL,9999.0,15253041,0,15253041,19,
2026-05-24 20:37:02,PRL,9999.0,231445,0,231445,6,
2026-05-24 20:38:02,PRL,9999.0,358655,0,358655,1,
2026-05-24 20:48:02,PRL,40.6,1501718,3694425,5196143,5,
2026-05-24 20:56:02,PRL,0.0,0,999426,999426,2,
2026-05-24 21:10:02,PRL,0.0,0,5856513,5856513,7,
2026-05-24 21:12:02,PRL,0.0,0,403760,403760,2,
2026-05-24 21:13:02,PRL,0.0,0,2456216,2456216,1,
2026-05-24 21:14:02,PRL,0.0,0,884240,884240,5,
2026-05-24 21:16:02,PRL,0.0,0,7009917,7009917,12,
2026-05-24 21:17:02,PRL,0.0,0,16599480,16599480,32,
2026-05-24 21:18:02,PRL,0.0,0,7110238,7110238,38,
2026-05-24 21:20:02,PRL,0.0,0,1396704,1396704,15,
2026-05-24 21:21:02,PRL,9999.0,100000,0,100000,2,
2026-05-24 21:22:02,PRL,9999.0,100000,0,100000,1,
2026-05-24 21:23:02,PRL,0.0,0,8836253,8836253,37,
2026-05-24 21:24:02,PRL,0.0,0,1247499,1247499,4,
2026-05-24 21:26:02,PRL,9999.0,5110,0,5110,1,
2026-05-24 21:27:02,PRL,0.0,0,2806395,2806395,2,
2026-05-24 21:28:02,PRL,9999.0,15015,0,15015,1,
2026-05-24 21:33:02,PRL,0.0,0,13384387,13384387,3,
2026-05-24 21:35:02,PRL,0.0,0,182006,182006,3,
2026-05-24 21:37:02,PRL,9999.0,5050,0,5050,1,
2026-05-24 21:41:02,PRL,9999.0,5000,0,5000,1,
2026-05-24 21:43:02,PRL,9999.0,2535422,0,2535422,4,
2026-05-24 21:45:02,PRL,0.0,0,307926,307926,1,
2026-05-24 21:46:02,PRL,0.0,0,1241310,1241310,2,
2026-05-24 21:52:02,PRL,0.0,0,5474350,5474350,2,
2026-05-24 21:54:02,PRL,9999.0,387800,0,387800,1,
2026-05-24 21:56:02,PRL,9999.0,110800,0,110800,1,
2026-05-24 22:00:02,PRL,9999.0,753139,0,753139,1,
2026-05-24 22:01:02,PRL,1758.5,655641,37284,692926,3,
2026-05-24 22:05:02,PRL,9999.0,551274,0,551274,1,
2026-05-24 22:06:02,PRL,9999.0,1118116,0,1118116,3,
2026-05-24 22:07:02,PRL,9999.0,5560,0,5560,1,
2026-05-24 22:10:02,PRL,102.2,10000,9788,19788,2,
2026-05-24 22:15:02,PRL,9999.0,2836119,0,2836119,1,
2026-05-24 22:19:02,PRL,0.0,0,459820,459820,3,
2026-05-24 22:20:02,PRL,0.0,0,609400,609400,5,
2026-05-24 22:21:03,PRL,0.0,0,80303,80303,1,
2026-05-24 22:29:03,PRL,0.0,0,3219365,3219365,18,
2026-05-24 22:30:03,PRL,0.0,0,5310282,5310282,15,
2026-05-24 22:31:03,PRL,0.0,0,292836,292836,2,
2026-05-24 22:33:03,PRL,0.0,0,3037197,3037197,2,
2026-05-24 22:38:03,PRL,0.0,0,109721,109721,5,
2026-05-24 22:39:03,PRL,0.0,0,6365259,6365259,17,
2026-05-24 22:40:03,PRL,0.0,0,524150,524150,1,
2026-05-24 22:44:03,PRL,0.0,0,687922,687922,1,
2026-05-24 22:48:03,PRL,9999.0,27600,0,27600,1,
2026-05-24 22:51:03,PRL,0.0,0,1176725,1176725,6,
2026-05-24 22:53:03,PRL,0.0,0,1007050,1007050,8,
2026-05-24 22:54:03,PRL,0.0,0,7286439,7286439,13,
2026-05-24 22:56:03,PRL,0.0,0,7850755,7850755,19,
2026-05-24 22:57:03,PRL,188.3,999500,530685,1530185,9,
2026-05-24 22:59:03,PRL,9999.0,25692,0,25692,2,
2026-05-24 23:08:03,PRL,0.0,0,624316,624316,3,
2026-05-24 23:09:03,PRL,0.0,0,2203222,2203222,1,
2026-05-24 23:11:03,PRL,9999.0,6157691,0,6157691,2,
2026-05-24 23:13:03,PRL,0.0,0,6772153,6772153,17,
2026-05-24 23:17:03,PRL,0.0,0,117208,117208,4,
2026-05-24 23:18:03,PRL,0.0,0,2882997,2882997,15,
2026-05-24 23:19:03,PRL,97.0,3006511,3098983,6105494,16,
2026-05-24 23:20:03,PRL,74.0,1287933,1740790,3028722,8,
2026-05-24 23:21:03,PRL,1.9,13138,677238,690376,2,
2026-05-24 23:22:03,PRL,9999.0,1900592,0,1900592,5,
2026-05-24 23:23:03,PRL,14.2,466571,3287115,3753686,6,
2026-05-24 23:24:03,PRL,0.0,0,713171,713171,2,
2026-05-24 23:25:03,PRL,0.0,0,842866,842866,3,
2026-05-24 23:29:03,PRL,153.3,15050,9820,24870,3,
2026-05-24 23:31:03,PRL,0.0,0,2083152,2083152,3,
2026-05-24 23:32:03,PRL,63937.0,6393700,10000,6403700,4,
2026-05-24 23:35:03,PRL,9999.0,200000,0,200000,1,
2026-05-24 23:36:03,PRL,0.0,0,3063743,3063743,2,
2026-05-24 23:37:03,PRL,0.0,0,3603735,3603735,3,
2026-05-24 23:45:03,PRL,0.0,0,133458,133458,2,
2026-05-24 23:49:03,PRL,0.7,16692,2459638,2476330,5,
2026-05-24 23:50:03,PRL,0.0,0,2049249,2049249,1,
2026-05-25 00:00:03,PRL,498.3,914085,183456,1097541,4,
2026-05-25 00:14:03,PRL,9999.0,15000,0,15000,1,
2026-05-25 00:16:03,PRL,9999.0,274000,0,274000,1,
2026-05-25 00:18:03,PRL,99.9,379544,379923,759467,2,
2026-05-25 00:21:03,PRL,0.0,0,513786,513786,2,
2026-05-25 00:22:03,PRL,0.0,0,750204,750204,3,
2026-05-25 00:23:03,PRL,0.0,0,958776,958776,3,
2026-05-25 00:24:03,PRL,211.7,4201915,1985186,6187101,4,
2026-05-25 00:38:03,PRL,9999.0,10387,0,10387,2,
2026-05-25 00:45:03,PRL,9999.0,4575821,0,4575821,3,
2026-05-25 00:46:03,PRL,9999.0,426227,0,426227,1,
2026-05-25 00:50:03,PRL,9999.0,2541405,0,2541405,2,
2026-05-25 00:52:03,PRL,0.0,0,45264,45264,1,
2026-05-25 00:53:03,PRL,0.0,0,22356,22356,1,
2026-05-25 00:54:03,PRL,0.0,0,700000,700000,1,
2026-05-25 01:01:03,PRL,0.0,0,90547,90547,1,
2026-05-25 01:02:03,PRL,0.0,0,2914753,2914753,3,
2026-05-25 01:07:03,PRL,9999.0,2497299,0,2497299,4,
2026-05-25 01:13:03,PRL,9999.0,277000,0,277000,1,
2026-05-25 01:22:03,PRL,0.0,0,1627935,1627935,8,
2026-05-25 01:26:03,PRL,0.0,0,6084781,6084781,9,
2026-05-25 01:34:03,PRL,0.0,0,27500,27500,1,
2026-05-25 01:36:03,PRL,0.0,0,685000,685000,5,
2026-05-25 01:37:03,PRL,0.0,0,839283,839283,8,
2026-05-25 01:38:03,PRL,0.0,0,3054429,3054429,3,
2026-05-25 01:39:03,PRL,9999.0,54800,0,54800,1,
2026-05-25 01:51:03,PRL,0.0,0,3099243,3099243,19,
2026-05-25 02:05:03,PRL,0.0,0,1000000,1000000,1,
2026-05-25 02:25:03,PRL,0.0,0,1000000,1000000,1,
2026-05-25 02:26:03,PRL,9999.0,520600,0,520600,1,
2026-05-25 02:27:03,PRL,9999.0,343750,0,343750,1,
2026-05-25 02:32:04,PRL,0.0,0,5042,5042,1,
2026-05-25 02:52:04,PRL,0.0,0,6012,6012,1,
2026-05-25 02:53:04,PRL,0.0,0,1000000,1000000,2,
2026-05-25 03:43:04,PRL,0.0,0,1705316,1705316,2,
2026-05-25 03:44:04,PRL,0.0,0,111930,111930,1,
2026-05-25 03:49:04,PRL,0.0,0,558831,558831,4,
2026-05-25 03:51:04,PRL,0.0,0,733278,733278,4,
2026-05-25 03:52:04,PRL,0.0,0,470652,470652,3,
2026-05-25 03:53:04,PRL,0.0,0,3334448,3334448,12,
2026-05-25 04:14:04,PRL,9999.0,100000,0,100000,1,
2026-05-25 04:15:04,PRL,0.0,0,199431,199431,1,
2026-05-25 04:23:04,PRL,0.0,0,112749,112749,1,
2026-05-25 04:26:04,PRL,0.0,0,1162434,1162434,7,
2026-05-25 04:27:04,PRL,0.0,0,732732,732732,3,
2026-05-25 04:28:04,PRL,9999.0,10037,0,10037,1,
2026-05-25 04:29:04,PRL,3.2,16726,519519,536245,5,
2026-05-25 04:30:04,PRL,0.0,0,284164,284164,2,
2026-05-25 05:00:04,PRL,9999.0,20000,0,20000,1,
2026-05-25 05:01:04,PRL,0.0,0,911501,911501,12,
2026-05-25 05:02:04,PRL,0.0,0,2703680,2703680,12,
2026-05-25 05:04:04,PRL,0.0,0,112336,112336,1,
2026-05-25 05:06:04,PRL,0.0,0,328848,328848,1,
2026-05-25 05:09:04,PRL,0.0,0,8976,8976,1,
2026-05-25 05:13:04,PRL,0.0,0,664496,664496,3,
2026-05-25 05:15:04,PRL,0.0,0,109888,109888,1,
2026-05-25 05:19:04,PRL,0.0,0,13600,13600,1,
2026-05-25 05:21:04,PRL,0.0,0,513536,513536,4,
2026-05-25 05:26:04,PRL,0.0,0,577456,577456,5,
2026-05-25 05:27:04,PRL,0.0,0,689248,689248,4,
2026-05-25 05:29:04,PRL,0.0,0,164832,164832,3,
2026-05-25 05:30:04,PRL,0.0,0,74800,74800,1,
2026-05-25 05:31:04,PRL,0.0,0,408554,408554,4,
2026-05-25 05:32:04,PRL,0.0,0,74800,74800,1,
2026-05-25 05:33:04,PRL,0.0,0,185776,185776,2,
2026-05-25 05:34:04,PRL,0.0,0,1622752,1622752,8,
2026-05-25 05:35:04,PRL,0.0,0,787712,787712,3,
2026-05-25 05:36:04,PRL,0.0,0,639200,639200,1,
2026-05-25 05:37:04,PRL,0.0,0,1009664,1009664,4,
2026-05-25 05:38:04,PRL,0.0,0,65744,65744,2,
2026-05-25 05:39:04,PRL,0.0,0,994151,994151,4,
2026-05-25 05:40:04,PRL,0.0,0,144793,144793,3,
2026-05-25 05:41:04,PRL,0.0,0,1269093,1269093,8,
2026-05-25 05:42:04,PRL,0.0,0,349319,349319,1,
2026-05-25 05:44:04,PRL,0.0,0,1456287,1456287,10,
2026-05-25 05:48:04,PRL,0.0,0,37940,37940,1,
2026-05-25 05:49:04,PRL,0.0,0,10492030,10492030,33,
2026-05-25 05:50:04,PRL,0.0,0,761670,761670,3,
2026-05-25 05:51:04,PRL,54.3,810000,1491518,2301518,13,
2026-05-25 05:53:04,PRL,0.0,0,6030697,6030697,18,
2026-05-25 05:55:04,PRL,9999.0,13138,0,13138,1,
2026-05-25 05:59:04,PRL,9999.0,1867720,0,1867720,1,
2026-05-25 06:00:04,PRL,9999.0,108000,0,108000,1,
2026-05-25 06:04:04,PRL,9999.0,282000,0,282000,2,
2026-05-25 06:07:04,PRL,0.0,0,6298645,6298645,2,
2026-05-25 06:08:04,PRL,101.9,10000,9818,19818,3,
2026-05-25 06:10:04,PRL,0.0,0,1163430,1163430,3,
2026-05-25 06:13:04,PRL,146.3,1227196,838620,2065816,4,
2026-05-25 06:15:04,PRL,0.0,0,48353,48353,1,
2026-05-25 06:29:04,PRL,0.0,0,913445,913445,6,
2026-05-25 06:30:04,PRL,0.0,0,7132619,7132619,15,
2026-05-25 06:31:04,PRL,0.0,0,6269044,6269044,2,
2026-05-25 06:33:04,PRL,9999.0,10037,0,10037,1,
2026-05-25 06:34:04,PRL,0.0,0,15064,15064,2,
2026-05-25 06:35:04,PRL,0.0,0,8239570,8239570,14,
2026-05-25 06:36:04,PRL,1.1,69873,6494148,6564021,12,
2026-05-25 06:38:04,PRL,9999.0,100000,0,100000,1,
2026-05-25 06:40:04,PRL,9999.0,13138,0,13138,1,
2026-05-25 06:47:04,PRL,0.1,10000,9476609,9486609,22,
2026-05-25 06:51:04,PRL,9999.0,43254,0,43254,2,
2026-05-25 06:52:04,PRL,0.0,0,747362,747362,1,
2026-05-25 06:53:04,PRL,0.0,0,1934341,1934341,5,
2026-05-25 06:54:05,PRL,9999.0,3481042,0,3481042,1,
2026-05-25 06:55:05,PRL,9999.0,13138,0,13138,1,
2026-05-25 06:56:05,PRL,0.1,10000,14819073,14829073,10,
2026-05-25 06:57:05,PRL,9999.0,21360,0,21360,2,
2026-05-25 06:58:05,PRL,99.5,426456,428482,854938,3,
2026-05-25 07:02:05,PRL,9999.0,1385731,0,1385731,2,
2026-05-25 07:04:05,PRL,2504.5,9292690,371042,9663732,6,
2026-05-25 07:13:05,PRL,0.0,0,120948,120948,1,
2026-05-25 07:15:05,PRL,0.0,0,541539,541539,2,
2026-05-25 07:16:05,PRL,49.3,1129382,2289489,3418871,13,
2026-05-25 07:20:05,PRL,9999.0,1451294,0,1451294,3,
2026-05-25 07:21:05,PRL,9999.0,359560,0,359560,1,
2026-05-25 07:23:05,PRL,9999.0,505597,0,505597,1,
2026-05-25 07:26:05,PRL,32.4,1876401,5793611,7670012,4,
2026-05-25 07:30:05,PRL,99.9,668458,669127,1337585,2,
2026-05-25 07:32:05,PRL,0.0,0,841320,841320,6,
2026-05-25 07:33:05,PRL,0.0,0,3115800,3115800,3,
2026-05-25 07:34:05,PRL,0.0,0,557010,557010,3,
2026-05-25 07:35:05,PRL,0.0,0,4288950,4288950,10,
2026-05-25 07:36:05,PRL,0.0,0,1598940,1598940,4,
2026-05-25 07:37:05,PRL,0.0,0,2170800,2170800,5,
2026-05-25 07:38:05,PRL,0.0,0,673650,673650,5,
2026-05-25 07:39:05,PRL,0.0,0,1737743,1737743,12,
2026-05-25 07:40:05,PRL,0.0,0,452996,452996,3,
2026-05-25 07:41:05,PRL,0.0,0,316494,316494,3,
2026-05-25 07:42:05,PRL,99.9,660398,661058,1321456,5,
2026-05-25 07:46:05,PRL,4.0,48240,1197561,1245801,6,
2026-05-25 07:47:05,PRL,9999.0,11191692,0,11191692,5,
2026-05-25 07:48:05,PRL,531.5,5280750,993488,6274238,12,
2026-05-25 07:49:05,PRL,0.0,0,179692,179692,2,
2026-05-25 07:51:05,PRL,51.0,3336593,6542970,9879563,7,
2026-05-25 07:54:05,PRL,9999.0,30000,0,30000,1,
2026-05-25 07:55:05,PRL,9999.0,507748,0,507748,1,
2026-05-25 07:56:05,PRL,58.3,505639,867032,1372671,4,
2026-05-25 07:59:05,PRL,9999.0,10000,0,10000,1,
2026-05-25 08:01:05,PRL,9999.0,199524,0,199524,1,
2026-05-25 08:05:05,PRL,9999.0,518901,0,518901,2,
2026-05-25 08:07:05,PRL,0.0,0,819897,819897,1,
2026-05-25 08:17:05,PRL,0.0,0,301882,301882,2,
2026-05-25 08:34:05,PRL,0.0,0,1139777,1139777,2,
2026-05-25 08:35:05,PRL,9999.0,290800,0,290800,1,
2026-05-25 08:41:05,PRL,12.4,1063041,8577455,9640495,5,
2026-05-25 08:46:05,PRL,0.0,0,320593,320593,1,
2026-05-25 08:47:05,PRL,0.0,0,313547,313547,1,
2026-05-25 08:48:05,PRL,0.0,0,1231695,1231695,6,
2026-05-25 08:50:05,PRL,0.0,0,2896990,2896990,4,
2026-05-25 08:51:05,PRL,0.0,0,115446,115446,1,
2026-05-25 08:52:05,PRL,0.0,0,116530,116530,1,
2026-05-25 08:54:05,PRL,0.0,0,229266,229266,2,
2026-05-25 08:56:05,PRL,0.0,0,2098816,2098816,14,
2026-05-25 08:57:05,PRL,0.0,0,311650,311650,1,
2026-05-25 08:58:05,PRL,0.0,0,112736,112736,1,
2026-05-25 08:59:05,PRL,0.0,0,117072,117072,1,
2026-05-25 09:02:05,PRL,9999.0,111492,0,111492,3,
2026-05-25 09:03:05,PRL,9999.0,4365053,0,4365053,4,
2026-05-25 09:04:05,PRL,853.0,137397,16107,153504,2,
2026-05-25 09:05:05,PRL,9999.0,150947,0,150947,1,
2026-05-25 09:06:05,PRL,9999.0,344983,0,344983,1,
2026-05-25 09:08:05,PRL,9999.0,440917,0,440917,2,
2026-05-25 09:10:05,PRL,0.0,0,2798250,2798250,2,
2026-05-25 09:11:05,PRL,0.0,0,6763500,6763500,4,
2026-05-25 09:14:05,PRL,9999.0,6325334,0,6325334,8,
2026-05-25 09:15:05,PRL,0.0,0,18498,18498,1,
2026-05-25 09:17:05,PRL,6.2,44828,725373,770201,3,
2026-05-25 09:18:05,PRL,9999.0,5831,0,5831,1,
2026-05-25 09:20:05,PRL,9999.0,3041988,0,3041988,2,
2026-05-25 09:23:05,PRL,9999.0,246812,0,246812,1,
2026-05-25 09:26:05,PRL,9999.0,27100,0,27100,1,
2026-05-25 09:27:05,PRL,0.0,0,1178450,1178450,1,
2026-05-25 09:28:05,PRL,0.0,0,1350000,1350000,3,
2026-05-25 09:33:05,PRL,0.0,0,49642,49642,1,
2026-05-25 09:34:05,PRL,0.0,0,5543407,5543407,2,
2026-05-25 09:38:05,PRL,0.0,0,4073179,4073179,10,
2026-05-25 09:42:05,PRL,119.1,247058,207523,454582,2,
2026-05-25 09:48:05,PRL,0.0,0,720020,720020,2,
2026-05-25 09:53:05,PRL,0.0,0,504614,504614,1,
2026-05-25 09:57:05,PRL,9999.0,205149,0,205149,3,
2026-05-25 09:58:05,PRL,9999.0,2812855,0,2812855,2,
2026-05-25 09:59:05,PRL,0.0,0,5253777,5253777,5,
2026-05-25 10:03:05,PRL,0.0,0,638795,638795,3,
2026-05-25 10:15:05,PRL,99.5,80000,80362,160362,2,
2026-05-25 10:16:05,PRL,9999.0,1187190,0,1187190,7,
2026-05-25 10:17:05,PRL,330.5,3000000,907839,3907839,2,
2026-05-25 10:20:06,PRL,9999.0,1025731,0,1025731,2,
2026-05-25 10:23:06,PRL,9999.0,792307,0,792307,1,
2026-05-25 10:24:06,PRL,81.2,3304123,4070183,7374307,3,
2026-05-25 10:28:06,PRL,0.0,0,227306,227306,2,
2026-05-25 10:31:06,PRL,0.0,0,313078,313078,2,
2026-05-25 10:32:06,PRL,0.0,0,20000,20000,1,
2026-05-25 10:34:06,PRL,9999.0,139860,0,139860,3,
2026-05-25 10:35:06,PRL,9999.0,8991,0,8991,1,
2026-05-25 10:39:06,PRL,1720.9,119880,6966,126846,2,
2026-05-25 10:41:06,PRL,0.0,0,54679,54679,2,
2026-05-25 10:46:06,PRL,0.0,0,5347,5347,1,
2026-05-25 10:48:06,PRL,98.0,3908900,3988656,7897556,2,
2026-05-25 10:51:06,PRL,99.9,9953,9963,19916,2,
2026-05-25 10:54:06,PRL,75.4,3058412,4058856,7117268,9,
2026-05-25 10:55:06,PRL,0.0,0,100130,100130,1,
2026-05-25 10:59:06,PRL,0.0,0,5904426,5904426,5,
2026-05-25 11:00:06,PRL,0.0,0,1146397,1146397,6,
2026-05-25 11:01:06,PRL,0.0,0,789373,789373,1,
2026-05-25 11:04:06,PRL,9999.0,1659690,0,1659690,6,
2026-05-25 11:07:06,PRL,1333.8,2027344,152000,2179344,9,
2026-05-25 11:11:06,PRL,310.2,1551069,500000,2051069,2,
2026-05-25 11:19:06,PRL,9999.0,20000,0,20000,1,
2026-05-25 11:20:06,PRL,9999.0,954977,0,954977,3,
2026-05-25 11:24:06,PRL,9999.0,189700,0,189700,1,
2026-05-25 11:26:06,PRL,0.0,0,599700,599700,1,
2026-05-25 11:27:06,PRL,9999.0,300000,0,300000,2,
2026-05-25 11:28:06,PRL,9999.0,750000,0,750000,5,
2026-05-25 11:36:06,PRL,9999.0,247165,0,247165,1,
2026-05-25 11:42:06,PRL,9999.0,20000,0,20000,1,
2026-05-25 11:46:06,PRL,0.0,0,53800,53800,1,
2026-05-25 11:55:06,PRL,0.0,0,15638467,15638467,23,
2026-05-25 11:57:06,PRL,0.0,0,843445,843445,1,
2026-05-25 12:01:06,PRL,0.0,0,269000,269000,2,
2026-05-25 12:04:06,PRL,9999.0,5050,0,5050,1,
2026-05-25 12:07:06,PRL,9999.0,5001,0,5001,1,
2026-05-25 12:09:06,PRL,0.0,0,349215,349215,2,
2026-05-25 12:16:06,PRL,9999.0,57527,0,57527,1,
2026-05-25 12:18:06,PRL,0.0,0,2792019,2792019,11,
2026-05-25 12:20:06,PRL,99.9,370862,371233,742095,5,
2026-05-25 12:21:06,PRL,0.0,0,54500,54500,3,
2026-05-25 12:25:06,PRL,0.0,0,4534551,4534551,3,
2026-05-25 12:30:06,PRL,0.0,0,206550,206550,1,
2026-05-25 12:36:06,PRL,165.0,501051,303701,804752,2,
2026-05-25 12:47:06,PRL,17.0,701995,4121293,4823288,3,
2026-05-25 12:51:06,PRL,0.0,0,868897,868897,3,
2026-05-25 13:14:06,PRL,0.0,0,107269,107269,2,
2026-05-25 13:15:06,PRL,9999.0,669870,0,669870,2,
2026-05-25 13:16:06,PRL,0.0,0,1365082,1365082,1,
2026-05-25 13:17:06,PRL,0.0,0,305457,305457,1,
2026-05-25 13:18:06,PRL,0.0,0,2808488,2808488,1,
2026-05-25 13:24:07,PRL,9999.0,276000,0,276000,3,
2026-05-25 13:26:36,PRL,9999.0,178669,0,178669,1,
2026-05-25 13:28:36,PRL,0.0,0,173131,173131,2,
2026-05-25 13:30:36,PRL,9999.0,649890,0,649890,1,
2026-05-25 13:32:36,PRL,9999.0,3735432,0,3735432,2,
2026-05-25 13:45:37,PRL,9999.0,107794,0,107794,1,
2026-05-25 13:50:37,PRL,9999.0,54200,0,54200,1,
2026-05-25 14:03:37,PRL,5420.5,10163388,187500,10350888,8,
2026-05-25 14:04:37,PRL,0.0,0,469326,469326,1,
2026-05-25 14:07:37,PRL,0.0,0,300000,300000,1,
2026-05-25 14:10:37,PRL,9999.0,150000,0,150000,1,
2026-05-25 14:19:37,PRL,9999.0,10000,0,10000,1,
2026-05-25 14:20:37,PRL,9999.0,2286415,0,2286415,2,
2026-05-25 14:22:37,PRL,9999.0,930681,0,930681,1,
2026-05-25 14:25:37,PRL,9999.0,677465,0,677465,1,
2026-05-25 14:34:37,PRL,47.4,5374662,11333449,16708111,5,
2026-05-25 14:35:37,PRL,9999.0,7000,0,7000,1,
2026-05-25 14:36:37,PRL,0.0,0,7428931,7428931,2,
2026-05-25 14:43:37,PRL,0.0,0,7223,7223,1,
2026-05-25 14:46:37,PRL,9999.0,285056,0,285056,1,
2026-05-25 15:02:37,PRL,0.0,0,277504,277504,3,
2026-05-25 15:03:37,PRL,0.0,0,1292941,1292941,2,
2026-05-25 15:05:37,PRL,1298.5,2896014,223033,3119047,3,
2026-05-25 15:06:37,PRL,0.0,0,113820,113820,1,
2026-05-25 15:10:37,PRL,9999.0,3200000,0,3200000,1,
2026-05-25 15:11:37,PRL,201.2,3200000,1590262,4790262,3,
2026-05-25 15:16:37,PRL,0.0,0,1034119,1034119,3,
2026-05-25 15:17:37,PRL,0.0,0,155739,155739,1,
2026-05-25 15:21:37,PRL,999.1,9031681,903997,9935678,12,
2026-05-25 15:27:37,PRL,0.0,0,24407,24407,2,
2026-05-25 15:28:38,PRL,0.0,0,7217398,7217398,2,
2026-05-25 15:29:38,PRL,0.0,0,13980919,13980919,12,
2026-05-25 15:31:38,PRL,0.0,0,13017462,13017462,7,
2026-05-25 15:33:38,PRL,0.0,0,1021932,1021932,1,
2026-05-25 15:39:39,PRL,99.9,10027,10037,20064,3,
2026-05-25 15:44:39,PRL,9999.0,10000,0,10000,1,
2026-05-25 16:01:39,PRL,9999.0,5416,0,5416,1,
2026-05-25 16:10:39,PRL,9999.0,59188,0,59188,1,
2026-05-25 16:11:39,PRL,0.0,0,25663,25663,2,
2026-05-25 16:12:39,PRL,0.0,0,2434870,2434870,12,
2026-05-25 16:13:39,PRL,9999.0,5907,0,5907,1,
2026-05-25 16:18:39,PRL,0.0,0,104761,104761,4,
2026-05-25 16:21:39,PRL,9999.0,590145,0,590145,1,
2026-05-25 16:26:39,PRL,0.0,0,615400,615400,8,
2026-05-25 16:27:39,PRL,0.0,0,4704036,4704036,4,
2026-05-25 16:30:39,PRL,0.0,0,227800,227800,1,
2026-05-25 16:31:39,PRL,0.0,0,187600,187600,3,
2026-05-25 16:32:39,PRL,0.0,0,1250859,1250859,2,
2026-05-25 16:38:39,PRL,224.4,6759926,3012649,9772575,6,
2026-05-25 16:39:39,PRL,0.6,5728,943889,949617,2,
2026-05-25 16:46:39,PRL,0.0,0,6872,6872,2,
2026-05-25 16:49:39,PRL,9999.0,2528195,0,2528195,2,
2026-05-25 16:50:39,PRL,9999.0,2712877,0,2712877,4,
2026-05-25 16:51:39,PRL,0.0,0,13500,13500,1,
2026-05-25 16:52:39,PRL,0.0,0,10274497,10274497,3,
2026-05-25 16:59:39,PRL,0.0,0,5018657,5018657,5,
2026-05-25 17:00:39,PRL,0.0,0,18488,18488,1,
2026-05-25 17:09:39,PRL,9999.0,99900,0,99900,2,
2026-05-25 17:10:39,PRL,9999.0,4832283,0,4832283,9,
2026-05-25 17:23:39,PRL,9999.0,1099450,0,1099450,1,
2026-05-25 17:24:39,PRL,0.0,0,149408,149408,3,
2026-05-25 17:28:39,PRL,9999.0,133517,0,133517,1,
2026-05-25 17:29:39,PRL,0.0,0,11275145,11275145,10,
2026-05-25 17:37:39,PRL,9999.0,5655703,0,5655703,2,
2026-05-25 17:49:39,PRL,0.0,0,78632,78632,4,
2026-05-25 17:50:39,PRL,0.0,0,8126764,8126764,10,
2026-05-25 17:51:39,PRL,0.0,0,5698,5698,1,
2026-05-25 17:58:39,PRL,0.0,0,2482281,2482281,2,
2026-05-25 18:01:39,PRL,0.0,0,200000,200000,1,
2026-05-25 18:03:39,PRL,9999.0,15888,0,15888,1,
2026-05-25 18:14:39,PRL,0.0,0,100000,100000,1,
2026-05-25 18:22:40,PRL,435.0,15800438,3632665,19433103,6,
2026-05-25 18:23:40,PRL,0.0,0,580750,580750,2,
2026-05-25 18:26:40,PRL,107.5,6428985,5981202,12410187,3,
2026-05-25 18:27:40,PRL,119.5,15849580,13266088,29115667,8,
2026-05-25 18:28:40,PRL,9999.0,10000,0,10000,1,
2026-05-25 18:36:40,PRL,0.0,0,4887531,4887531,4,
2026-05-25 18:39:40,PRL,0.0,0,859085,859085,1,
2026-05-25 18:40:40,PRL,193.5,11033285,5701325,16734610,10,
2026-05-25 18:41:40,PRL,0.0,0,27200,27200,1,
2026-05-25 18:42:40,PRL,0.0,0,2892144,2892144,1,
2026-05-25 18:46:40,PRL,0.0,0,2811382,2811382,1,
2026-05-25 18:52:40,PRL,0.0,0,803525,803525,5,
2026-05-25 18:53:40,PRL,0.0,0,3666333,3666333,5,
2026-05-25 18:55:40,PRL,0.0,0,3755090,3755090,11,
2026-05-25 18:56:40,PRL,23.8,3075948,12928541,16004489,15,
2026-05-25 18:58:40,PRL,9999.0,300000,0,300000,2,
2026-05-25 19:02:40,PRL,0.0,0,4740627,4740627,7,
2026-05-25 19:07:40,PRL,0.0,0,72900,72900,1,
2026-05-25 19:09:40,PRL,9999.0,2401280,0,2401280,1,
2026-05-25 19:11:40,PRL,9999.0,379400,0,379400,2,
2026-05-25 19:12:40,PRL,9999.0,118969,0,118969,2,
2026-05-25 19:13:40,PRL,0.0,0,615489,615489,1,
2026-05-25 19:16:40,PRL,9999.0,5847363,0,5847363,3,
2026-05-25 19:22:40,PRL,0.0,0,27100,27100,1,
2026-05-25 19:23:40,PRL,0.0,0,100000,100000,1,
2026-05-25 19:27:40,PRL,0.0,0,734417,734417,2,
2026-05-25 19:32:40,PRL,0.0,0,5420,5420,1,
2026-05-25 19:37:40,PRL,0.0,0,5572189,5572189,1,
2026-05-25 19:39:40,PRL,0.0,0,45939,45939,2,
2026-05-25 19:40:40,PRL,0.0,0,2592311,2592311,1,
2026-05-25 19:50:40,PRL,292.7,12073809,4124750,16198558,12,
2026-05-25 19:59:40,PRL,0.0,0,20000,20000,1,
2026-05-25 20:00:40,PRL,9999.0,10037,0,10037,2,
2026-05-25 20:01:40,PRL,9999.0,5559,0,5559,1,
2026-05-25 20:03:40,PRL,0.0,0,53341,53341,2,
2026-05-25 20:15:40,PRL,9999.0,4964,0,4964,1,
2026-05-25 20:24:40,PRL,9999.0,48963,0,48963,1,
2026-05-25 20:26:40,PRL,0.0,0,101115,101115,1,
2026-05-25 20:36:40,PRL,9999.0,2665720,0,2665720,2,
2026-05-25 20:37:40,PRL,9999.0,1085125,0,1085125,9,
2026-05-25 20:39:40,PRL,0.0,0,420000,420000,2,
2026-05-25 20:42:40,PRL,0.0,0,132181,132181,2,
2026-05-25 20:51:40,PRL,0.0,0,740610,740610,6,
2026-05-25 20:54:40,PRL,0.0,0,2598666,2598666,13,
2026-05-25 20:55:40,PRL,0.0,0,4542243,4542243,8,
2026-05-25 20:56:40,PRL,0.0,0,1497546,1497546,2,
2026-05-25 20:57:40,PRL,0.0,0,1730335,1730335,4,
2026-05-25 20:58:40,PRL,0.0,0,15346,15346,1,
2026-05-25 20:59:40,PRL,0.0,0,716253,716253,5,
2026-05-25 21:00:40,PRL,0.0,0,1439281,1439281,5,
2026-05-25 21:01:40,PRL,0.0,0,818854,818854,7,
2026-05-25 21:02:40,PRL,0.0,0,1865999,1865999,7,
2026-05-25 21:03:40,PRL,0.0,0,2894989,2894989,7,
2026-05-25 21:04:40,PRL,0.0,0,1267677,1267677,6,
2026-05-25 21:18:40,PRL,0.0,0,197250,197250,2,
2026-05-25 21:23:40,PRL,0.5,11463,2146505,2157968,2,
2026-05-25 21:25:40,PRL,0.0,0,20000,20000,1,
2026-05-25 21:29:40,PRL,0.0,0,999873,999873,6,
2026-05-25 21:34:40,PRL,0.0,0,48831,48831,1,
2026-05-25 21:35:40,PRL,0.0,0,9103308,9103308,4,
2026-05-25 21:36:40,PRL,0.0,0,1588072,1588072,2,
2026-05-25 21:37:40,PRL,0.0,0,999873,999873,1,
2026-05-25 21:38:40,PRL,0.0,0,2872005,2872005,4,
2026-05-25 21:39:40,PRL,0.0,0,1471613,1471613,2,
2026-05-25 21:41:40,PRL,0.0,0,1057439,1057439,3,
2026-05-25 21:42:40,PRL,0.0,0,3325579,3325579,8,
2026-05-25 21:44:40,PRL,0.0,0,171124,171124,1,
2026-05-25 21:45:40,PRL,0.0,0,868873,868873,6,
2026-05-25 21:48:40,PRL,0.0,0,16130438,16130438,8,
2026-05-25 21:50:40,PRL,0.0,0,43257619,43257619,12,
2026-05-25 21:51:40,PRL,0.0,0,18783549,18783549,12,
2026-05-25 21:52:41,PRL,9999.0,670385,0,670385,2,
2026-05-25 22:03:41,PRL,0.0,0,1474268,1474268,4,
2026-05-25 22:04:41,PRL,9999.0,30112,0,30112,1,
2026-05-25 22:09:41,PRL,9999.0,16400,0,16400,1,
2026-05-25 22:11:41,PRL,566.4,4787889,845251,5633140,7,
2026-05-25 22:13:41,PRL,0.0,0,1489544,1489544,4,
2026-05-25 22:15:41,PRL,0.0,0,222440,222440,2,
2026-05-25 22:18:41,PRL,0.0,0,789260,789260,4,
2026-05-25 22:19:41,PRL,0.0,0,1838480,1838480,6,
2026-05-25 22:20:41,PRL,0.0,0,2546000,2546000,23,
2026-05-25 22:22:41,PRL,0.0,0,790868,790868,7,
2026-05-25 22:23:41,PRL,0.0,0,263974,263974,4,
2026-05-25 22:24:41,PRL,0.0,0,1091822,1091822,9,
2026-05-25 22:25:41,PRL,9999.0,5001,0,5001,1,
2026-05-25 22:26:41,PRL,0.0,0,213864,213864,2,
2026-05-25 22:27:41,PRL,0.0,0,893828,893828,6,
2026-05-25 22:28:41,PRL,9999.0,12000,0,12000,1,
2026-05-25 22:35:41,PRL,0.0,0,66750,66750,1,
2026-05-25 22:37:41,PRL,9.9,3213634,32297928,35511562,22,
2026-05-25 22:38:41,PRL,251.8,1100000,436922,1536922,4,
2026-05-25 22:40:41,PRL,9999.0,14445,0,14445,1,
2026-05-25 22:41:41,PRL,0.0,0,315861,315861,2,
2026-05-25 22:42:41,PRL,34.0,8007249,23543195,31550443,26,
2026-05-25 22:43:41,PRL,0.0,0,1867057,1867057,9,
2026-05-25 22:45:41,PRL,104.1,1137094,1091791,2228885,6,
2026-05-25 22:46:41,PRL,9999.0,147000,0,147000,2,
2026-05-25 22:47:41,PRL,9999.0,100000,0,100000,1,
2026-05-25 22:50:41,PRL,2506.7,6873657,274209,7147866,5,
2026-05-25 22:51:41,PRL,0.0,0,1836693,1836693,7,
2026-05-25 22:52:41,PRL,0.0,0,1983009,1983009,6,
2026-05-25 22:54:41,PRL,0.0,0,13231773,13231773,12,
2026-05-25 22:55:41,PRL,9999.0,21048,0,21048,1,
2026-05-25 22:56:41,PRL,9999.0,1000000,0,1000000,4,
2026-05-25 22:57:41,PRL,507.7,1890858,372400,2263258,3,
2026-05-25 22:58:41,PRL,9.8,374351,3824061,4198412,6,
2026-05-25 22:59:41,PRL,2.2,5000,227164,232164,3,
2026-05-25 23:00:41,PRL,0.0,0,351068,351068,5,
2026-05-25 23:01:41,PRL,0.0,0,74200,74200,1,
2026-05-25 23:02:41,PRL,9999.0,21048,0,21048,1,
2026-05-25 23:04:41,PRL,2057.7,749882,36442,786324,4,
2026-05-25 23:05:41,PRL,1.7,13962,804460,818422,5,
2026-05-25 23:06:41,PRL,9999.0,119966,0,119966,2,
2026-05-25 23:07:41,PRL,9999.0,92382,0,92382,1,
2026-05-25 23:09:41,PRL,9999.0,12090,0,12090,1,
2026-05-25 23:10:41,PRL,9999.0,10075,0,10075,1,
2026-05-25 23:13:41,PRL,0.0,0,46811,46811,2,
2026-05-25 23:16:41,PRL,0.0,0,30000,30000,1,
2026-05-25 23:18:41,PRL,0.0,0,266000,266000,1,
2026-05-25 23:20:41,PRL,100.1,5015,5010,10025,2,
2026-05-25 23:24:41,PRL,0.0,0,901208,901208,3,
2026-05-25 23:25:41,PRL,9999.0,26310,0,26310,1,
2026-05-25 23:26:41,PRL,0.0,0,3921967,3921967,2,
2026-05-25 23:28:41,PRL,0.0,0,200000,200000,1,
2026-05-25 23:33:41,PRL,9999.0,26700,0,26700,1,
2026-05-25 23:36:41,PRL,9999.0,106800,0,106800,1,
2026-05-25 23:39:41,PRL,0.0,0,187878,187878,1,
2026-05-25 23:40:41,PRL,0.0,0,128212,128212,2,
2026-05-25 23:41:41,PRL,0.0,0,923344,923344,5,
2026-05-25 23:47:41,PRL,0.0,0,220617,220617,1,
2026-05-25 23:49:41,PRL,0.0,0,359100,359100,2,
2026-05-25 23:50:41,PRL,0.0,0,5539351,5539351,9,
2026-05-25 23:51:41,PRL,9999.0,5029,0,5029,1,
2026-05-25 23:59:41,PRL,0.0,0,8802582,8802582,11,
2026-05-26 00:00:41,PRL,0.7,91848,13253700,13345548,5,
2026-05-26 00:01:41,PRL,0.0,0,1808800,1808800,3,
2026-05-26 00:02:41,PRL,0.0,0,2635477,2635477,1,
2026-05-26 00:05:41,PRL,9999.0,12549,0,12549,1,
2026-05-26 00:06:41,PRL,9999.0,5000,0,5000,1,
2026-05-26 00:09:41,PRL,9999.0,790942,0,790942,1,
2026-05-26 00:10:41,PRL,0.0,0,513539,513539,1,
2026-05-26 00:11:41,PRL,9999.0,233600,0,233600,2,
2026-05-26 00:12:41,PRL,0.0,0,269353,269353,2,
2026-05-26 00:14:41,PRL,9999.0,11014584,0,11014584,7,
2026-05-26 00:18:41,PRL,0.0,0,9527298,9527298,1,
2026-05-26 00:19:41,PRL,0.0,0,325793,325793,1,
2026-05-26 00:20:41,PRL,0.0,0,1339790,1339790,4,
2026-05-26 00:21:41,PRL,0.0,0,5571844,5571844,23,
2026-05-26 00:22:41,PRL,0.0,0,1879903,1879903,15,
2026-05-26 00:23:41,PRL,0.0,0,212800,212800,1,
2026-05-26 00:26:41,PRL,0.0,0,10846384,10846384,2,
2026-05-26 00:27:41,PRL,11.3,1127449,10007651,11135100,23,
2026-05-26 00:28:41,PRL,0.0,0,2134274,2134274,11,
2026-05-26 00:29:41,PRL,0.0,0,1707130,1707130,20,
2026-05-26 00:30:41,PRL,0.0,0,1048870,1048870,14,
2026-05-26 00:31:41,PRL,0.0,0,3883310,3883310,45,
2026-05-26 00:32:41,PRL,0.0,0,2864667,2864667,28,
2026-05-26 00:33:41,PRL,3.7,21048,565510,586558,9,
2026-05-26 00:36:41,PRL,0.0,0,567630,567630,7,
2026-05-26 00:37:41,PRL,0.0,0,6051247,6051247,33,
2026-05-26 00:38:41,PRL,0.0,0,3484800,3484800,6,
2026-05-26 00:39:41,PRL,460.6,1356812,294575,1651387,6,
2026-05-26 00:40:41,PRL,25.7,526925,2053088,2580013,16,
2026-05-26 00:41:41,PRL,0.0,0,935980,935980,12,
2026-05-26 00:42:41,PRL,0.0,0,593865,593865,8,
2026-05-26 00:43:41,PRL,0.0,0,49025,49025,1,
2026-05-26 00:45:41,PRL,48.2,8836532,18336920,27173453,28,
2026-05-26 00:46:41,PRL,0.0,0,8471363,8471363,20,
2026-05-26 00:49:41,PRL,0.0,0,246450,246450,4,
2026-05-26 00:50:41,PRL,0.0,0,469290,469290,2,
2026-05-26 00:51:41,PRL,0.0,0,116335,116335,2,
2026-05-26 00:52:41,PRL,0.0,0,98580,98580,2,
2026-05-26 00:53:41,PRL,0.0,0,49290,49290,1,
2026-05-26 00:56:41,PRL,0.0,0,640770,640770,12,
2026-05-26 00:57:41,PRL,0.0,0,2643920,2643920,18,
2026-05-26 00:58:41,PRL,0.0,0,5079636,5079636,19,
2026-05-26 00:59:41,PRL,139.2,1735460,1246431,2981891,8,
2026-05-26 01:00:41,PRL,0.0,0,2023595,2023595,1,
2026-05-26 01:01:42,PRL,13.5,4149345,30651963,34801308,11,
2026-05-26 01:02:42,PRL,0.0,0,1657314,1657314,6,
2026-05-26 01:03:42,PRL,0.0,0,20251,20251,1,
2026-05-26 01:04:42,PRL,8.6,21048,246168,267216,4,
2026-05-26 01:05:42,PRL,0.0,0,17358,17358,1,
2026-05-26 01:11:42,PRL,9999.0,21048,0,21048,1,
2026-05-26 01:12:42,PRL,9999.0,10000,0,10000,1,
2026-05-26 01:13:42,PRL,0.0,0,147055,147055,3,
2026-05-26 01:18:42,PRL,9999.0,41996,0,41996,1,
2026-05-26 01:20:42,PRL,0.0,0,1110037,1110037,2,
2026-05-26 01:21:42,PRL,9999.0,1108928,0,1108928,1,
2026-05-26 01:22:42,PRL,9999.0,5050,0,5050,1,
2026-05-26 01:29:42,PRL,0.0,0,26400,26400,1,
2026-05-26 01:30:42,PRL,0.0,0,5280,5280,1,
2026-05-26 01:33:42,PRL,0.0,0,214189,214189,1,
2026-05-26 01:44:42,PRL,0.0,0,802363,802363,3,
2026-05-26 01:50:42,PRL,9999.0,810655,0,810655,3,
2026-05-26 01:56:42,PRL,9999.0,131970,0,131970,1,
2026-05-26 01:57:42,PRL,9999.0,46905,0,46905,1,
2026-05-26 02:01:42,PRL,9999.0,288052,0,288052,1,
2026-05-26 02:08:42,PRL,9999.0,600000,0,600000,1,
2026-05-26 02:13:42,PRL,9999.0,661101,0,661101,2,
2026-05-26 02:16:42,PRL,0.0,0,49014,49014,1,
2026-05-26 02:18:42,PRL,0.0,0,97998,97998,5,
2026-05-26 02:20:42,PRL,4.5,26310,591224,617534,10,
2026-05-26 02:21:42,PRL,0.0,0,49181,49181,1,
2026-05-26 02:22:42,PRL,0.0,0,3103663,3103663,15,
2026-05-26 02:26:42,PRL,0.0,0,990675,990675,1,
2026-05-26 02:30:42,PRL,9999.0,999845,0,999845,1,
2026-05-26 02:31:42,PRL,49.3,834363,1692596,2526959,4,
2026-05-26 02:32:42,PRL,9999.0,1000000,0,1000000,2,
2026-05-26 02:34:42,PRL,0.0,0,14652621,14652621,19,
2026-05-26 02:35:42,PRL,9999.0,26310,0,26310,1,
2026-05-26 02:36:42,PRL,9999.0,15000,0,15000,1,
2026-05-26 02:54:42,PRL,102.1,100000,97989,197989,5,
2026-05-26 02:56:42,PRL,325.6,855822,262811,1118633,7,
2026-05-26 02:57:42,PRL,0.0,0,668359,668359,13,
2026-05-26 03:02:42,PRL,0.0,0,49256,49256,1,
2026-05-26 03:06:42,PRL,0.0,0,145856,145856,1,
2026-05-26 03:07:42,PRL,0.0,0,145856,145856,1,
2026-05-26 03:09:42,PRL,0.0,0,194475,194475,1,
2026-05-26 03:16:42,PRL,9999.0,7876396,0,7876396,3,
2026-05-26 03:33:42,PRL,9999.0,3559990,0,3559990,3,
2026-05-26 03:36:42,PRL,47.6,507692,1066892,1574585,13,
2026-05-26 03:37:42,PRL,0.0,0,111936,111936,2,
2026-05-26 03:39:42,PRL,0.0,0,526599,526599,9,
2026-05-26 03:49:42,PRL,0.0,0,87486,87486,1,
2026-05-26 03:59:42,PRL,0.0,0,260645,260645,3,
2026-05-26 04:03:42,PRL,0.0,0,147768,147768,2,
2026-05-26 04:04:42,PRL,0.0,0,135192,135192,2,
2026-05-26 04:06:42,PRL,123.8,1362426,1100527,2462953,5,
2026-05-26 04:07:42,PRL,9999.0,263000,0,263000,1,
2026-05-26 04:22:42,PRL,9999.0,105200,0,105200,1,
2026-05-26 04:32:42,PRL,0.0,0,738754,738754,10,
2026-05-26 04:33:42,PRL,0.0,0,156938,156938,5,
2026-05-26 04:35:42,PRL,0.0,0,110826,110826,2,
2026-05-26 04:36:42,PRL,0.0,0,453260,453260,6,
2026-05-26 04:37:42,PRL,0.0,0,1216204,1216204,23,
2026-05-26 04:38:42,PRL,0.0,0,295536,295536,3,
2026-05-26 04:41:42,PRL,0.0,0,653428,653428,10,
2026-05-26 04:42:42,PRL,0.0,0,394048,394048,6,
2026-05-26 04:44:42,PRL,0.0,0,8375502,8375502,16,
2026-05-26 04:51:42,PRL,9999.0,4443259,0,4443259,4,
2026-05-26 04:55:42,PRL,9999.0,5994,0,5994,1,
2026-05-26 05:02:42,PRL,9999.0,850526,0,850526,2,
2026-05-26 05:08:42,PRL,9999.0,1090662,0,1090662,1,
2026-05-26 05:11:42,PRL,301.1,9073138,3013070,12086208,9,
2026-05-26 05:19:42,PRL,216.5,708081,327018,1035099,7,
2026-05-26 05:22:42,PRL,9999.0,10000,0,10000,1,
2026-05-26 05:26:42,PRL,0.0,0,137130,137130,3,
2026-05-26 05:27:42,PRL,260.3,507692,195075,702768,4,
2026-05-26 05:28:42,PRL,0.0,0,147556,147556,2,
2026-05-26 05:29:42,PRL,0.0,0,1111128,1111128,5,
2026-05-26 05:32:42,PRL,0.0,0,13897442,13897442,6,
2026-05-26 05:34:42,PRL,0.0,0,245905,245905,3,
2026-05-26 05:35:42,PRL,0.0,0,714266,714266,14,
2026-05-26 05:37:42,PRL,43.4,7152609,16496060,23648668,20,
2026-05-26 05:38:42,PRL,0.0,0,1130940,1130940,18,
2026-05-26 05:39:42,PRL,9.3,721399,7769240,8490640,25,
2026-05-26 05:40:42,PRL,9999.0,2379267,0,2379267,15,
2026-05-26 05:41:42,PRL,9999.0,100000,0,100000,1,
2026-05-26 05:42:42,PRL,20.2,7078259,35080781,42159040,52,
2026-05-26 05:43:42,PRL,0.0,0,45891291,45891291,14,
2026-05-26 05:44:42,PRL,0.0,0,2564371,2564371,3,
2026-05-26 05:45:42,PRL,9999.0,21048,0,21048,1,
2026-05-26 05:46:42,PRL,0.0,0,2779799,2779799,2,
2026-05-26 05:48:42,PRL,0.0,0,3280967,3280967,7,
2026-05-26 05:52:42,PRL,9999.0,21048,0,21048,1,
2026-05-26 05:57:42,PRL,9999.0,147465,0,147465,2,
2026-05-26 05:58:42,PRL,9999.0,3487631,0,3487631,2,
2026-05-26 05:59:42,PRL,2.6,5200,197358,202558,3,
2026-05-26 06:00:42,PRL,9999.0,26098,0,26098,2,
2026-05-26 06:02:42,PRL,9999.0,26000,0,26000,1,
2026-05-26 06:05:42,PRL,115.4,169633,147030,316663,6,
2026-05-26 06:07:42,PRL,9999.0,21048,0,21048,1,
2026-05-26 06:11:42,PRL,0.0,0,640519,640519,10,
2026-05-26 06:12:42,PRL,0.0,0,1127168,1127168,13,
2026-05-26 06:13:42,PRL,0.0,0,1936922,1936922,20,
2026-05-26 06:14:42,PRL,0.0,0,2786063,2786063,32,
2026-05-26 06:15:42,PRL,4.3,21048,493395,514443,6,
2026-05-26 06:16:42,PRL,0.0,0,2840559,2840559,18,
2026-05-26 06:17:42,PRL,0.0,0,7539159,7539159,27,
2026-05-26 06:18:42,PRL,0.0,0,20229747,20229747,34,
2026-05-26 06:19:42,PRL,0.0,0,8383445,8383445,11,
2026-05-26 06:20:42,PRL,0.0,0,5661554,5661554,10,
2026-05-26 06:21:42,PRL,0.0,0,8989699,8989699,14,
2026-05-26 06:22:42,PRL,0.0,0,1617814,1617814,2,
2026-05-26 06:23:42,PRL,3.3,21048,641472,662520,9,
2026-05-26 06:24:42,PRL,0.0,0,771000,771000,2,
2026-05-26 06:25:42,PRL,9999.0,348400,0,348400,4,
2026-05-26 06:26:42,PRL,375.2,5584680,1488502,7073182,20,
2026-05-26 06:27:42,PRL,0.3,5050,1660358,1665408,7,
2026-05-26 06:28:42,PRL,0.0,0,394077,394077,5,
2026-05-26 06:29:42,PRL,0.0,0,18834,18834,1,
2026-05-26 06:30:42,PRL,14.2,21048,147834,168882,3,
2026-05-26 06:32:42,PRL,0.0,0,1250784,1250784,17,
2026-05-26 06:33:43,PRL,0.0,0,5058245,5058245,27,
2026-05-26 06:34:43,PRL,9999.0,22902,0,22902,1,
2026-05-26 06:35:43,PRL,0.0,0,294959,294959,1,
2026-05-26 06:38:43,PRL,9999.0,5984640,0,5984640,4,
2026-05-26 06:40:43,PRL,9999.0,101280,0,101280,2,
2026-05-26 06:44:43,PRL,0.0,0,9959740,9959740,35,
2026-05-26 06:45:43,PRL,9999.0,21048,0,21048,1,
2026-05-26 06:46:43,PRL,0.0,0,10002,10002,2,
2026-05-26 06:47:43,PRL,1482.7,2190074,147711,2337785,5,
2026-05-26 06:48:43,PRL,0.0,0,5689,5689,1,
2026-05-26 06:53:43,PRL,9999.0,26049,0,26049,2,
2026-05-26 06:58:43,PRL,9999.0,973513,0,973513,2,
2026-05-26 07:01:43,PRL,9999.0,5050,0,5050,1,
2026-05-26 07:02:43,PRL,167.7,2505882,1494118,4000000,20,
2026-05-26 07:04:43,PRL,28.6,1772335,6197205,7969540,9,
2026-05-26 07:05:43,PRL,9999.0,2523643,0,2523643,2,
2026-05-26 07:06:43,PRL,0.0,0,40156,40156,1,
2026-05-26 07:07:43,PRL,9999.0,3432099,0,3432099,3,
2026-05-26 07:08:43,PRL,9999.0,880757,0,880757,1,
2026-05-26 07:10:43,PRL,0.0,0,2304894,2304894,8,
2026-05-26 07:11:43,PRL,9999.0,11000,0,11000,1,
2026-05-26 07:12:43,PRL,780.2,8580113,1099777,9679891,10,
2026-05-26 07:13:43,PRL,9999.0,95950,0,95950,2,
2026-05-26 07:15:43,PRL,9999.0,545154,0,545154,1,
2026-05-26 07:17:43,PRL,0.0,0,334100,334100,1,
2026-05-26 07:18:43,PRL,0.0,0,873800,873800,1,
2026-05-26 07:19:43,PRL,0.0,0,1060267,1060267,4,
2026-05-26 07:20:43,PRL,0.0,0,1337158,1337158,3,
2026-05-26 07:22:43,PRL,0.0,0,98459,98459,1,
2026-05-26 07:23:43,PRL,240.2,7100209,2956186,10056396,10,
2026-05-26 07:26:43,PRL,0.0,0,1021188,1021188,2,
2026-05-26 07:27:43,PRL,0.0,0,1755652,1755652,1,
2026-05-26 07:28:43,PRL,480.1,1122150,233739,1355889,6,
2026-05-26 07:29:43,PRL,67.7,200000,295524,495524,6,
2026-05-26 07:30:43,PRL,0.0,0,4596117,4596117,18,
2026-05-26 07:31:43,PRL,775.7,4949934,638084,5588019,5,
2026-05-26 07:32:43,PRL,870.7,9317588,1070164,10387752,10,
2026-05-26 07:33:43,PRL,9999.0,1142250,0,1142250,3,
2026-05-26 07:37:43,PRL,52.1,1501428,2879083,4380511,19,
2026-05-26 07:38:43,PRL,40.4,39911,98688,138599,2,
2026-05-26 07:39:43,PRL,0.0,0,479238,479238,1,
2026-05-26 07:40:43,PRL,0.0,0,95857,95857,1,
2026-05-26 07:41:43,PRL,9999.0,539750,0,539750,2,
2026-05-26 07:45:43,PRL,9999.0,1930472,0,1930472,3,
2026-05-26 07:47:43,PRL,0.0,0,169528,169528,2,
2026-05-26 07:48:43,PRL,46.3,1822750,3935833,5758584,2,
2026-05-26 07:50:43,PRL,0.0,0,86068,86068,1,
2026-05-26 07:52:43,PRL,0.0,0,1147036,1147036,5,
2026-05-26 07:54:43,PRL,12.9,10000,77400,87400,2,
2026-05-26 07:55:43,PRL,1252.8,500000,39911,539911,2,
2026-05-26 07:59:43,PRL,0.0,0,61404,61404,2,
2026-05-26 08:00:43,PRL,0.0,0,1171646,1171646,18,
2026-05-26 08:01:43,PRL,9999.0,17540,0,17540,1,
2026-05-26 08:03:43,PRL,9999.0,5000,0,5000,1,
2026-05-26 08:06:43,PRL,130.8,2887144,2207302,5094446,10,
2026-05-26 08:07:43,PRL,8.6,377245,4362008,4739254,5,
2026-05-26 08:10:43,PRL,9999.0,1500000,0,1500000,1,
2026-05-26 08:11:43,PRL,9999.0,1498501,0,1498501,4,
2026-05-26 08:13:43,PRL,3052.6,3012160,98675,3110835,4,
2026-05-26 08:14:43,PRL,9999.0,5095,0,5095,1,
2026-05-26 08:19:43,PRL,9999.0,5631295,0,5631295,8,
2026-05-26 08:21:43,PRL,0.0,0,49047,49047,1,
2026-05-26 08:23:43,PRL,0.0,0,5023286,5023286,2,
2026-05-26 08:24:43,PRL,9999.0,40000,0,40000,1,
2026-05-26 08:25:43,PRL,132.3,5800006,4382819,10182825,7,
2026-05-26 08:26:43,PRL,9999.0,2553081,0,2553081,3,
2026-05-26 08:30:43,PRL,0.0,0,100000,100000,1,
2026-05-26 08:35:43,PRL,9999.0,1064278,0,1064278,4,
2026-05-26 08:36:43,PRL,1032.4,505837,48994,554831,4,
2026-05-26 08:38:43,PRL,0.0,0,196028,196028,8,
2026-05-26 08:43:43,PRL,0.0,0,98420,98420,2,
2026-05-26 08:44:43,PRL,0.0,0,70189,70189,2,
2026-05-26 08:45:43,PRL,1.9,10039,531310,541349,14,
2026-05-26 08:46:43,PRL,0.0,0,147630,147630,3,
2026-05-26 08:47:43,PRL,0.0,0,98420,98420,2,
2026-05-26 08:48:43,PRL,31.2,3402208,10895019,14297227,28,
2026-05-26 08:50:43,PRL,0.0,0,591556,591556,8,
2026-05-26 08:51:43,PRL,0.0,0,1477854,1477854,20,
2026-05-26 08:52:43,PRL,0.0,0,1606810,1606810,24,
2026-05-26 08:53:43,PRL,0.0,0,2576636,2576636,28,
2026-05-26 08:54:43,PRL,0.0,0,1518724,1518724,24,
2026-05-26 08:55:43,PRL,0.0,0,3051629,3051629,33,
2026-05-26 08:56:43,PRL,0.0,0,394224,394224,10,
2026-05-26 08:57:43,PRL,0.0,0,245538,245538,4,
2026-05-26 08:59:43,PRL,9999.0,505882,0,505882,2,
2026-05-26 09:00:43,PRL,0.0,0,143762,143762,3,
2026-05-26 09:01:43,PRL,0.0,0,147834,147834,4,
2026-05-26 09:02:43,PRL,0.0,0,5215995,5215995,16,
2026-05-26 09:03:43,PRL,0.0,0,7613496,7613496,3,
2026-05-26 09:04:43,PRL,9999.0,479674,0,479674,1,
2026-05-26 09:05:43,PRL,301.8,11428528,3787149,15215677,4,
2026-05-26 09:06:43,PRL,59.2,563189,950789,1513978,10,
2026-05-26 09:07:43,PRL,110.3,1130286,1025068,2155354,14,
2026-05-26 09:08:43,PRL,0.0,0,868214,868214,16,
2026-05-26 09:09:43,PRL,0.0,0,519259,519259,4,
2026-05-26 09:11:43,PRL,174.0,505859,290773,796632,8,
2026-05-26 09:12:43,PRL,45.7,554907,1214234,1769141,15,
2026-05-26 09:13:43,PRL,374.3,507843,135669,643512,6,
2026-05-26 09:15:43,PRL,1.2,10000,801695,811695,4,
2026-05-26 09:16:43,PRL,15.1,72478,480082,552560,11,
2026-05-26 09:17:43,PRL,184.8,1309741,708580,2018321,10,
2026-05-26 09:18:43,PRL,0.0,0,1007860,1007860,5,
2026-05-26 09:19:43,PRL,32038.8,1619818,5056,1624874,3,
2026-05-26 09:20:43,PRL,49.6,7199159,14518718,21717877,23,
2026-05-26 09:21:43,PRL,29.6,1567000,5290601,6857601,8,
2026-05-26 09:22:43,PRL,30.5,740478,2425080,3165558,24,
2026-05-26 09:23:43,PRL,9999.0,5005,0,5005,1,
2026-05-26 09:24:43,PRL,89.7,9102638,10150402,19253040,17,
2026-05-26 09:25:43,PRL,0.0,0,38805125,38805125,46,
2026-05-26 09:26:43,PRL,2.7,927276,33956904,34884181,30,
2026-05-26 09:27:43,PRL,30.9,1060000,3432575,4492575,6,
2026-05-26 09:29:43,PRL,9999.0,7833836,0,7833836,3,
2026-05-26 09:30:43,PRL,99.9,406882,407289,814171,2,
2026-05-26 09:31:43,PRL,9999.0,4649678,0,4649678,3,
2026-05-26 09:32:43,PRL,914.3,1000000,109370,1109370,7,
2026-05-26 09:33:43,PRL,4.5,9990,223279,233269,3,
2026-05-26 09:37:43,PRL,0.0,0,12799711,12799711,15,
2026-05-26 09:38:43,PRL,105.7,14849938,14047058,28896997,26,
2026-05-26 09:39:43,PRL,0.0,0,760425,760425,3,
2026-05-26 09:40:43,PRL,0.0,0,41380010,41380010,22,
2026-05-26 09:41:43,PRL,21.5,2872194,13338038,16210232,8,
2026-05-26 09:42:43,PRL,1.0,477080,49047966,49525047,64,
2026-05-26 09:43:43,PRL,15.7,5107358,32599201,37706559,13,
2026-05-26 09:44:43,PRL,0.0,0,7741507,7741507,9,
2026-05-26 09:45:43,PRL,24.7,7045825,28559923,35605749,27,
2026-05-26 09:46:43,PRL,26.7,4000494,14965500,18965993,13,
2026-05-26 09:47:43,PRL,12.8,3961990,30950376,34912365,16,
2026-05-26 09:48:43,PRL,5.8,1233203,21085873,22319076,23,
2026-05-26 09:49:43,PRL,122.2,13592155,11119511,24711665,11,
2026-05-26 09:50:43,PRL,0.0,0,643332,643332,1,
2026-05-26 09:51:43,PRL,48.3,8924314,18482686,27407001,22,
2026-05-26 09:52:43,PRL,29.9,2055329,6884430,8939759,17,
2026-05-26 09:53:43,PRL,11.0,2167324,19770360,21937684,31,
2026-05-26 09:54:43,PRL,66.6,7951016,11931168,19882184,21,
2026-05-26 09:55:43,PRL,535.1,15376992,2873517,18250509,19,
2026-05-26 09:56:43,PRL,113.6,2459229,2164842,4624071,4,
2026-05-26 09:57:43,PRL,0.0,0,22557,22557,1,
2026-05-26 09:58:43,PRL,27.4,299517,1094838,1394355,4,
2026-05-26 09:59:43,PRL,0.0,0,445183,445183,4,
2026-05-26 10:00:43,PRL,9999.0,296837,0,296837,3,
2026-05-26 10:02:43,PRL,9999.0,831925,0,831925,2,
2026-05-26 10:03:43,PRL,0.0,0,6609519,6609519,9,
2026-05-26 10:05:43,PRL,657.4,4280362,651153,4931515,4,
2026-05-26 10:06:43,PRL,4.3,1199400,27928914,29128314,40,
2026-05-26 10:07:43,PRL,76.7,2914667,3799186,6713853,28,
2026-05-26 10:08:43,PRL,0.2,70000,37333774,37403774,29,
2026-05-26 10:09:43,PRL,24.2,2989124,12368324,15357447,18,
2026-05-26 10:11:43,PRL,9999.0,13155,0,13155,1,
2026-05-26 10:12:43,PRL,9999.0,3323352,0,3323352,5,
2026-05-26 10:13:43,PRL,1167.5,5837287,500000,6337287,11,
2026-05-26 10:16:43,PRL,195.8,20692399,10568144,31260543,17,
2026-05-26 10:18:43,PRL,9999.0,448551,0,448551,2,
2026-05-26 10:19:43,PRL,0.0,0,16184,16184,1,
2026-05-26 10:20:43,PRL,0.0,0,1591165,1591165,4,
2026-05-26 10:24:43,PRL,0.0,0,112986,112986,3,
2026-05-26 10:26:43,PRL,0.0,0,57034,57034,1,
2026-05-26 10:27:43,PRL,0.0,0,192745,192745,1,
2026-05-26 10:29:43,PRL,3400.2,680045,20000,700045,2,
2026-05-26 10:30:43,PRL,9999.0,5095,0,5095,1,
2026-05-26 10:31:43,PRL,2.9,156384,5416336,5572721,6,
2026-05-26 10:34:43,PRL,0.0,0,110959,110959,1,
2026-05-26 10:35:43,PRL,0.0,0,2034380,2034380,2,
2026-05-26 10:36:43,PRL,80.6,699112,866903,1566015,4,
2026-05-26 10:37:43,PRL,0.0,0,266028,266028,1,
2026-05-26 10:39:43,PRL,9999.0,731174,0,731174,3,
2026-05-26 10:40:43,PRL,9999.0,50000,0,50000,1,
2026-05-26 10:43:43,PRL,9999.0,49975,0,49975,1,
2026-05-26 10:45:43,PRL,559.2,600250,107337,707587,3,
2026-05-26 10:47:43,PRL,9999.0,1638040,0,1638040,4,
2026-05-26 10:48:43,PRL,2564.7,12955375,505136,13460511,36,
2026-05-26 10:50:43,PRL,0.0,0,2647641,2647641,1,
2026-05-26 10:51:43,PRL,153.3,5026632,3279129,8305761,4,
2026-05-26 10:54:43,PRL,0.0,0,4178697,4178697,2,
2026-05-26 10:57:43,PRL,0.0,0,162470,162470,4,
2026-05-26 11:03:43,PRL,160.3,1344686,838702,2183388,3,
2026-05-26 11:05:43,PRL,0.0,0,12003780,12003780,4,
2026-05-26 11:06:43,PRL,99.9,351296,351648,702944,2,
2026-05-26 11:09:43,PRL,9999.0,40000,0,40000,1,
2026-05-26 11:11:43,PRL,170.5,784350,460148,1244498,2,
2026-05-26 11:12:43,PRL,9999.0,500000,0,500000,1,
2026-05-26 11:15:43,PRL,9999.0,1500000,0,1500000,1,
2026-05-26 11:18:43,PRL,9999.0,1155907,0,1155907,1,
2026-05-26 11:27:43,PRL,9999.0,780000,0,780000,3,
2026-05-26 11:29:43,PRL,9999.0,812500,0,812500,2,
2026-05-26 11:30:43,PRL,9999.0,1783334,0,1783334,2,
2026-05-26 11:32:43,PRL,9999.0,2039832,0,2039832,1,
2026-05-26 11:35:43,PRL,9999.0,4908396,0,4908396,6,
2026-05-26 11:37:43,PRL,142.2,2663757,1873743,4537500,3,
2026-05-26 11:38:43,PRL,0.0,0,80538,80538,2,
2026-05-26 11:42:43,PRL,0.0,0,398097,398097,1,
2026-05-26 11:45:43,PRL,0.0,0,3253877,3253877,1,
2026-05-26 11:46:43,PRL,0.0,0,108564,108564,1,
2026-05-26 11:49:43,PRL,0.0,0,5000000,5000000,1,
2026-05-26 11:51:43,PRL,9999.0,189987,0,189987,1,
2026-05-26 11:53:43,PRL,9999.0,77324,0,77324,4,
2026-05-26 11:54:43,PRL,9999.0,74276,0,74276,4,
2026-05-26 11:55:43,PRL,0.6,18107,3240810,3258916,8,
2026-05-26 11:56:43,PRL,9999.0,2940302,0,2940302,2,
2026-05-26 11:57:43,PRL,0.0,0,6448000,6448000,6,
2026-05-26 11:58:43,PRL,0.0,0,2974573,2974573,5,
2026-05-26 11:59:43,PRL,0.0,0,11617431,11617431,12,
2026-05-26 12:00:43,PRL,15.9,708794,4453207,5162001,8,
2026-05-26 12:04:43,PRL,9999.0,589207,0,589207,6,
2026-05-26 12:05:43,PRL,9999.0,2893886,0,2893886,23,
2026-05-26 12:06:43,PRL,9999.0,736560,0,736560,8,
2026-05-26 12:07:43,PRL,9999.0,741024,0,741024,7,
2026-05-26 12:08:43,PRL,9999.0,225760,0,225760,4,
2026-05-26 12:10:43,PRL,9999.0,245024,0,245024,3,
2026-05-26 12:11:43,PRL,9999.0,1139560,0,1139560,13,
2026-05-26 12:12:43,PRL,9999.0,858136,0,858136,3,
2026-05-26 12:13:43,PRL,9999.0,3993785,0,3993785,11,
2026-05-26 12:14:43,PRL,0.0,0,426545,426545,1,
2026-05-26 12:16:43,PRL,0.0,0,554780,554780,1,
2026-05-26 12:17:43,PRL,0.0,0,93415,93415,2,
2026-05-26 12:18:43,PRL,1.7,52268,3036072,3088340,6,
2026-05-26 12:20:43,PRL,9999.0,1309497,0,1309497,1,
2026-05-26 12:24:43,PRL,9999.0,784178,0,784178,1,
2026-05-26 12:27:44,PRL,0.0,0,1932809,1932809,9,
2026-05-26 12:28:44,PRL,10.3,166821,1623000,1789821,7,
2026-05-26 12:31:44,PRL,0.0,0,1566069,1566069,3,
2026-05-26 12:32:44,PRL,9999.0,98704,0,98704,1,
2026-05-26 12:33:44,PRL,9999.0,671883,0,671883,1,
2026-05-26 12:34:44,PRL,30.9,200000,646565,846565,5,
2026-05-26 12:35:44,PRL,102.4,71650,69987,141637,3,
2026-05-26 12:40:44,PRL,9999.0,5000,0,5000,1,
2026-05-26 12:47:44,PRL,9999.0,98833,0,98833,2,
2026-05-26 12:50:44,PRL,9999.0,1008284,0,1008284,2,
2026-05-26 12:51:44,PRL,9999.0,91312,0,91312,2,
2026-05-26 12:53:44,PRL,9999.0,10000,0,10000,1,
2026-05-26 12:54:44,PRL,9999.0,319920,0,319920,1,
2026-05-26 12:55:44,PRL,9999.0,2217514,0,2217514,6,
2026-05-26 13:06:44,PRL,9999.0,1032540,0,1032540,4,
2026-05-26 13:08:44,PRL,0.0,0,2069390,2069390,1,
2026-05-26 13:09:44,PRL,2542.9,1630466,64119,1694584,2,
2026-05-26 13:12:44,PRL,0.0,0,2480000,2480000,1,
2026-05-26 13:14:44,PRL,0.0,0,832589,832589,2,
2026-05-26 13:15:44,PRL,0.0,0,17360,17360,1,
2026-05-26 13:16:44,PRL,0.0,0,1479806,1479806,2,
2026-05-26 13:17:44,PRL,0.0,0,2470000,2470000,7,
2026-05-26 13:20:44,PRL,0.0,0,88673,88673,1,
2026-05-26 13:21:44,PRL,0.0,0,8723701,8723701,8,
2026-05-26 13:26:44,PRL,0.0,0,3580627,3580627,6,
2026-05-26 13:27:44,PRL,9999.0,46558,0,46558,2,
2026-05-26 13:31:44,PRL,0.0,0,702559,702559,2,
2026-05-26 13:33:44,PRL,159.3,4250960,2669148,6920108,4,
2026-05-26 13:34:44,PRL,27.6,3138013,11365909,14503922,10,
2026-05-26 13:35:44,PRL,9999.0,100000,0,100000,1,
2026-05-26 13:36:44,PRL,9999.0,288173,0,288173,1,
2026-05-26 13:39:44,PRL,0.0,0,1000000,1000000,1,
2026-05-26 13:43:44,PRL,9999.0,649890,0,649890,1,
2026-05-26 13:44:44,PRL,9999.0,524574,0,524574,1,
2026-05-26 13:45:44,PRL,9999.0,346359,0,346359,4,
2026-05-26 13:46:44,PRL,9999.0,2056881,0,2056881,11,
2026-05-26 13:52:44,PRL,9999.0,1287791,0,1287791,8,
2026-05-26 13:53:44,PRL,9999.0,1666721,0,1666721,7,
2026-05-26 13:57:44,PRL,0.0,0,4489125,4489125,3,
2026-05-26 14:02:44,PRL,11.2,28920,259341,288261,4,
2026-05-26 14:03:44,PRL,18.2,454846,2502408,2957254,7,
2026-05-26 14:05:44,PRL,9999.0,3675301,0,3675301,6,
2026-05-26 14:08:44,PRL,9999.0,10000,0,10000,1,
2026-05-26 14:11:44,PRL,9999.0,85000,0,85000,1,
2026-05-26 14:14:44,PRL,9999.0,188265,0,188265,1,
2026-05-26 14:16:44,PRL,9999.0,970934,0,970934,2,
2026-05-26 14:20:44,PRL,13771.0,688689,5001,693690,2,
2026-05-26 14:21:44,PRL,9999.0,10000,0,10000,1,
2026-05-26 14:22:44,PRL,0.0,0,350000,350000,2,
2026-05-26 14:30:44,PRL,9999.0,812500,0,812500,1,
2026-05-26 14:31:44,PRL,1182.0,340475,28804,369279,2,
2026-05-26 14:32:44,PRL,9999.0,1705001,0,1705001,4,
2026-05-26 14:33:44,PRL,330.9,1654263,500000,2154263,5,
2026-05-26 14:35:44,PRL,9999.0,5448194,0,5448194,13,
2026-05-26 14:37:44,PRL,0.0,0,556515,556515,1,
2026-05-26 14:39:44,PRL,0.0,0,129502,129502,1,
2026-05-26 14:47:44,PRL,86.4,1182732,1369006,2551738,5,
2026-05-26 14:48:44,PRL,1.6,15090,963166,978256,4,
2026-05-26 14:50:44,PRL,314.7,5726749,1819778,7546527,4,
2026-05-26 14:51:44,PRL,9999.0,2387889,0,2387889,3,
2026-05-26 14:53:44,PRL,5433.0,405837,7470,413307,3,
2026-05-26 14:55:44,PRL,9999.0,1114996,0,1114996,2,
2026-05-26 15:00:44,PRL,0.0,0,184783,184783,1,
2026-05-26 15:07:44,PRL,0.0,0,397414,397414,1,
2026-05-26 15:20:44,PRL,0.0,0,151034,151034,1,
2026-05-26 15:21:44,PRL,0.0,0,2558430,2558430,1,
2026-05-26 15:28:44,PRL,0.0,0,39816,39816,2,
2026-05-26 15:29:44,PRL,0.0,0,32987,32987,2,
2026-05-26 15:35:44,PRL,78.6,1293623,1646679,2940302,5,
2026-05-26 15:39:44,PRL,23.6,300378,1271816,1572194,3,
2026-05-26 15:44:44,PRL,99.9,9990,10000,19990,2,
2026-05-26 15:51:44,PRL,9999.0,5807477,0,5807477,10,
2026-05-26 15:52:44,PRL,0.0,0,252813,252813,1,
2026-05-26 15:53:44,PRL,9999.0,200000,0,200000,1,
2026-05-26 15:56:44,PRL,204.2,6250844,3060662,9311506,6,
2026-05-26 15:57:44,PRL,9999.0,403200,0,403200,1,
2026-05-26 15:59:44,PRL,9999.0,59082,0,59082,3,
2026-05-26 16:01:44,PRL,9999.0,431247,0,431247,3,
2026-05-26 16:02:44,PRL,0.0,0,195458,195458,1,
2026-05-26 16:05:44,PRL,0.0,0,96952,96952,1,
2026-05-26 16:09:44,PRL,232.4,3496333,1504189,5000523,6,
2026-05-26 16:12:44,PRL,0.0,0,533758,533758,3,
2026-05-26 16:14:44,PRL,0.0,0,199200,199200,2,
2026-05-26 16:24:44,PRL,0.0,0,1392063,1392063,3,
2026-05-26 16:29:44,PRL,9999.0,5001,0,5001,1,
2026-05-26 16:32:44,PRL,9999.0,197818,0,197818,1,
2026-05-26 16:33:44,PRL,0.0,0,500000,500000,4,
2026-05-26 16:36:44,PRL,0.0,0,24900,24900,1,
2026-05-26 16:38:44,PRL,98.2,7515,7650,15165,2,
2026-05-26 16:46:44,PRL,9999.0,10080,0,10080,1,
2026-05-26 16:48:44,PRL,0.0,0,5100,5100,2,
2026-05-26 16:49:44,PRL,9999.0,4902,0,4902,1,
2026-05-26 16:53:44,PRL,0.0,0,1336256,1336256,2,
2026-05-26 16:54:44,PRL,2.5,20000,796800,816800,2,
2026-05-26 16:56:44,PRL,6.2,1177703,18931081,20108784,14,
2026-05-26 16:57:44,PRL,9999.0,30120,0,30120,1,
2026-05-26 17:02:44,PRL,214.0,1277509,596848,1874357,3,
2026-05-26 17:08:44,PRL,104.3,2221362,2128943,4350305,8,
2026-05-26 17:10:44,PRL,9999.0,1000000,0,1000000,3,
2026-05-26 17:11:44,PRL,9999.0,1338760,0,1338760,2,
2026-05-26 17:18:44,PRL,82.7,1919552,2322051,4241603,8,
2026-05-26 17:25:44,PRL,9999.0,341972,0,341972,3,
2026-05-26 17:26:44,PRL,9999.0,145776,0,145776,1,
2026-05-26 17:27:44,PRL,0.0,0,124900,124900,2,
2026-05-26 17:28:44,PRL,9999.0,366538,0,366538,2,
2026-05-26 17:29:44,PRL,0.0,0,623693,623693,1,
2026-05-26 17:33:44,PRL,0.0,0,4932720,4932720,7,
2026-05-26 17:34:44,PRL,9999.0,481041,0,481041,2,
2026-05-26 17:35:44,PRL,35.8,883203,2466360,3349563,4,
2026-05-26 17:36:44,PRL,0.0,0,1233180,1233180,9,
2026-05-26 17:38:44,PRL,9999.0,3713076,0,3713076,9,
2026-05-26 17:39:44,PRL,9999.0,2292453,0,2292453,4,
2026-05-26 17:40:44,PRL,0.0,0,588652,588652,1,
2026-05-26 17:42:44,PRL,0.0,0,3009669,3009669,7,
2026-05-26 17:43:44,PRL,0.0,0,1163848,1163848,3,
2026-05-26 17:44:44,PRL,19.3,499750,2583380,3083130,2,
2026-05-26 17:46:44,PRL,0.0,0,2527253,2527253,3,
2026-05-26 17:50:44,PRL,0.0,0,532788,532788,1,
2026-05-26 17:53:44,PRL,155.9,4267975,2738354,7006329,6,
2026-05-26 17:59:44,PRL,0.0,0,1390083,1390083,2,
2026-05-26 18:02:44,PRL,32.9,1503624,4567327,6070951,14,
2026-05-26 18:03:44,PRL,9999.0,1953261,0,1953261,6,
2026-05-26 18:04:44,PRL,9999.0,33517,0,33517,1,
2026-05-26 18:06:44,PRL,28.8,147028,510937,657965,4,
2026-05-26 18:08:44,PRL,117.9,2629445,2229841,4859285,4,
2026-05-26 18:13:44,PRL,9999.0,561251,0,561251,1,
2026-05-26 18:14:44,PRL,9999.0,932256,0,932256,3,
2026-05-26 18:15:44,PRL,9999.0,294318,0,294318,6,
2026-05-26 18:16:45,PRL,9999.0,2918617,0,2918617,9,
2026-05-26 18:17:45,PRL,9999.0,3556716,0,3556716,8,
2026-05-26 18:18:45,PRL,9999.0,147999,0,147999,3,
2026-05-26 18:20:45,PRL,0.0,0,499255,499255,1,
2026-05-26 18:30:45,PRL,0.0,0,300000,300000,4,
2026-05-26 18:33:45,PRL,0.0,0,137737,137737,3,
2026-05-26 18:35:45,PRL,0.0,0,1205000,1205000,4,
2026-05-26 18:36:45,PRL,0.0,0,562000,562000,3,
2026-05-26 18:43:45,PRL,9999.0,49600,0,49600,1,
2026-05-26 18:47:45,PRL,9999.0,91955,0,91955,3,
2026-05-26 18:50:45,PRL,9999.0,5000,0,5000,1,
2026-05-26 18:57:45,PRL,9999.0,37200,0,37200,1,
2026-05-26 19:04:45,PRL,9999.0,49600,0,49600,1,
2026-05-26 19:10:45,PRL,9999.0,19980,0,19980,1,
2026-05-26 19:11:45,PRL,9999.0,200000,0,200000,2,
2026-05-26 19:14:45,PRL,9999.0,100000,0,100000,1,
2026-05-26 19:15:45,PRL,9999.0,98196,0,98196,1,
2026-05-26 19:16:45,PRL,9999.0,307384,0,307384,3,
2026-05-26 19:17:45,PRL,9999.0,7096125,0,7096125,16,
2026-05-26 19:23:45,PRL,9999.0,6000,0,6000,1,
2026-05-26 19:25:45,PRL,9999.0,448200,0,448200,1,
2026-05-26 19:27:45,PRL,303.4,110500,36422,146922,2,
2026-05-26 19:29:45,PRL,9999.0,6233728,0,6233728,14,
2026-05-26 19:31:45,PRL,9999.0,12654,0,12654,1,
2026-05-26 19:34:45,PRL,0.0,0,15274283,15274283,5,
2026-05-26 19:37:45,PRL,9999.0,896560,0,896560,1,
2026-05-26 19:41:45,PRL,7964.1,10987621,137965,11125586,6,
2026-05-26 19:42:45,PRL,9999.0,263756,0,263756,2,
2026-05-26 19:44:45,PRL,0.0,0,5955591,5955591,1,
2026-05-26 19:45:45,PRL,1.2,21882,1870323,1892205,6,
2026-05-26 19:50:45,PRL,9999.0,20000,0,20000,1,
2026-05-26 19:55:45,PRL,0.0,0,5541330,5541330,1,
2026-05-26 19:56:45,PRL,0.0,0,2952344,2952344,1,
2026-05-26 19:59:45,PRL,1.1,24933,2195859,2220791,2,
2026-05-26 20:06:45,PRL,9999.0,299850,0,299850,1,
2026-05-26 20:12:45,PRL,9999.0,68904,0,68904,1,
2026-05-26 20:15:45,PRL,9999.0,2434066,0,2434066,2,
2026-05-26 20:19:45,PRL,9999.0,1128432,0,1128432,1,
2026-05-26 20:20:45,PRL,0.0,0,151890,151890,3,
2026-05-26 20:23:45,PRL,0.0,0,25570,25570,1,
2026-05-26 20:25:45,PRL,9999.0,30120,0,30120,2,
2026-05-26 20:32:45,PRL,9999.0,10000,0,10000,1,
2026-05-26 20:34:45,PRL,9999.0,1339586,0,1339586,1,
2026-05-26 20:35:45,PRL,9999.0,8491,0,8491,1,
2026-05-26 20:38:45,PRL,9999.0,586380,0,586380,1,
2026-05-26 20:39:45,PRL,0.0,0,365907,365907,1,
2026-05-26 20:45:45,PRL,0.0,0,10000,10000,1,
2026-05-26 20:46:45,PRL,0.0,0,54936,54936,1,
2026-05-26 20:47:45,PRL,0.0,0,39675,39675,2,
2026-05-26 20:48:45,PRL,0.0,0,2902703,2902703,4,
2026-05-26 20:50:45,PRL,0.0,0,1298332,1298332,1,
2026-05-26 20:52:45,PRL,11.3,2599388,22960359,25559746,16,
2026-05-26 20:53:45,PRL,0.0,0,831193,831193,3,
2026-05-26 20:54:45,PRL,0.0,0,141737,141737,1,
2026-05-26 20:56:45,PRL,0.0,0,80878,80878,2,
2026-05-26 20:58:45,PRL,55.3,8608700,15575636,24184336,7,
2026-05-26 21:06:45,PRL,9999.0,130089,0,130089,2,
2026-05-26 21:15:45,PRL,9999.0,1556400,0,1556400,1,
2026-05-26 21:19:45,PRL,0.0,0,1308106,1308106,1,
2026-05-26 21:21:45,PRL,0.0,0,261740,261740,3,
2026-05-26 21:25:45,PRL,9999.0,237500,0,237500,1,
2026-05-26 21:26:45,PRL,0.0,0,39816,39816,1,
2026-05-26 21:27:45,PRL,0.0,0,243934,243934,5,
2026-05-26 21:29:45,PRL,123.8,210000,169623,379623,5,
2026-05-26 21:30:45,PRL,9999.0,190000,0,190000,4,
2026-05-26 21:37:45,PRL,0.0,0,247092,247092,3,
2026-05-26 21:40:45,PRL,9999.0,444544,0,444544,1,
2026-05-26 21:42:45,PRL,9999.0,1000225,0,1000225,1,
2026-05-26 21:43:45,PRL,0.0,0,3081289,3081289,2,
2026-05-26 21:44:45,PRL,0.0,0,5056,5056,2,
2026-05-26 21:45:45,PRL,9999.0,60691,0,60691,2,
2026-05-26 21:46:45,PRL,9999.0,115236,0,115236,1,
2026-05-26 21:49:45,PRL,9999.0,172825,0,172825,1,
2026-05-26 21:50:45,PRL,9999.0,10000,0,10000,1,
2026-05-26 21:52:45,PRL,9999.0,5000,0,5000,1,
2026-05-26 21:57:45,PRL,9999.0,9995,0,9995,1,
2026-05-26 22:05:45,PRL,9999.0,537500,0,537500,2,
2026-05-26 22:09:45,PRL,9999.0,100000,0,100000,2,
2026-05-26 22:13:45,PRL,8157.1,412469,5057,417526,6,
2026-05-26 22:18:45,PRL,339.0,677700,199900,877600,2,
2026-05-26 22:27:45,PRL,0.0,0,2188154,2188154,3,
2026-05-26 22:31:45,PRL,0.0,0,227840,227840,6,
2026-05-26 22:35:45,PRL,475.5,58725,12350,71075,2,
2026-05-26 22:39:45,PRL,9999.0,376723,0,376723,2,
2026-05-26 22:40:45,PRL,9999.0,199800,0,199800,1,
2026-05-26 22:46:45,PRL,9999.0,29064,0,29064,2,
2026-05-26 22:49:45,PRL,9999.0,5088,0,5088,1,
2026-05-26 22:51:45,PRL,0.0,0,151781,151781,1,
2026-05-26 22:58:45,PRL,9999.0,100000,0,100000,1,
2026-05-26 23:01:45,PRL,0.0,0,130025,130025,2,
2026-05-26 23:02:45,PRL,26.7,26216,98284,124500,2,
2026-05-26 23:08:45,PRL,9999.0,24000,0,24000,1,
2026-05-26 23:09:45,PRL,9999.0,39832,0,39832,1,
2026-05-26 23:10:45,PRL,9999.0,4526639,0,4526639,2,
2026-05-26 23:15:45,PRL,0.0,0,5062,5062,1,
2026-05-26 23:23:45,PRL,0.0,0,661888,661888,2,
2026-05-26 23:24:45,PRL,9999.0,12000,0,12000,1,
2026-05-26 23:29:45,PRL,0.0,0,52257,52257,1,
2026-05-26 23:31:45,PRL,0.0,0,160854,160854,1,
2026-05-26 23:32:45,PRL,0.0,0,499500,499500,3,
2026-05-26 23:34:45,PRL,18295.2,1181254,6457,1187711,2,
2026-05-26 23:38:45,PRL,0.0,0,1626564,1626564,7,
2026-05-26 23:39:45,PRL,0.0,0,2635964,2635964,12,
2026-05-26 23:40:45,PRL,0.0,0,2467753,2467753,8,
2026-05-26 23:41:45,PRL,0.0,0,367042,367042,3,
2026-05-26 23:42:45,PRL,0.0,0,3582450,3582450,10,
2026-05-26 23:43:45,PRL,0.0,0,12111515,12111515,23,
2026-05-26 23:44:45,PRL,0.0,0,574699,574699,2,
2026-05-26 23:49:45,PRL,9999.0,1830215,0,1830215,8,
2026-05-26 23:51:45,PRL,9999.0,1577415,0,1577415,9,
2026-05-26 23:52:45,PRL,9999.0,5383425,0,5383425,12,
2026-05-26 23:53:45,PRL,9999.0,700631,0,700631,6,
2026-05-26 23:54:45,PRL,9999.0,37119,0,37119,2,
2026-05-26 23:55:45,PRL,0.0,0,9963,9963,1,
2026-05-26 23:56:45,PRL,9999.0,259302,0,259302,2,
