2026-05-26 00:03:41,PROS,99.9,10001,10011,20012,2,
2026-05-26 00:04:41,PROS,1.7,74837,4465730,4540567,7,
2026-05-26 00:07:41,PROS,87.8,998417,1137350,2135767,3,
2026-05-26 00:08:41,PROS,0.0,0,1286337,1286337,5,
2026-05-26 00:09:41,PROS,0.0,0,525648,525648,4,
2026-05-26 00:10:41,PROS,0.0,0,4762989,4762989,6,
2026-05-26 00:11:41,PROS,9999.0,4537743,0,4537743,2,
2026-05-26 00:12:41,PROS,9999.0,999875,0,999875,1,
2026-05-26 00:13:41,PROS,16.7,714949,4274363,4989312,6,
2026-05-26 00:14:41,PROS,16.6,663193,3994509,4657702,4,
2026-05-26 00:15:41,PROS,0.0,0,3633101,3633101,7,
2026-05-26 00:18:41,PROS,0.0,0,200253,200253,3,
2026-05-26 00:19:41,PROS,0.0,0,66520,66520,1,
2026-05-26 00:20:41,PROS,0.0,0,7836012,7836012,19,
2026-05-26 00:21:41,PROS,0.0,0,13054764,13054764,19,
2026-05-26 00:22:41,PROS,0.0,0,12243390,12243390,12,
2026-05-26 00:23:41,PROS,0.1,12760,17438860,17451620,18,
2026-05-26 00:24:41,PROS,0.0,0,28524322,28524322,39,
2026-05-26 00:27:41,PROS,5.1,85561,1686175,1771736,14,
2026-05-26 00:28:41,PROS,0.0,0,919905,919905,5,
2026-05-26 00:29:41,PROS,8.3,758083,9156709,9914793,24,
2026-05-26 00:30:41,PROS,9.8,419967,4306971,4726937,20,
2026-05-26 00:31:41,PROS,9999.0,5500,0,5500,1,
2026-05-26 00:32:41,PROS,21.3,6096700,28575083,34671783,32,
2026-05-26 00:33:41,PROS,9999.0,559392,0,559392,3,
2026-05-26 00:35:41,PROS,132.1,411728,311608,723335,4,
2026-05-26 00:36:41,PROS,245.4,3345626,1363304,4708931,6,
2026-05-26 00:37:41,PROS,10.1,1412539,13937942,15350481,29,
2026-05-26 00:39:41,PROS,0.0,0,55198,55198,1,
2026-05-26 00:40:41,PROS,0.0,0,117585,117585,2,
2026-05-26 00:41:41,PROS,0.0,0,62963,62963,1,
2026-05-26 00:43:41,PROS,52.9,159222,300806,460028,5,
2026-05-26 00:44:41,PROS,0.0,0,691283,691283,4,
2026-05-26 00:45:41,PROS,0.0,0,1658205,1658205,6,
2026-05-26 00:46:41,PROS,0.0,0,176454,176454,1,
2026-05-26 00:49:41,PROS,0.0,0,365861,365861,1,
2026-05-26 00:50:41,PROS,245.8,7317277,2977085,10294362,7,
2026-05-26 00:51:41,PROS,45.6,1130662,2479169,3609831,9,
2026-05-26 00:52:41,PROS,0.0,0,197356,197356,1,
2026-05-26 00:53:41,PROS,0.0,0,943983,943983,4,
2026-05-26 00:59:41,PROS,0.0,0,1000000,1000000,1,
2026-05-26 01:01:42,PROS,9999.0,500000,0,500000,1,
2026-05-26 01:09:42,PROS,0.0,0,132665,132665,1,
2026-05-26 01:10:42,PROS,0.0,0,62444,62444,1,
2026-05-26 01:11:42,PROS,0.0,0,3081828,3081828,10,
2026-05-26 01:14:42,PROS,0.0,0,1653245,1653245,4,
2026-05-26 01:16:42,PROS,0.0,0,4494991,4494991,4,
2026-05-26 01:20:42,PROS,138.4,26425272,19097160,45522432,20,
2026-05-26 01:21:42,PROS,0.0,0,5663950,5663950,4,
2026-05-26 01:22:42,PROS,132.7,1494646,1126187,2620833,3,
2026-05-26 01:25:42,PROS,0.0,0,12670,12670,1,
2026-05-26 01:28:42,PROS,0.0,0,4446812,4446812,9,
2026-05-26 01:29:42,PROS,0.0,0,1839913,1839913,4,
2026-05-26 01:30:42,PROS,0.0,0,696709,696709,2,
2026-05-26 01:31:42,PROS,11.7,679813,5813005,6492817,8,
2026-05-26 01:35:42,PROS,0.0,0,2482279,2482279,7,
2026-05-26 01:36:42,PROS,0.0,0,163526,163526,2,
2026-05-26 01:38:42,PROS,9999.0,1129664,0,1129664,3,
2026-05-26 01:42:42,PROS,9999.0,331523,0,331523,1,
2026-05-26 01:44:42,PROS,347.1,3140156,904611,4044767,7,
2026-05-26 01:45:42,PROS,0.0,0,1344483,1344483,2,
2026-05-26 01:48:42,PROS,839.6,2229814,265594,2495408,3,
2026-05-26 01:49:42,PROS,0.0,0,234156,234156,1,
2026-05-26 01:50:42,PROS,9999.0,99973,0,99973,2,
2026-05-26 01:51:42,PROS,0.0,0,242764,242764,2,
2026-05-26 01:52:42,PROS,298.2,2985693,1001296,3986989,10,
2026-05-26 01:55:42,PROS,0.0,0,146008,146008,2,
2026-05-26 01:57:42,PROS,9999.0,82640,0,82640,1,
2026-05-26 01:59:42,PROS,0.0,0,426529,426529,1,
2026-05-26 02:01:42,PROS,9999.0,29401,0,29401,1,
2026-05-26 02:02:42,PROS,9999.0,50272,0,50272,2,
2026-05-26 02:04:42,PROS,0.0,0,31430,31430,2,
2026-05-26 02:05:42,PROS,9999.0,127937,0,127937,2,
2026-05-26 02:06:42,PROS,0.0,0,62751,62751,2,
2026-05-26 02:08:42,PROS,0.0,0,301602,301602,3,
2026-05-26 02:10:42,PROS,0.0,0,1033302,1033302,3,
2026-05-26 02:11:42,PROS,0.0,0,529724,529724,2,
2026-05-26 02:12:42,PROS,0.0,0,272668,272668,1,
2026-05-26 02:14:42,PROS,0.0,0,2000000,2000000,3,
2026-05-26 02:17:42,PROS,12.6,69065,546664,615729,7,
2026-05-26 02:22:42,PROS,9999.0,4307966,0,4307966,3,
2026-05-26 02:23:42,PROS,9999.0,10000,0,10000,1,
2026-05-26 02:26:42,PROS,0.0,0,3295845,3295845,14,
2026-05-26 02:28:42,PROS,9999.0,49285,0,49285,5,
2026-05-26 02:29:42,PROS,8.0,11828,148241,160069,6,
2026-05-26 02:30:42,PROS,9999.0,164508,0,164508,2,
2026-05-26 02:31:42,PROS,0.0,0,750555,750555,3,
2026-05-26 02:33:42,PROS,0.0,0,19702,19702,2,
2026-05-26 02:34:42,PROS,9999.0,24452,0,24452,3,
2026-05-26 02:35:42,PROS,9999.0,645532,0,645532,1,
2026-05-26 02:36:42,PROS,9999.0,253827,0,253827,2,
2026-05-26 02:38:42,PROS,0.0,0,657235,657235,6,
2026-05-26 02:42:42,PROS,0.0,0,21700,21700,1,
2026-05-26 02:46:42,PROS,0.0,0,52046,52046,1,
2026-05-26 02:51:42,PROS,0.0,0,1093430,1093430,2,
2026-05-26 02:52:42,PROS,0.0,0,536245,536245,3,
2026-05-26 02:53:42,PROS,0.0,0,2953705,2953705,2,
2026-05-26 02:56:42,PROS,9999.0,707075,0,707075,1,
2026-05-26 02:58:42,PROS,0.0,0,584856,584856,4,
2026-05-26 02:59:42,PROS,4.9,40332,821963,862295,2,
2026-05-26 03:00:42,PROS,0.0,0,726587,726587,1,
2026-05-26 03:03:42,PROS,36.0,262468,728387,990855,3,
2026-05-26 03:06:42,PROS,0.0,0,104163,104163,1,
2026-05-26 03:09:42,PROS,0.0,0,806690,806690,6,
2026-05-26 03:10:42,PROS,0.0,0,5656027,5656027,4,
2026-05-26 03:14:42,PROS,0.0,0,272166,272166,1,
2026-05-26 03:16:42,PROS,30.2,689043,2283182,2972225,7,
2026-05-26 03:19:42,PROS,344.7,3880251,1125596,5005848,5,
2026-05-26 03:37:42,PROS,9999.0,1094400,0,1094400,1,
2026-05-26 03:38:42,PROS,0.0,0,781532,781532,4,
2026-05-26 03:40:42,PROS,0.0,0,1164045,1164045,3,
2026-05-26 03:49:42,PROS,0.0,0,3163165,3163165,7,
2026-05-26 03:56:42,PROS,9999.0,1116338,0,1116338,2,
2026-05-26 03:59:42,PROS,0.0,0,123524,123524,2,
2026-05-26 04:00:42,PROS,0.0,0,649726,649726,1,
2026-05-26 04:01:42,PROS,0.0,0,4069688,4069688,7,
2026-05-26 04:02:42,PROS,0.0,0,4636689,4636689,9,
2026-05-26 04:24:42,PROS,0.0,0,842721,842721,2,
2026-05-26 04:26:42,PROS,0.0,0,1688248,1688248,9,
2026-05-26 04:27:42,PROS,137.9,1422150,1030921,2453071,5,
2026-05-26 04:29:42,PROS,0.0,0,616505,616505,1,
2026-05-26 04:31:42,PROS,0.0,0,1446614,1446614,3,
2026-05-26 04:34:42,PROS,0.0,0,954223,954223,7,
2026-05-26 04:35:42,PROS,0.0,0,3692853,3692853,8,
2026-05-26 04:36:42,PROS,0.0,0,138480,138480,2,
2026-05-26 04:37:42,PROS,0.0,0,696150,696150,2,
2026-05-26 04:40:42,PROS,0.0,0,3826568,3826568,7,
2026-05-26 04:41:42,PROS,0.0,0,2143871,2143871,8,
2026-05-26 04:43:42,PROS,0.0,0,265070,265070,2,
2026-05-26 04:44:42,PROS,0.0,0,500000,500000,2,
2026-05-26 04:47:42,PROS,0.0,0,945507,945507,2,
2026-05-26 04:49:42,PROS,0.0,0,10000,10000,1,
2026-05-26 04:59:42,PROS,0.0,0,2000000,2000000,2,
2026-05-26 05:04:42,PROS,0.0,0,41109,41109,1,
2026-05-26 05:09:42,PROS,0.0,0,1051107,1051107,3,
2026-05-26 05:10:42,PROS,0.0,0,2422894,2422894,5,
2026-05-26 05:11:42,PROS,0.0,0,5198640,5198640,12,
2026-05-26 05:12:42,PROS,385.7,909501,235806,1145308,2,
2026-05-26 05:23:42,PROS,9999.0,69895,0,69895,1,
2026-05-26 05:28:42,PROS,0.0,0,109440,109440,1,
2026-05-26 05:29:42,PROS,0.0,0,135888,135888,2,
2026-05-26 05:31:42,PROS,0.0,0,916902,916902,5,
2026-05-26 05:32:42,PROS,0.0,0,109327,109327,1,
2026-05-26 05:36:42,PROS,0.0,0,125675,125675,2,
2026-05-26 05:37:42,PROS,0.0,0,297897,297897,2,
2026-05-26 05:38:42,PROS,0.0,0,649073,649073,1,
2026-05-26 05:39:42,PROS,0.0,0,1622205,1622205,2,
2026-05-26 05:40:42,PROS,0.0,0,512356,512356,1,
2026-05-26 05:41:42,PROS,0.0,0,3978577,3978577,10,
2026-05-26 05:42:42,PROS,0.0,0,8797707,8797707,9,
2026-05-26 05:43:42,PROS,201.2,3086875,1534548,4621423,6,
2026-05-26 05:44:42,PROS,9999.0,545448,0,545448,1,
2026-05-26 05:47:42,PROS,745.4,4829882,647918,5477799,5,
2026-05-26 05:48:42,PROS,0.0,0,913166,913166,2,
2026-05-26 05:49:42,PROS,0.0,0,438917,438917,1,
2026-05-26 05:50:42,PROS,9999.0,332880,0,332880,1,
2026-05-26 05:53:42,PROS,0.0,0,57254,57254,1,
2026-05-26 05:54:42,PROS,0.0,0,3994655,3994655,8,
2026-05-26 05:55:42,PROS,6.7,99922,1495622,1595544,2,
2026-05-26 05:56:42,PROS,0.0,0,340795,340795,1,
2026-05-26 05:59:42,PROS,0.0,0,1381248,1381248,1,
2026-05-26 06:00:42,PROS,0.0,0,99812,99812,1,
2026-05-26 06:01:42,PROS,0.0,0,11785252,11785252,11,
2026-05-26 06:02:42,PROS,0.0,0,562196,562196,2,
2026-05-26 06:03:42,PROS,9999.0,395887,0,395887,1,
2026-05-26 06:04:42,PROS,9999.0,712249,0,712249,3,
2026-05-26 06:05:42,PROS,0.0,0,1180648,1180649,2,
2026-05-26 06:06:42,PROS,120.0,3065094,2554969,5620063,5,
2026-05-26 06:07:42,PROS,0.0,0,869523,869523,1,
2026-05-26 06:11:42,PROS,9999.0,6241875,0,6241875,2,
2026-05-26 06:12:42,PROS,0.0,0,576798,576798,1,
2026-05-26 06:13:42,PROS,6.8,262206,3846673,4108879,9,
2026-05-26 06:16:42,PROS,0.0,0,113480,113480,1,
2026-05-26 06:17:42,PROS,0.0,0,66182,66182,1,
2026-05-26 06:18:42,PROS,0.0,0,552700,552700,1,
2026-05-26 06:20:42,PROS,0.0,0,1563147,1563147,3,
2026-05-26 06:21:42,PROS,0.0,0,125973,125973,1,
2026-05-26 06:27:42,PROS,0.0,0,640356,640356,3,
2026-05-26 06:28:42,PROS,0.0,0,910616,910616,2,
2026-05-26 06:29:42,PROS,0.0,0,1347068,1347068,3,
2026-05-26 06:30:42,PROS,0.0,0,6482551,6482551,17,
2026-05-26 06:31:42,PROS,81.7,5818112,7121668,12939780,5,
2026-05-26 06:40:43,PROS,0.0,0,254483,254483,2,
2026-05-26 06:41:43,PROS,0.0,0,191242,191242,1,
2026-05-26 06:42:43,PROS,0.0,0,578030,578030,5,
2026-05-26 06:47:43,PROS,9999.0,100220,0,100220,1,
2026-05-26 06:48:43,PROS,0.0,0,540578,540578,2,
2026-05-26 06:49:43,PROS,9999.0,1000000,0,1000000,2,
2026-05-26 06:52:43,PROS,76.7,1885386,2459333,4344719,4,
2026-05-26 06:54:43,PROS,9999.0,110273,0,110273,1,
2026-05-26 06:55:43,PROS,110.3,2208060,2001928,4209988,8,
2026-05-26 06:56:43,PROS,9999.0,173312,0,173312,1,
2026-05-26 06:58:43,PROS,0.0,0,1853708,1853708,9,
2026-05-26 07:04:43,PROS,0.0,0,784035,784035,5,
2026-05-26 07:11:43,PROS,0.0,0,8247425,8247425,8,
2026-05-26 07:14:43,PROS,0.0,0,1540200,1540200,2,
2026-05-26 07:17:43,PROS,9999.0,22049,0,22049,1,
2026-05-26 07:19:43,PROS,9999.0,12000,0,12000,1,
2026-05-26 07:22:43,PROS,9999.0,1616833,0,1616833,2,
2026-05-26 07:27:43,PROS,7.6,368090,4872062,5240153,5,
2026-05-26 07:33:43,PROS,99.9,252246,252499,504745,2,
2026-05-26 07:34:43,PROS,9999.0,100000,0,100000,1,
2026-05-26 07:35:43,PROS,0.7,38313,5521816,5560129,4,
2026-05-26 07:36:43,PROS,0.0,0,6951769,6951769,5,
2026-05-26 07:37:43,PROS,0.0,0,1541027,1541027,3,
2026-05-26 07:38:43,PROS,9999.0,14058,0,14058,1,
2026-05-26 07:39:43,PROS,9999.0,398770,0,398770,1,
2026-05-26 07:41:43,PROS,196.2,1155421,588905,1744326,9,
2026-05-26 07:44:43,PROS,96.0,1444982,1505771,2950753,5,
2026-05-26 07:45:43,PROS,66.7,1999416,2998085,4997501,3,
2026-05-26 07:47:43,PROS,9999.0,115245,0,115245,1,
2026-05-26 07:49:43,PROS,9999.0,5005,0,5005,1,
2026-05-26 07:51:43,PROS,9999.0,1000002,0,1000002,2,
2026-05-26 07:54:43,PROS,9999.0,1999416,0,1999416,2,
2026-05-26 07:57:43,PROS,0.0,0,172419,172419,2,
2026-05-26 07:59:43,PROS,1145.7,3867143,337532,4204675,17,
2026-05-26 08:00:43,PROS,744.5,5207016,699426,5906442,15,
2026-05-26 08:05:43,PROS,89.2,1571364,1760992,3332357,3,
2026-05-26 08:07:43,PROS,0.0,0,8533447,8533447,3,
2026-05-26 08:08:43,PROS,0.0,0,5450110,5450110,5,
2026-05-26 08:10:43,PROS,596.2,59616,10000,69616,3,
2026-05-26 08:14:43,PROS,0.0,0,2643699,2643699,5,
2026-05-26 08:17:43,PROS,0.0,0,547785,547785,1,
2026-05-26 08:23:43,PROS,0.0,0,651717,651717,1,
2026-05-26 08:24:43,PROS,7648.1,2933443,38355,2971798,3,
2026-05-26 08:25:43,PROS,9999.0,399600,0,399600,1,
2026-05-26 08:26:43,PROS,9999.0,5629614,0,5629614,7,
2026-05-26 08:27:43,PROS,0.0,0,28983,28983,1,
2026-05-26 08:29:43,PROS,9999.0,40000,0,40000,1,
2026-05-26 08:30:43,PROS,357.5,3875201,1083933,4959134,2,
2026-05-26 08:32:43,PROS,127.0,6628569,5218047,11846617,7,
2026-05-26 08:33:43,PROS,0.0,0,3189006,3189006,6,
2026-05-26 08:35:43,PROS,4.0,99897,2484562,2584459,4,
2026-05-26 08:40:43,PROS,0.0,0,2165391,2165391,2,
2026-05-26 08:42:43,PROS,0.0,0,1306838,1306838,2,
2026-05-26 08:43:43,PROS,0.0,0,1545982,1545982,5,
2026-05-26 08:48:43,PROS,9999.0,89812,0,89812,1,
2026-05-26 08:50:43,PROS,9999.0,112834,0,112834,1,
2026-05-26 08:51:43,PROS,0.0,0,120349,120349,2,
2026-05-26 08:53:43,PROS,0.0,0,173917,173917,1,
2026-05-26 08:54:43,PROS,0.0,0,72076,72076,1,
2026-05-26 08:57:43,PROS,0.0,0,822279,822279,2,
2026-05-26 09:00:43,PROS,44.8,431147,962103,1393250,7,
2026-05-26 09:01:43,PROS,25.4,368796,1451945,1820742,13,
2026-05-26 09:02:43,PROS,0.0,0,5263741,5263741,5,
2026-05-26 09:03:43,PROS,0.0,0,172966,172966,2,
2026-05-26 09:04:43,PROS,0.0,0,1257162,1257162,2,
2026-05-26 09:05:43,PROS,125.4,2348603,1873441,4222043,4,
2026-05-26 09:06:43,PROS,0.1,2057,3095111,3097168,5,
2026-05-26 09:07:43,PROS,0.0,0,503872,503872,2,
2026-05-26 09:08:43,PROS,0.0,0,267027,267027,4,
2026-05-26 09:09:43,PROS,245.5,18196666,7412360,25609026,21,
2026-05-26 09:10:43,PROS,188.6,12520870,6637190,19158060,30,
2026-05-26 09:11:43,PROS,760.2,631918,83121,715039,2,
2026-05-26 09:12:43,PROS,0.0,0,10851879,10851879,8,
2026-05-26 09:13:43,PROS,0.0,0,299850,299850,1,
2026-05-26 09:14:43,PROS,5.7,112325,1979107,2091433,9,
2026-05-26 09:15:43,PROS,126.4,4017362,3178341,7195703,16,
2026-05-26 09:16:43,PROS,25.5,173463,679540,853003,4,
2026-05-26 09:17:43,PROS,9999.0,156590,0,156590,3,
2026-05-26 09:18:43,PROS,24.7,1816564,7360898,9177463,22,
2026-05-26 09:19:43,PROS,72.0,3860447,5363913,9224360,46,
2026-05-26 09:20:43,PROS,46.9,711046,1515115,2226161,7,
2026-05-26 09:21:43,PROS,144.4,4165991,2885964,7051954,9,
2026-05-26 09:22:43,PROS,238.3,2806415,1177550,3983965,6,
2026-05-26 09:23:43,PROS,53.2,2069240,3888559,5957799,15,
2026-05-26 09:24:43,PROS,177.5,12659425,7132878,19792303,37,
2026-05-26 09:25:43,PROS,6776.1,5082069,75000,5157069,5,
2026-05-26 09:26:43,PROS,221.0,669522,302906,972428,3,
2026-05-26 09:27:43,PROS,9999.0,186021,0,186021,1,
2026-05-26 09:28:43,PROS,9999.0,2124573,0,2124573,3,
2026-05-26 09:29:43,PROS,9999.0,400201,0,400201,5,
2026-05-26 09:30:43,PROS,263.5,17261283,6551768,23813051,15,
2026-05-26 09:31:43,PROS,4.4,24314,554363,578678,4,
2026-05-26 09:32:43,PROS,0.0,0,1244134,1244134,3,
2026-05-26 09:34:43,PROS,9999.0,112166,0,112166,2,
2026-05-26 09:35:43,PROS,9999.0,317657,0,317657,1,
2026-05-26 09:37:43,PROS,2344.4,4609671,196623,4806293,6,
2026-05-26 09:38:43,PROS,48.7,1365869,2804401,4170270,7,
2026-05-26 09:39:43,PROS,46.4,4545628,9795308,14340935,23,
2026-05-26 09:40:43,PROS,12.5,2833573,22633424,25466997,16,
2026-05-26 09:41:43,PROS,0.0,0,6711230,6711230,17,
2026-05-26 09:42:43,PROS,54.1,20371250,37632561,58003811,98,
2026-05-26 09:43:43,PROS,131.9,7913702,6001714,13915416,14,
2026-05-26 09:44:43,PROS,5.8,17062,292842,309905,3,
2026-05-26 09:45:43,PROS,31.6,7270232,22981521,30251753,25,
2026-05-26 09:46:43,PROS,9999.0,2821263,0,2821263,5,
2026-05-26 09:47:43,PROS,0.0,7029,25110652,25117681,20,
2026-05-26 09:48:43,PROS,9999.0,92140,0,92140,1,
2026-05-26 09:49:43,PROS,9999.0,49975,0,49975,1,
2026-05-26 09:50:43,PROS,134.5,116089,86311,202400,2,
2026-05-26 09:51:43,PROS,9999.0,50000,0,50000,1,
2026-05-26 09:52:43,PROS,20.1,511113,2545241,3056354,6,
2026-05-26 09:53:43,PROS,44.1,3243442,7357818,10601259,25,
2026-05-26 09:54:43,PROS,9999.0,5130815,0,5130815,17,
2026-05-26 09:55:43,PROS,0.0,0,2489423,2489423,1,
2026-05-26 09:56:43,PROS,9999.0,11321599,0,11321599,4,
2026-05-26 09:57:43,PROS,709.8,1963624,276663,2240287,12,
2026-05-26 09:58:43,PROS,2546.2,1439729,56544,1496273,8,
2026-05-26 09:59:43,PROS,129.0,1584361,1228182,2812543,8,
2026-05-26 10:00:43,PROS,61.4,4701477,7658994,12360471,22,
2026-05-26 10:01:43,PROS,1318.0,3609789,273874,3883663,11,
2026-05-26 10:02:43,PROS,14.1,1349956,9568133,10918088,6,
2026-05-26 10:03:43,PROS,0.0,0,57720,57720,1,
2026-05-26 10:04:43,PROS,552.5,999500,180889,1180390,3,
2026-05-26 10:05:43,PROS,0.0,0,11426096,11426096,10,
2026-05-26 10:06:43,PROS,13.1,331435,2530814,2862250,9,
2026-05-26 10:07:43,PROS,0.0,0,136373,136373,1,
2026-05-26 10:08:43,PROS,0.0,0,73680,73680,1,
2026-05-26 10:09:43,PROS,0.0,0,73763,73763,1,
2026-05-26 10:10:43,PROS,1.8,33542,1858724,1892266,5,
2026-05-26 10:12:43,PROS,9999.0,758333,0,758333,4,
2026-05-26 10:13:43,PROS,2629.2,21233256,807592,22040849,28,
2026-05-26 10:14:43,PROS,9999.0,592947,0,592947,1,
2026-05-26 10:15:43,PROS,9999.0,1841382,0,1841382,8,
2026-05-26 10:16:43,PROS,2.5,4049,164443,168492,4,
2026-05-26 10:17:43,PROS,0.0,0,399866,399866,3,
2026-05-26 10:18:43,PROS,4.1,654560,16141463,16796023,12,
2026-05-26 10:19:43,PROS,942.6,2349540,249265,2598806,9,
2026-05-26 10:21:43,PROS,0.0,0,288538,288538,1,
2026-05-26 10:22:43,PROS,9999.0,307335,0,307335,2,
2026-05-26 10:23:43,PROS,2.9,500000,17479658,17979658,5,
2026-05-26 10:24:43,PROS,639.4,892000,139514,1031514,2,
2026-05-26 10:27:43,PROS,0.0,0,7239509,7239509,1,
2026-05-26 10:28:43,PROS,0.0,0,706538,706538,1,
2026-05-26 10:29:43,PROS,226.5,3533763,1560476,5094240,5,
2026-05-26 10:30:43,PROS,9999.0,6000,0,6000,1,
2026-05-26 10:31:43,PROS,0.0,0,5980,5980,1,
2026-05-26 10:32:43,PROS,9999.0,499750,0,499750,1,
2026-05-26 10:34:43,PROS,9999.0,41525,0,41525,1,
2026-05-26 10:36:43,PROS,9999.0,1949145,0,1949145,3,
2026-05-26 10:37:43,PROS,9999.0,11619066,0,11619066,22,
2026-05-26 10:42:43,PROS,99.9,254131,254385,508516,3,
2026-05-26 10:43:43,PROS,0.0,0,527637,527637,1,
2026-05-26 10:44:43,PROS,9999.0,960233,0,960233,2,
2026-05-26 10:48:43,PROS,6.7,26880,403115,429995,3,
2026-05-26 10:51:43,PROS,0.0,0,2217278,2217278,4,
2026-05-26 10:52:43,PROS,9999.0,752767,0,752767,7,
2026-05-26 10:53:43,PROS,9999.0,6000,0,6000,1,
2026-05-26 10:55:43,PROS,1061.6,443273,41756,485030,2,
2026-05-26 10:56:43,PROS,239.5,801724,334813,1136537,5,
2026-05-26 10:57:43,PROS,1.4,49950,3690629,3740579,10,
2026-05-26 10:58:43,PROS,0.0,0,102882,102882,4,
2026-05-26 10:59:43,PROS,0.0,0,8009,8009,1,
2026-05-26 11:00:43,PROS,9999.0,49900,0,49900,1,
2026-05-26 11:01:43,PROS,3078.7,1729069,56163,1785232,13,
2026-05-26 11:02:43,PROS,556.9,15515633,2786050,18301683,16,
2026-05-26 11:03:43,PROS,9999.0,5095,0,5095,1,
2026-05-26 11:04:43,PROS,55270.1,4534052,8203,4542256,4,
2026-05-26 11:05:43,PROS,9999.0,45434,0,45434,1,
2026-05-26 11:06:43,PROS,0.0,0,242646,242646,1,
2026-05-26 11:07:43,PROS,9999.0,196008,0,196008,3,
2026-05-26 11:08:43,PROS,452.7,1416979,313010,1729988,4,
2026-05-26 11:09:43,PROS,0.0,0,4656407,4656407,4,
2026-05-26 11:10:43,PROS,0.0,0,51471,51471,1,
2026-05-26 11:13:43,PROS,9999.0,476406,0,476406,2,
2026-05-26 11:14:43,PROS,131.4,674943,513706,1188649,5,
2026-05-26 11:15:43,PROS,0.0,0,22507,22507,1,
2026-05-26 11:16:43,PROS,3.6,179670,4997501,5177172,8,
2026-05-26 11:18:43,PROS,9999.0,1586165,0,1586165,1,
2026-05-26 11:20:43,PROS,9999.0,1584580,0,1584580,1,
2026-05-26 11:25:43,PROS,9999.0,999000,0,999000,1,
2026-05-26 11:26:43,PROS,0.0,0,2149430,2149430,3,
2026-05-26 11:28:43,PROS,0.0,0,4601840,4601840,5,
2026-05-26 11:29:43,PROS,0.0,0,75090,75090,1,
2026-05-26 11:37:43,PROS,9999.0,2131034,0,2131034,1,
2026-05-26 11:38:43,PROS,0.0,0,5035829,5035829,1,
2026-05-26 11:40:43,PROS,9999.0,1115372,0,1115372,10,
2026-05-26 11:41:43,PROS,0.0,0,1100000,1100000,2,
2026-05-26 11:42:43,PROS,33.3,116131,348440,464571,3,
2026-05-26 11:43:43,PROS,0.2,5005,2905611,2910616,6,
2026-05-26 11:46:43,PROS,0.0,0,742141,742141,5,
2026-05-26 11:48:43,PROS,9999.0,150976,0,150976,1,
2026-05-26 11:49:43,PROS,9999.0,104805,0,104805,1,
2026-05-26 11:50:43,PROS,9999.0,578643,0,578643,3,
2026-05-26 11:51:43,PROS,9999.0,3597504,0,3597504,2,
2026-05-26 11:53:43,PROS,9999.0,2239167,0,2239167,9,
2026-05-26 11:54:43,PROS,9999.0,18364,0,18364,2,
2026-05-26 11:55:43,PROS,9.9,29693,300000,329693,5,
2026-05-26 12:00:43,PROS,9999.0,34372,0,34372,1,
2026-05-26 12:01:43,PROS,9999.0,18741,0,18741,1,
2026-05-26 12:02:43,PROS,9999.0,318639,0,318639,5,
2026-05-26 12:03:43,PROS,0.0,0,5054642,5054642,7,
2026-05-26 12:05:43,PROS,236.2,2217519,938731,3156250,12,
2026-05-26 12:07:43,PROS,9999.0,1719723,0,1719723,8,
2026-05-26 12:08:43,PROS,0.0,0,19341,19341,2,
2026-05-26 12:11:43,PROS,649.8,2494736,383907,2878644,12,
2026-05-26 12:12:43,PROS,3.9,11619,300000,311619,2,
2026-05-26 12:13:43,PROS,9999.0,1043381,0,1043381,5,
2026-05-26 12:14:43,PROS,432.9,1431451,330665,1762115,9,
2026-05-26 12:17:43,PROS,9999.0,114832,0,114832,2,
2026-05-26 12:18:43,PROS,148.1,1262379,852227,2114606,10,
2026-05-26 12:19:43,PROS,0.0,0,453722,453722,1,
2026-05-26 12:20:43,PROS,9999.0,79783,0,79783,4,
2026-05-26 12:21:43,PROS,9999.0,475658,0,475658,4,
2026-05-26 12:22:43,PROS,0.0,0,83677,83677,2,
2026-05-26 12:23:43,PROS,9999.0,3122873,0,3122873,19,
2026-05-26 12:24:43,PROS,9999.0,2908140,0,2908140,7,
2026-05-26 12:27:44,PROS,9999.0,9169,0,9169,1,
2026-05-26 12:28:44,PROS,0.0,0,38372,38372,2,
2026-05-26 12:29:44,PROS,0.0,0,6238617,6238617,7,
2026-05-26 12:30:44,PROS,0.0,0,100110,100110,1,
2026-05-26 12:31:44,PROS,136.8,1482670,1083577,2566247,7,
2026-05-26 12:32:44,PROS,9999.0,7538657,0,7538657,3,
2026-05-26 12:34:44,PROS,315.8,8282146,2622640,10904785,2,
2026-05-26 12:36:44,PROS,9999.0,10927014,0,10927014,18,
2026-05-26 12:37:44,PROS,0.0,0,5385964,5385964,4,
2026-05-26 12:38:44,PROS,3030.8,237204,7827,245030,5,
2026-05-26 12:39:44,PROS,32.7,401690,1229398,1631087,6,
2026-05-26 12:40:44,PROS,0.6,7246,1124107,1131353,9,
2026-05-26 12:41:44,PROS,0.0,0,43681,43681,1,
2026-05-26 12:43:44,PROS,9999.0,510932,0,510932,1,
2026-05-26 12:45:44,PROS,9999.0,100221,0,100221,2,
2026-05-26 12:46:44,PROS,0.0,0,100000,100000,1,
2026-05-26 12:48:44,PROS,7.7,461006,6016812,6477817,6,
2026-05-26 12:49:44,PROS,0.0,0,5541693,5541693,2,
2026-05-26 12:50:44,PROS,826.9,7572694,915829,8488523,11,
2026-05-26 12:52:44,PROS,11.0,137869,1256127,1393996,3,
2026-05-26 12:57:44,PROS,9999.0,9989,0,9989,1,
2026-05-26 12:58:44,PROS,9999.0,764957,0,764957,1,
2026-05-26 12:59:44,PROS,9999.0,764193,0,764193,1,
2026-05-26 13:01:44,PROS,9999.0,367918,0,367918,1,
2026-05-26 13:02:44,PROS,312.7,422374,135080,557454,5,
2026-05-26 13:05:44,PROS,9999.0,249875,0,249875,1,
2026-05-26 13:06:44,PROS,9999.0,79864,0,79864,2,
2026-05-26 13:08:44,PROS,9999.0,640873,0,640873,6,
2026-05-26 13:09:44,PROS,9999.0,1511665,0,1511665,14,
2026-05-26 13:10:44,PROS,69.4,9303703,13408017,22711720,11,
2026-05-26 13:12:44,PROS,208.2,249934,120038,369973,4,
2026-05-26 13:16:44,PROS,9999.0,341780,0,341780,3,
2026-05-26 13:18:44,PROS,0.0,0,193079,193079,1,
2026-05-26 13:19:44,PROS,248.9,5882267,2363778,8246044,5,
2026-05-26 13:23:44,PROS,0.0,0,624747,624747,1,
2026-05-26 13:25:44,PROS,9999.0,1285655,0,1285655,2,
2026-05-26 13:26:44,PROS,9999.0,285843,0,285843,3,
2026-05-26 13:28:44,PROS,9999.0,7078455,0,7078455,9,
2026-05-26 13:30:44,PROS,5119.5,2831698,55312,2887010,2,
2026-05-26 13:31:44,PROS,1004.6,17588033,1750816,19338849,5,
2026-05-26 13:33:44,PROS,9999.0,23423,0,23423,2,
2026-05-26 13:35:44,PROS,1101.6,200275,18180,218455,2,
2026-05-26 13:36:44,PROS,9999.0,91200,0,91200,1,
2026-05-26 13:37:44,PROS,9999.0,18220,0,18220,1,
2026-05-26 13:39:44,PROS,0.0,0,1147012,1147012,1,
2026-05-26 13:42:44,PROS,91.5,10897460,11915678,22813138,18,
2026-05-26 13:44:44,PROS,9999.0,92258,0,92258,1,
2026-05-26 13:46:44,PROS,0.0,0,228913,228913,1,
2026-05-26 13:48:44,PROS,0.0,0,281637,281637,2,
2026-05-26 13:52:44,PROS,9999.0,1792972,0,1792972,8,
2026-05-26 13:53:44,PROS,0.0,0,399624,399624,1,
2026-05-26 13:54:44,PROS,0.0,0,1433876,1433876,1,
2026-05-26 13:55:44,PROS,0.0,0,2288595,2288595,2,
2026-05-26 13:56:44,PROS,78.0,352097,451135,803232,5,
2026-05-26 13:57:44,PROS,0.4,7558,1839338,1846895,5,
2026-05-26 13:58:44,PROS,9999.0,254439,0,254439,3,
2026-05-26 13:59:44,PROS,85.5,1736478,2029869,3766348,16,
2026-05-26 14:00:44,PROS,790.2,2865151,362604,3227755,14,
2026-05-26 14:01:44,PROS,252.4,646745,256255,903000,3,
2026-05-26 14:02:44,PROS,9999.0,147282,0,147282,4,
2026-05-26 14:03:44,PROS,9999.0,10022,0,10022,1,
2026-05-26 14:04:44,PROS,33.6,532892,1586136,2119028,10,
2026-05-26 14:05:44,PROS,0.0,0,357124,357124,2,
2026-05-26 14:06:44,PROS,10.4,67103,642846,709949,4,
2026-05-26 14:09:44,PROS,0.0,0,9085094,9085094,14,
2026-05-26 14:10:44,PROS,9999.0,1415927,0,1415927,2,
2026-05-26 14:11:44,PROS,9999.0,1182549,0,1182549,9,
2026-05-26 14:12:44,PROS,26.1,1232952,4716897,5949849,10,
2026-05-26 14:16:44,PROS,9999.0,1029545,0,1029545,8,
2026-05-26 14:17:44,PROS,3213.4,3375486,105045,3480532,17,
2026-05-26 14:18:44,PROS,9999.0,2415341,0,2415341,3,
2026-05-26 14:24:44,PROS,9999.0,6762736,0,6762736,6,
2026-05-26 14:28:44,PROS,0.0,0,9500669,9500669,5,
2026-05-26 14:30:44,PROS,9999.0,1943164,0,1943164,10,
2026-05-26 14:31:44,PROS,46.8,467359,999416,1466775,3,
2026-05-26 14:32:44,PROS,9999.0,130369,0,130369,1,
2026-05-26 14:33:44,PROS,7.4,37813,512118,549931,5,
2026-05-26 14:35:44,PROS,0.0,0,105100,105100,2,
2026-05-26 14:36:44,PROS,231.3,1580080,683209,2263290,6,
2026-05-26 14:37:44,PROS,1.3,89095,6634533,6723628,7,
2026-05-26 14:38:44,PROS,0.0,0,1237028,1237028,2,
2026-05-26 14:41:44,PROS,20.6,3291991,15988624,19280616,12,
2026-05-26 14:43:44,PROS,9999.0,5500,0,5500,1,
2026-05-26 14:44:44,PROS,1.7,32441,1896732,1929173,2,
2026-05-26 14:45:44,PROS,0.0,0,11000,11000,2,
2026-05-26 14:46:44,PROS,1249.1,897000,71813,968813,2,
2026-05-26 14:47:44,PROS,0.0,0,7471498,7471498,8,
2026-05-26 14:49:44,PROS,0.0,0,5500,5500,1,
2026-05-26 14:50:44,PROS,342.3,128571,37561,166132,3,
2026-05-26 14:51:44,PROS,0.0,0,49102,49102,2,
2026-05-26 14:52:44,PROS,0.0,0,6516,6516,1,
2026-05-26 14:53:44,PROS,115.9,6083566,5248246,11331812,20,
2026-05-26 14:54:44,PROS,9999.0,342060,0,342060,3,
2026-05-26 14:55:44,PROS,0.0,0,236299,236299,2,
2026-05-26 14:56:44,PROS,9999.0,938635,0,938635,2,
2026-05-26 14:57:44,PROS,21.6,770576,3575418,4345994,4,
2026-05-26 14:58:44,PROS,0.0,0,729455,729455,1,
2026-05-26 15:00:44,PROS,392.6,967025,246298,1213323,5,
2026-05-26 15:01:44,PROS,0.0,0,572384,572384,3,
2026-05-26 15:04:44,PROS,0.0,0,122578,122578,3,
2026-05-26 15:05:44,PROS,0.0,0,206288,206288,2,
2026-05-26 15:09:44,PROS,0.0,0,3883962,3883962,2,
2026-05-26 15:10:44,PROS,9999.0,798716,0,798716,2,
2026-05-26 15:14:44,PROS,9999.0,842446,0,842446,1,
2026-05-26 15:15:44,PROS,41.9,774303,1848984,2623287,11,
2026-05-26 15:17:44,PROS,0.0,0,1679653,1679653,6,
2026-05-26 15:19:44,PROS,0.0,0,4863408,4863408,1,
2026-05-26 15:20:44,PROS,9999.0,5500,0,5500,1,
2026-05-26 15:21:44,PROS,360.6,626296,173704,800000,2,
2026-05-26 15:23:44,PROS,9999.0,20000,0,20000,1,
2026-05-26 15:24:44,PROS,9999.0,122881,0,122881,2,
2026-05-26 15:25:44,PROS,9999.0,1729623,0,1729623,5,
2026-05-26 15:26:44,PROS,26.8,991477,3694484,4685962,11,
2026-05-26 15:28:44,PROS,34.0,151074,444332,595406,4,
2026-05-26 15:33:44,PROS,9999.0,130240,0,130240,1,
2026-05-26 15:34:44,PROS,9999.0,1277836,0,1277836,8,
2026-05-26 15:35:44,PROS,9999.0,171482,0,171482,2,
2026-05-26 15:36:44,PROS,9999.0,79382,0,79382,2,
2026-05-26 15:37:44,PROS,0.0,0,1250200,1250200,2,
2026-05-26 15:38:44,PROS,9999.0,210467,0,210467,2,
2026-05-26 15:39:44,PROS,25.6,1916697,7492201,9408899,5,
2026-05-26 15:40:44,PROS,9999.0,5672318,0,5672318,2,
2026-05-26 15:41:44,PROS,0.0,0,129887,129887,1,
2026-05-26 15:42:44,PROS,0.0,0,870278,870278,3,
2026-05-26 15:45:44,PROS,190.4,4807522,2525075,7332598,3,
2026-05-26 15:47:44,PROS,9999.0,75247,0,75247,1,
2026-05-26 15:49:44,PROS,10.5,197136,1875948,2073084,7,
2026-05-26 15:50:44,PROS,339.9,18599763,5472837,24072600,9,
2026-05-26 15:51:44,PROS,919.5,5354733,582376,5937109,4,
2026-05-26 15:52:44,PROS,730.3,13121167,1796605,14917772,17,
2026-05-26 15:55:44,PROS,9999.0,130290,0,130290,2,
2026-05-26 15:59:44,PROS,0.0,0,84528,84528,2,
2026-05-26 16:00:44,PROS,9999.0,791093,0,791093,7,
2026-05-26 16:01:44,PROS,421.1,3485636,827755,4313391,10,
2026-05-26 16:02:44,PROS,9999.0,1362891,0,1362891,7,
2026-05-26 16:03:44,PROS,858.9,4238912,493543,4732455,15,
2026-05-26 16:04:44,PROS,223.5,2210121,988999,3199120,21,
2026-05-26 16:05:44,PROS,2152.4,13092898,608289,13701187,25,
2026-05-26 16:06:44,PROS,9999.0,39838,0,39838,2,
2026-05-26 16:07:44,PROS,6630.4,2699566,40715,2740281,14,
2026-05-26 16:08:44,PROS,0.0,0,1700000,1700000,2,
2026-05-26 16:10:44,PROS,0.0,0,870974,870974,2,
2026-05-26 16:11:44,PROS,9999.0,711816,0,711816,4,
2026-05-26 16:12:44,PROS,9999.0,134590,0,134590,4,
2026-05-26 16:13:44,PROS,9999.0,469504,0,469504,3,
2026-05-26 16:14:44,PROS,1374.0,2645277,192519,2837796,11,
2026-05-26 16:15:44,PROS,5.2,5095,98008,103103,2,
2026-05-26 16:17:44,PROS,9999.0,24007,0,24007,2,
2026-05-26 16:20:44,PROS,3.8,34137,902000,936137,3,
2026-05-26 16:21:44,PROS,9999.0,68675,0,68675,2,
2026-05-26 16:22:44,PROS,9999.0,16198,0,16198,1,
2026-05-26 16:23:44,PROS,9999.0,4428694,0,4428694,16,
2026-05-26 16:24:44,PROS,31.1,1803180,5791244,7594424,13,
2026-05-26 16:25:44,PROS,9999.0,5509307,0,5509307,7,
2026-05-26 16:26:44,PROS,9999.0,3577906,0,3577906,14,
2026-05-26 16:27:44,PROS,0.0,0,931430,931430,5,
2026-05-26 16:28:44,PROS,0.0,0,11006459,11006459,6,
2026-05-26 16:29:44,PROS,0.0,0,3703831,3703831,1,
2026-05-26 16:30:44,PROS,1015.6,3101676,305418,3407094,5,
2026-05-26 16:31:44,PROS,9999.0,696433,0,696433,7,
2026-05-26 16:34:44,PROS,9999.0,972663,0,972663,1,
2026-05-26 16:36:44,PROS,9999.0,399451,0,399451,1,
2026-05-26 16:37:44,PROS,0.0,0,7481171,7481171,6,
2026-05-26 16:39:44,PROS,9999.0,211833,0,211833,1,
2026-05-26 16:40:44,PROS,1.4,143478,10240877,10384355,13,
2026-05-26 16:41:44,PROS,46.0,243781,529515,773296,6,
2026-05-26 16:42:44,PROS,96.0,52804,55006,107810,2,
2026-05-26 16:44:44,PROS,100.7,37976,37697,75673,2,
2026-05-26 16:45:44,PROS,0.0,0,5961609,5961609,4,
2026-05-26 16:46:44,PROS,150.3,184712,122929,307641,7,
2026-05-26 16:47:44,PROS,301.2,1456195,483516,1939710,12,
2026-05-26 16:48:44,PROS,9999.0,21664,0,21664,1,
2026-05-26 16:49:44,PROS,4.5,7963,175611,183574,2,
2026-05-26 16:50:44,PROS,591.0,1560040,263963,1824002,3,
2026-05-26 16:51:44,PROS,9999.0,72186,0,72186,2,
2026-05-26 16:52:44,PROS,777.0,1199587,154396,1353983,6,
2026-05-26 16:53:44,PROS,9999.0,576843,0,576843,12,
2026-05-26 16:54:44,PROS,9999.0,585513,0,585513,4,
2026-05-26 16:57:44,PROS,9999.0,0,0,0,1,
2026-05-26 17:01:44,PROS,0.0,0,1047742,1047742,2,
2026-05-26 17:02:44,PROS,9999.0,264436,0,264436,2,
2026-05-26 17:03:44,PROS,30.7,316487,1031872,1348358,3,
2026-05-26 17:04:44,PROS,0.0,0,630751,630751,3,
2026-05-26 17:06:44,PROS,9999.0,808152,0,808152,4,
2026-05-26 17:08:44,PROS,867.6,21123487,2434576,23558063,29,
2026-05-26 17:09:44,PROS,0.0,0,2174153,2174153,3,
2026-05-26 17:10:44,PROS,9999.0,360789,0,360789,3,
2026-05-26 17:11:44,PROS,793.0,1228361,154905,1383266,8,
2026-05-26 17:12:44,PROS,0.0,0,7978651,7978651,5,
2026-05-26 17:15:44,PROS,198.4,856882,431798,1288680,5,
2026-05-26 17:16:44,PROS,0.0,0,200000,200000,1,
2026-05-26 17:17:44,PROS,0.0,0,112361,112361,4,
2026-05-26 17:18:44,PROS,0.0,0,2416,2416,1,
2026-05-26 17:19:44,PROS,413.8,527562,127486,655048,7,
2026-05-26 17:20:44,PROS,379.4,6579753,1734226,8313979,6,
2026-05-26 17:22:44,PROS,99.0,497453,502399,999852,11,
2026-05-26 17:23:44,PROS,55.3,1517189,2743426,4260615,11,
2026-05-26 17:25:44,PROS,9999.0,747806,0,747806,1,
2026-05-26 17:27:44,PROS,4.8,37309,778731,816040,2,
2026-05-26 17:28:44,PROS,0.0,0,1004932,1004932,4,
2026-05-26 17:29:44,PROS,0.0,0,161771,161771,1,
2026-05-26 17:31:44,PROS,0.0,0,241136,241136,3,
2026-05-26 17:32:44,PROS,0.0,0,4656826,4656826,17,
2026-05-26 17:33:44,PROS,0.0,0,14996653,14996653,3,
2026-05-26 17:34:44,PROS,530.0,861299,162515,1023815,7,
2026-05-26 17:35:44,PROS,0.0,0,641022,641022,5,
2026-05-26 17:36:44,PROS,9999.0,49975,0,49975,1,
2026-05-26 17:38:44,PROS,2.7,44978,1693930,1738908,15,
2026-05-26 17:39:44,PROS,0.0,0,12876113,12876113,40,
2026-05-26 17:40:44,PROS,0.0,0,1374083,1374083,9,
2026-05-26 17:41:44,PROS,0.0,0,963609,963609,6,
2026-05-26 17:42:44,PROS,9999.0,47346,0,47346,1,
2026-05-26 17:44:44,PROS,25.1,788829,3143509,3932339,23,
2026-05-26 17:45:44,PROS,0.0,0,5076642,5076642,18,
2026-05-26 17:46:44,PROS,0.0,0,2996362,2996362,9,
2026-05-26 17:47:44,PROS,0.0,0,723603,723603,4,
2026-05-26 17:48:44,PROS,0.0,0,1173181,1173181,2,
2026-05-26 17:49:44,PROS,0.0,0,301735,301735,2,
2026-05-26 17:50:44,PROS,0.0,0,779140,779140,5,
2026-05-26 17:51:44,PROS,0.0,0,3360366,3360366,10,
2026-05-26 17:52:44,PROS,26.6,583635,2196721,2780355,15,
2026-05-26 17:53:44,PROS,9999.0,10756958,0,10756958,2,
2026-05-26 17:54:44,PROS,9999.0,1856516,0,1856516,2,
2026-05-26 17:55:44,PROS,0.0,0,94109,94109,1,
2026-05-26 17:56:44,PROS,101.2,635090,627807,1262897,3,
2026-05-26 17:57:44,PROS,0.0,0,525179,525179,1,
2026-05-26 17:59:44,PROS,0.0,0,895190,895190,3,
2026-05-26 18:00:44,PROS,0.0,0,115000,115000,1,
2026-05-26 18:03:44,PROS,0.0,0,880551,880551,1,
2026-05-26 18:04:44,PROS,107.2,566673,528557,1095230,5,
2026-05-26 18:05:44,PROS,183.3,771230,420819,1192049,14,
2026-05-26 18:06:44,PROS,706.9,249774,35332,285106,4,
2026-05-26 18:07:44,PROS,0.0,0,981305,981305,4,
2026-05-26 18:08:44,PROS,114.3,617902,540496,1158398,7,
2026-05-26 18:10:44,PROS,9999.0,353200,0,353200,1,
2026-05-26 18:13:44,PROS,9999.0,2515723,0,2515723,6,
2026-05-26 18:14:44,PROS,9999.0,855367,0,855367,6,
2026-05-26 18:15:44,PROS,9999.0,305156,0,305156,1,
2026-05-26 18:16:45,PROS,9999.0,100000,0,100000,1,
2026-05-26 18:17:45,PROS,33.8,110000,325854,435854,7,
2026-05-26 18:18:45,PROS,9999.0,289571,0,289571,2,
2026-05-26 18:19:45,PROS,136.4,857518,628707,1486225,14,
2026-05-26 18:20:45,PROS,9999.0,29367,0,29367,2,
2026-05-26 18:21:45,PROS,9999.0,2280901,0,2280901,4,
2026-05-26 18:22:45,PROS,9999.0,5614996,0,5614996,14,
2026-05-26 18:23:45,PROS,9999.0,4015499,0,4015499,18,
2026-05-26 18:24:45,PROS,81.5,244078,299660,543738,4,
2026-05-26 18:25:45,PROS,9999.0,3831625,0,3831625,11,
2026-05-26 18:26:45,PROS,9999.0,681886,0,681886,5,
2026-05-26 18:27:45,PROS,9999.0,237100,0,237100,3,
2026-05-26 18:30:45,PROS,9999.0,4862136,0,4862136,6,
2026-05-26 18:31:45,PROS,9999.0,109907,0,109907,2,
2026-05-26 18:35:45,PROS,0.0,0,10007,10007,1,
2026-05-26 18:36:45,PROS,9999.0,183874,0,183874,1,
2026-05-26 18:37:45,PROS,0.0,0,2941271,2941271,12,
2026-05-26 18:38:45,PROS,0.0,0,1102068,1102068,5,
2026-05-26 18:39:45,PROS,738.6,1055673,142927,1198600,9,
2026-05-26 18:40:45,PROS,142.2,563840,396420,960260,5,
2026-05-26 18:41:45,PROS,9999.0,30262,0,30262,1,
2026-05-26 18:46:45,PROS,0.0,0,299889,299889,5,
2026-05-26 18:47:45,PROS,0.0,0,1235986,1235986,14,
2026-05-26 18:50:45,PROS,9999.0,395576,0,395576,1,
2026-05-26 18:53:45,PROS,0.5,10975,2066060,2077036,7,
2026-05-26 18:54:45,PROS,29.4,1583893,5381686,6965579,7,
2026-05-26 18:56:45,PROS,0.0,0,1133327,1133327,1,
2026-05-26 18:57:45,PROS,0.0,0,330782,330782,3,
2026-05-26 18:58:45,PROS,391.7,1327513,338944,1666457,4,
2026-05-26 19:01:45,PROS,0.0,0,1080392,1080392,2,
2026-05-26 19:02:45,PROS,0.0,0,52860,52860,1,
2026-05-26 19:04:45,PROS,0.0,0,496650,496650,2,
2026-05-26 19:11:45,PROS,0.0,0,1811545,1811545,5,
2026-05-26 19:12:45,PROS,0.0,0,2682525,2682525,6,
2026-05-26 19:13:45,PROS,0.0,0,1973060,1973060,1,
2026-05-26 19:15:45,PROS,0.0,0,972250,972250,7,
2026-05-26 19:16:45,PROS,0.0,0,5000,5000,1,
2026-05-26 19:17:45,PROS,0.0,0,901401,901401,3,
2026-05-26 19:18:45,PROS,475.1,1572571,330974,1903546,6,
2026-05-26 19:19:45,PROS,0.0,0,4901928,4901928,3,
2026-05-26 19:20:45,PROS,1058.0,3191922,301705,3493627,5,
2026-05-26 19:24:45,PROS,0.0,0,100000,100000,1,
2026-05-26 19:27:45,PROS,0.0,0,300225,300225,2,
2026-05-26 19:29:45,PROS,9999.0,37792,0,37792,1,
2026-05-26 19:30:45,PROS,47.3,750000,1586226,2336226,3,
2026-05-26 19:31:45,PROS,0.0,0,973932,973932,2,
2026-05-26 19:32:45,PROS,0.0,0,37750,37750,1,
2026-05-26 19:33:45,PROS,9999.0,36994,0,36994,1,
2026-05-26 19:34:45,PROS,9999.0,749139,0,749139,2,
2026-05-26 19:35:45,PROS,4174.8,1537525,36829,1574354,4,
2026-05-26 19:36:45,PROS,56.8,627947,1106513,1734459,6,
2026-05-26 19:38:45,PROS,96.8,682637,705501,1388138,7,
2026-05-26 19:39:45,PROS,1.5,100496,6638961,6739457,4,
2026-05-26 19:40:45,PROS,1436.7,46384746,3228452,49613198,31,
2026-05-26 19:41:45,PROS,1413.2,657140,46500,703640,5,
2026-05-26 19:43:45,PROS,34.5,176287,510929,687215,7,
2026-05-26 19:44:45,PROS,0.0,0,133052,133052,3,
2026-05-26 19:45:45,PROS,11.6,27812,239163,266975,3,
2026-05-26 19:46:45,PROS,12.6,47974,380059,428033,5,
2026-05-26 19:47:45,PROS,9999.0,104638,0,104638,2,
2026-05-26 19:48:45,PROS,0.0,0,1509362,1509362,4,
2026-05-26 19:50:45,PROS,0.0,0,55428,55428,2,
2026-05-26 19:51:45,PROS,0.0,0,2716316,2716316,1,
2026-05-26 19:52:45,PROS,0.0,0,34109,34109,1,
2026-05-26 19:53:45,PROS,5.3,274733,5225267,5500000,5,
2026-05-26 19:54:45,PROS,9999.0,5535126,0,5535126,14,
2026-05-26 19:55:45,PROS,0.0,0,49945,49945,1,
2026-05-26 19:56:45,PROS,5854.8,1937762,33097,1970860,4,
2026-05-26 19:58:45,PROS,9999.0,1827123,0,1827123,14,
2026-05-26 19:59:45,PROS,9999.0,1307829,0,1307829,7,
2026-05-26 20:03:45,PROS,9999.0,1492495,0,1492495,15,
2026-05-26 20:05:45,PROS,4.1,13622,334288,347910,8,
2026-05-26 20:06:45,PROS,663.8,789892,118997,908889,6,
2026-05-26 20:07:45,PROS,9999.0,2953961,0,2953961,14,
2026-05-26 20:10:45,PROS,797.7,2135960,267767,2403727,5,
2026-05-26 20:11:45,PROS,9999.0,2000000,0,2000000,1,
2026-05-26 20:12:45,PROS,0.0,0,91150,91150,4,
2026-05-26 20:14:45,PROS,102.0,4559940,4468888,9028828,6,
2026-05-26 20:18:45,PROS,9999.0,65790,0,65790,3,
2026-05-26 20:19:45,PROS,0.0,0,8609,8609,1,
2026-05-26 20:20:45,PROS,0.0,0,29999,29999,1,
2026-05-26 20:22:45,PROS,191.1,115000,60183,175184,5,
2026-05-26 20:23:45,PROS,9999.0,54864,0,54864,1,
2026-05-26 20:24:45,PROS,9999.0,53278,0,53278,1,
2026-05-26 20:26:45,PROS,0.0,0,148256,148256,1,
2026-05-26 20:27:45,PROS,232.0,168914,72802,241716,3,
2026-05-26 20:28:45,PROS,17158.8,2397119,13970,2411089,10,
2026-05-26 20:30:45,PROS,9999.0,60358,0,60358,2,
2026-05-26 20:31:45,PROS,38.5,424591,1103016,1527607,7,
2026-05-26 20:32:45,PROS,0.0,0,2407436,2407436,10,
2026-05-26 20:33:45,PROS,59.8,31174,52165,83339,3,
2026-05-26 20:34:45,PROS,62.2,1021062,1640963,2662025,18,
2026-05-26 20:36:45,PROS,0.0,0,1823766,1823766,1,
2026-05-26 20:39:45,PROS,9999.0,9130,0,9130,1,
2026-05-26 20:41:45,PROS,9999.0,868837,0,868837,5,
2026-05-26 20:42:45,PROS,0.0,0,3500337,3500337,4,
2026-05-26 20:44:45,PROS,0.0,0,17463,17463,1,
2026-05-26 20:45:45,PROS,0.0,0,415115,415115,1,
2026-05-26 20:46:45,PROS,9999.0,808636,0,808636,5,
2026-05-26 20:47:45,PROS,9999.0,258001,0,258001,1,
2026-05-26 20:48:45,PROS,9999.0,35526,0,35526,2,
2026-05-26 20:52:45,PROS,9999.0,85521,0,85521,2,
2026-05-26 20:54:45,PROS,0.0,0,5536115,5536115,2,
2026-05-26 20:55:45,PROS,1309.6,1184754,90468,1275222,8,
2026-05-26 20:57:45,PROS,9999.0,500000,0,500000,1,
2026-05-26 20:58:45,PROS,9999.0,2093689,0,2093689,2,
2026-05-26 21:02:45,PROS,9999.0,145091,0,145091,1,
2026-05-26 21:04:45,PROS,9999.0,122226,0,122226,1,
2026-05-26 21:05:45,PROS,9999.0,213462,0,213462,2,
2026-05-26 21:07:45,PROS,0.5,5500,1087200,1092700,2,
2026-05-26 21:08:45,PROS,9999.0,18140,0,18140,1,
2026-05-26 21:12:45,PROS,9999.0,6002361,0,6002361,2,
2026-05-26 21:16:45,PROS,9999.0,173163,0,173163,1,
2026-05-26 21:17:45,PROS,9999.0,251188,0,251188,2,
2026-05-26 21:18:45,PROS,9999.0,687478,0,687478,4,
2026-05-26 21:19:45,PROS,9999.0,18611306,0,18611306,9,
2026-05-26 21:20:45,PROS,75.2,2535052,3370781,5905833,5,
2026-05-26 21:21:45,PROS,0.0,0,503867,503867,1,
2026-05-26 21:22:45,PROS,0.0,0,26335,26335,1,
2026-05-26 21:23:45,PROS,524.3,1235191,235567,1470758,3,
2026-05-26 21:24:45,PROS,0.0,0,675295,675295,1,
2026-05-26 21:25:45,PROS,0.0,0,528851,528851,1,
2026-05-26 21:26:45,PROS,9999.0,2977462,0,2977462,6,
2026-05-26 21:27:45,PROS,9999.0,257687,0,257687,3,
2026-05-26 21:29:45,PROS,120.9,11634576,9622048,21256625,9,
2026-05-26 21:30:45,PROS,64902.0,18005954,27743,18033698,28,
2026-05-26 21:31:45,PROS,5022.8,5022761,100000,5122761,12,
2026-05-26 21:32:45,PROS,52.1,332360,637331,969691,4,
2026-05-26 21:33:45,PROS,279.0,120836,43317,164153,3,
2026-05-26 21:36:45,PROS,9999.0,1514596,0,1514596,8,
2026-05-26 21:37:45,PROS,9999.0,195577,0,195577,2,
2026-05-26 21:38:45,PROS,9999.0,4732944,0,4732944,9,
2026-05-26 21:39:45,PROS,81.3,1187960,1461234,2649194,5,
2026-05-26 21:40:45,PROS,9999.0,240153,0,240153,4,
2026-05-26 21:42:45,PROS,14.2,50069,352333,402401,4,
2026-05-26 21:43:45,PROS,361.6,2159068,597099,2756167,3,
2026-05-26 21:44:45,PROS,9999.0,121364,0,121364,3,
2026-05-26 21:45:45,PROS,38.9,233313,599700,833013,4,
2026-05-26 21:46:45,PROS,237.4,53075,22353,75428,3,
2026-05-26 21:47:45,PROS,0.0,0,6015543,6015543,4,
2026-05-26 21:48:45,PROS,9999.0,1581784,0,1581784,9,
2026-05-26 21:49:45,PROS,9999.0,163567,0,163567,2,
2026-05-26 21:50:45,PROS,1504.1,19917957,1324216,21242174,7,
2026-05-26 21:51:45,PROS,0.0,0,43274,43274,1,
2026-05-26 21:57:45,PROS,0.0,0,6044813,6044813,4,
2026-05-26 21:59:45,PROS,58.6,234278,400000,634278,2,
2026-05-26 22:02:45,PROS,0.0,0,1059643,1059643,1,
2026-05-26 22:04:45,PROS,38.7,708485,1829965,2538450,5,
2026-05-26 22:06:45,PROS,9999.0,1000000,0,1000000,2,
2026-05-26 22:08:45,PROS,9999.0,5466,0,5466,1,
2026-05-26 22:09:45,PROS,0.0,0,96460,96460,2,
2026-05-26 22:10:45,PROS,9999.0,9990,0,9990,1,
2026-05-26 22:12:45,PROS,9999.0,18200,0,18200,1,
2026-05-26 22:16:45,PROS,9999.0,311811,0,311811,2,
2026-05-26 22:17:45,PROS,3.2,67669,2131704,2199374,5,
2026-05-26 22:18:45,PROS,9999.0,1,0,1,1,
2026-05-26 22:20:45,PROS,9999.0,179187,0,179187,1,
2026-05-26 22:22:45,PROS,150.9,1106651,733468,1840119,5,
2026-05-26 22:23:45,PROS,9999.0,1603633,0,1603633,1,
2026-05-26 22:25:45,PROS,9999.0,554297,0,554297,1,
2026-05-26 22:26:45,PROS,5736.9,600000,10459,610459,5,
2026-05-26 22:27:45,PROS,1085.3,2170625,200000,2370625,2,
2026-05-26 22:31:45,PROS,0.0,0,5292727,5292727,3,
2026-05-26 22:33:45,PROS,0.0,0,502765,502765,3,
2026-05-26 22:34:45,PROS,0.0,0,2190375,2190375,9,
2026-05-26 22:35:45,PROS,0.0,0,92176,92176,3,
2026-05-26 22:37:45,PROS,9999.0,9125,0,9125,1,
2026-05-26 22:38:45,PROS,9999.0,100000,0,100000,1,
2026-05-26 22:39:45,PROS,0.0,0,1138727,1138727,8,
2026-05-26 22:41:45,PROS,0.0,0,2690789,2690789,2,
2026-05-26 22:43:45,PROS,0.0,0,200000,200000,1,
2026-05-26 22:44:45,PROS,100.1,100000,99950,199950,2,
2026-05-26 22:47:45,PROS,0.0,0,864419,864419,1,
2026-05-26 22:49:45,PROS,9999.0,1224902,0,1224902,2,
2026-05-26 22:52:45,PROS,0.0,0,18255,18255,2,
2026-05-26 22:56:45,PROS,1540.4,284544,18472,303016,3,
2026-05-26 22:57:45,PROS,9999.0,25388,0,25388,1,
2026-05-26 22:59:45,PROS,4464.8,1381750,30948,1412698,4,
2026-05-26 23:00:45,PROS,9999.0,2853997,0,2853997,3,
2026-05-26 23:01:45,PROS,0.0,0,3021261,3021261,2,
2026-05-26 23:06:45,PROS,9999.0,374664,0,374664,2,
2026-05-26 23:07:45,PROS,0.0,0,2716924,2716924,1,
2026-05-26 23:11:45,PROS,9999.0,2939076,0,2939076,1,
2026-05-26 23:12:45,PROS,9999.0,7967181,0,7967181,15,
2026-05-26 23:13:45,PROS,9999.0,3762400,0,3762400,8,
2026-05-26 23:17:45,PROS,0.0,0,30000,30000,1,
2026-05-26 23:18:45,PROS,0.0,0,10000,10000,1,
2026-05-26 23:19:45,PROS,0.0,0,20000,20000,2,
2026-05-26 23:20:45,PROS,7687.7,1537531,20000,1557531,12,
2026-05-26 23:21:45,PROS,586.6,175971,30000,205971,4,
2026-05-26 23:22:45,PROS,3060.6,11100610,362699,11463310,24,
2026-05-26 23:23:45,PROS,185.8,9292,5000,14292,2,
2026-05-26 23:24:45,PROS,0.0,0,241272,241272,1,
2026-05-26 23:26:45,PROS,9999.0,2698651,0,2698651,2,
2026-05-26 23:27:45,PROS,9999.0,2807265,0,2807265,3,
2026-05-26 23:28:45,PROS,260.2,5212548,2003030,7215579,19,
2026-05-26 23:29:45,PROS,9999.0,6868689,0,6868689,20,
2026-05-26 23:30:45,PROS,124.8,2721094,2180486,4901581,22,
2026-05-26 23:31:45,PROS,9999.0,3361895,0,3361895,3,
2026-05-26 23:32:45,PROS,0.0,0,5538122,5538122,4,
2026-05-26 23:34:45,PROS,0.0,0,5000000,5000000,2,
2026-05-26 23:35:45,PROS,0.0,0,82852,82852,1,
2026-05-26 23:36:45,PROS,88.0,5438705,6177990,11616695,8,
2026-05-26 23:37:45,PROS,105.8,77092,72884,149976,3,
2026-05-26 23:38:45,PROS,0.0,0,1734210,1734210,9,
2026-05-26 23:39:45,PROS,9999.0,518670,0,518670,4,
2026-05-26 23:40:45,PROS,62.9,44201,70241,114442,4,
2026-05-26 23:41:45,PROS,9999.0,3061929,0,3061929,4,
2026-05-26 23:42:45,PROS,0.0,0,23922,23922,2,
2026-05-26 23:43:45,PROS,2358.4,9355437,396683,9752120,13,
2026-05-26 23:44:45,PROS,0.0,0,882809,882809,1,
2026-05-26 23:45:45,PROS,9999.0,8804964,0,8804964,23,
2026-05-26 23:46:45,PROS,9999.0,1451438,0,1451438,6,
2026-05-26 23:47:45,PROS,9999.0,15119120,0,15119120,31,
2026-05-26 23:48:45,PROS,58.3,24372,41835,66207,2,
2026-05-26 23:49:45,PROS,9999.0,6013894,0,6013894,17,
2026-05-26 23:50:45,PROS,9999.0,2977464,0,2977464,9,
2026-05-26 23:51:45,PROS,9999.0,2225440,0,2225440,4,
2026-05-26 23:52:45,PROS,10793.6,3815382,35348,3850730,9,
2026-05-26 23:53:45,PROS,9999.0,1575632,0,1575632,6,
2026-05-26 23:54:45,PROS,9999.0,2752512,0,2752512,10,
2026-05-26 23:55:45,PROS,0.0,0,554551,554551,3,
2026-05-26 23:56:45,PROS,0.0,0,151594,151594,1,
2026-05-26 23:57:45,PROS,0.0,0,1050201,1050201,2,
2026-05-26 23:58:45,PROS,9999.0,5559659,0,5559659,5,
2026-05-26 23:59:45,PROS,309.2,536653,173546,710199,3,
2026-05-27 00:00:45,PROS,28.5,205005,720449,925454,4,
2026-05-27 00:03:45,PROS,9999.0,2403577,0,2403577,2,
2026-05-27 00:04:45,PROS,0.0,0,93089,93089,6,
2026-05-27 00:05:45,PROS,263.2,17717589,6730500,24448089,11,
2026-05-27 00:08:45,PROS,0.0,0,62711,62711,5,
2026-05-27 00:09:45,PROS,29.1,710316,2437859,3148175,15,
2026-05-27 00:10:45,PROS,0.0,0,7148985,7148985,6,
2026-05-27 00:11:45,PROS,0.0,0,20098,20098,2,
2026-05-27 00:12:45,PROS,9999.0,979001,0,979001,2,
2026-05-27 00:13:45,PROS,0.0,0,132865,132865,4,
2026-05-27 00:14:45,PROS,68.3,16872107,24712775,41584882,20,
2026-05-27 00:15:45,PROS,223.8,473606,211633,685239,6,
2026-05-27 00:16:45,PROS,0.0,0,513058,513058,3,
2026-05-27 00:17:45,PROS,139.4,2701815,1938234,4640049,6,
2026-05-27 00:18:45,PROS,0.0,0,1003845,1003845,4,
2026-05-27 00:19:45,PROS,1194.7,9000000,753297,9753297,7,
2026-05-27 00:21:45,PROS,9999.0,1042053,0,1042053,1,
2026-05-27 00:22:45,PROS,0.0,0,1242236,1242236,6,
2026-05-27 00:23:45,PROS,0.0,0,1938218,1938218,8,
2026-05-27 00:24:45,PROS,0.0,0,18816,18816,1,
2026-05-27 00:25:45,PROS,100.0,10073189,10071803,20144992,5,
2026-05-27 00:26:45,PROS,8.0,88521,1101600,1190121,2,
2026-05-27 00:27:45,PROS,288.7,1148553,397831,1546384,3,
2026-05-27 00:28:45,PROS,0.0,0,24136,24136,1,
2026-05-27 00:31:45,PROS,1318.3,989295,75041,1064335,11,
2026-05-27 00:32:45,PROS,41.6,14946110,35889456,50835565,8,
2026-05-27 00:33:45,PROS,9999.0,2756135,0,2756135,2,
2026-05-27 00:34:45,PROS,0.0,0,62862,62862,1,
2026-05-27 00:37:45,PROS,0.0,0,3831988,3831988,4,
2026-05-27 00:38:45,PROS,0.0,0,67301,67301,1,
2026-05-27 00:42:45,PROS,177.6,97004,54632,151636,3,
2026-05-27 00:45:45,PROS,0.0,0,3795643,3795643,3,
2026-05-27 00:47:45,PROS,9999.0,237887,0,237887,1,
2026-05-27 00:50:45,PROS,0.0,0,5095,5095,1,
2026-05-27 00:51:45,PROS,0.0,0,3689753,3689753,1,
2026-05-27 00:52:45,PROS,103.6,140338,135429,275768,3,
2026-05-27 00:54:46,PROS,8.7,254153,2911308,3165461,16,
2026-05-27 00:55:46,PROS,0.0,0,1597048,1597048,7,
2026-05-27 00:56:46,PROS,0.0,0,414691,414691,2,
2026-05-27 00:57:46,PROS,0.0,0,179993,179993,1,
2026-05-27 00:59:46,PROS,0.0,0,1357351,1357351,2,
2026-05-27 01:00:46,PROS,9999.0,213821,0,213821,3,
2026-05-27 01:01:46,PROS,0.0,0,199913,199913,2,
2026-05-27 01:03:46,PROS,0.0,0,251089,251089,1,
2026-05-27 01:05:46,PROS,0.0,0,282040,282040,2,
2026-05-27 01:06:46,PROS,9999.0,33441,0,33441,2,
2026-05-27 01:08:46,PROS,0.0,0,87280,87280,1,
2026-05-27 01:10:46,PROS,0.0,0,51209,51209,1,
2026-05-27 01:11:46,PROS,0.0,0,136323,136323,1,
2026-05-27 01:12:46,PROS,0.0,0,216266,216266,2,
2026-05-27 01:19:46,PROS,9999.0,653652,0,653652,5,
2026-05-27 01:27:46,PROS,0.0,0,66750,66750,1,
2026-05-27 01:31:46,PROS,0.0,0,705529,705529,1,
2026-05-27 01:32:46,PROS,9999.0,120945,0,120945,1,
2026-05-27 01:37:46,PROS,0.0,0,573374,573374,1,
2026-05-27 01:39:46,PROS,9999.0,236340,0,236340,1,
2026-05-27 01:47:46,PROS,9999.0,576631,0,576631,1,
2026-05-27 01:48:46,PROS,0.0,0,50000,50000,1,
2026-05-27 01:50:46,PROS,9999.0,9199,0,9199,1,
2026-05-27 01:51:46,PROS,0.0,0,175017,175017,1,
2026-05-27 01:52:46,PROS,0.0,0,87605,87605,1,
2026-05-27 01:57:46,PROS,9999.0,366800,0,366800,1,
2026-05-27 01:58:46,PROS,9999.0,135847,0,135847,2,
2026-05-27 01:59:46,PROS,9999.0,48372,0,48372,1,
2026-05-27 02:02:46,PROS,9999.0,333905,0,333905,2,
2026-05-27 02:03:46,PROS,9999.0,256414,0,256414,2,
2026-05-27 02:04:46,PROS,9999.0,163751,0,163751,2,
2026-05-27 02:05:46,PROS,9999.0,114959,0,114959,3,
2026-05-27 02:06:46,PROS,9999.0,187346,0,187346,1,
2026-05-27 02:07:46,PROS,9999.0,71848,0,71848,3,
2026-05-27 02:08:46,PROS,9999.0,525935,0,525935,2,
2026-05-27 02:10:46,PROS,9999.0,50240,0,50240,3,
2026-05-27 02:11:46,PROS,9999.0,0,0,0,1,
2026-05-27 02:15:46,PROS,0.0,0,220397,220397,1,
2026-05-27 02:26:46,PROS,9999.0,74479,0,74479,1,
2026-05-27 02:29:46,PROS,9999.0,9194,0,9194,1,
2026-05-27 02:30:46,PROS,0.0,0,62628,62628,4,
2026-05-27 02:31:46,PROS,9999.0,242883,0,242883,3,
2026-05-27 02:38:46,PROS,0.0,0,2000002,2000002,4,
2026-05-27 02:39:46,PROS,0.0,0,165147,165147,1,
2026-05-27 02:45:46,PROS,0.0,0,449000,449000,1,
2026-05-27 03:07:46,PROS,9999.0,937372,0,937372,7,
2026-05-27 03:21:46,PROS,9999.0,50526,0,50526,2,
2026-05-27 03:22:46,PROS,961.7,10582496,1100400,11682896,5,
2026-05-27 03:23:46,PROS,0.0,0,309565,309565,2,
2026-05-27 03:24:46,PROS,0.0,0,689935,689935,2,
2026-05-27 03:27:46,PROS,9999.0,200052,0,200052,1,
2026-05-27 03:30:46,PROS,0.0,0,9616059,9616059,1,
2026-05-27 03:32:46,PROS,9999.0,320057,0,320057,3,
2026-05-27 03:33:46,PROS,9999.0,501630,0,501630,1,
2026-05-27 03:38:46,PROS,2678.1,1005502,37546,1043048,2,
2026-05-27 03:40:46,PROS,9999.0,481191,0,481191,1,
2026-05-27 03:42:46,PROS,1001.9,2006551,200269,2206820,4,
2026-05-27 03:44:46,PROS,0.0,0,1042070,1042070,3,
2026-05-27 03:45:46,PROS,158.7,99609,62775,162384,2,
2026-05-27 03:46:46,PROS,9999.0,236856,0,236856,1,
2026-05-27 03:47:46,PROS,9999.0,609105,0,609105,1,
2026-05-27 03:53:46,PROS,9999.0,83000,0,83000,2,
2026-05-27 03:55:46,PROS,9999.0,45000,0,45000,2,
2026-05-27 04:00:46,PROS,0.0,0,100000,100000,2,
2026-05-27 04:02:46,PROS,4984.9,4984899,100000,5084899,4,
2026-05-27 04:03:46,PROS,9999.0,50000,0,50000,1,
2026-05-27 04:09:46,PROS,0.0,0,1332409,1332409,4,
2026-05-27 04:10:46,PROS,10.7,614546,5732980,6347526,47,
2026-05-27 04:11:46,PROS,436.9,2061390,471787,2533176,15,
2026-05-27 04:12:46,PROS,9999.0,171324,0,171324,4,
2026-05-27 04:13:46,PROS,20.2,249448,1234651,1484099,3,
2026-05-27 04:14:46,PROS,21.0,1163489,5541597,6705086,19,
2026-05-27 04:15:46,PROS,0.0,0,97333,97333,1,
2026-05-27 04:21:46,PROS,0.0,0,9406477,9406477,4,
2026-05-27 04:31:46,PROS,9999.0,340296,0,340296,1,
2026-05-27 04:32:46,PROS,9999.0,199855,0,199855,4,
2026-05-27 04:33:46,PROS,9999.0,186973,0,186973,5,
2026-05-27 04:35:46,PROS,0.0,0,71253,71253,2,
2026-05-27 04:37:46,PROS,9999.0,180229,0,180229,4,
2026-05-27 04:40:46,PROS,9999.0,10000,0,10000,1,
2026-05-27 04:41:46,PROS,0.0,0,86260,86260,1,
2026-05-27 04:44:46,PROS,0.0,0,2459412,2459412,6,
2026-05-27 04:48:46,PROS,0.0,0,379419,379419,2,
2026-05-27 04:50:46,PROS,9999.0,500749,0,500749,1,
2026-05-27 04:51:46,PROS,538.9,649785,120581,770366,2,
2026-05-27 04:53:46,PROS,0.0,0,240377,240377,3,
2026-05-27 04:54:46,PROS,0.0,0,1259623,1259623,1,
2026-05-27 04:55:46,PROS,9999.0,10011,0,10011,1,
2026-05-27 05:02:46,PROS,9999.0,464948,0,464948,2,
2026-05-27 05:03:46,PROS,9999.0,849812,0,849812,1,
2026-05-27 05:13:46,PROS,9999.0,377627,0,377627,1,
2026-05-27 05:19:46,PROS,9999.0,127780,0,127780,2,
2026-05-27 05:20:46,PROS,9999.0,0,0,0,1,
2026-05-27 05:21:46,PROS,9999.0,30224,0,30224,1,
2026-05-27 05:26:46,PROS,724.0,492356,68001,560358,4,
2026-05-27 05:29:46,PROS,9999.0,1028572,0,1028572,3,
2026-05-27 05:30:46,PROS,9999.0,157336,0,157336,1,
2026-05-27 05:34:46,PROS,0.0,0,32562,32562,2,
2026-05-27 05:36:46,PROS,0.0,0,2349903,2349903,4,
2026-05-27 05:43:46,PROS,0.0,0,100221,100221,1,
2026-05-27 05:44:46,PROS,9999.0,99986,0,99986,4,
2026-05-27 05:45:46,PROS,0.0,0,282995,282995,1,
2026-05-27 05:46:46,PROS,9999.0,173375,0,173375,1,
2026-05-27 05:47:46,PROS,9999.0,198701,0,198701,1,
2026-05-27 05:49:46,PROS,0.0,0,29671,29671,1,
2026-05-27 05:59:46,PROS,0.0,0,1319516,1319516,1,
2026-05-27 06:00:46,PROS,0.0,0,154379,154379,1,
2026-05-27 06:12:46,PROS,9999.0,211616,0,211616,1,
2026-05-27 06:14:46,PROS,9999.0,296694,0,296694,3,
2026-05-27 06:18:46,PROS,9999.0,1800375,0,1800375,4,
2026-05-27 06:19:46,PROS,9999.0,6772010,0,6772010,21,
2026-05-27 06:31:46,PROS,0.0,0,341803,341803,1,
2026-05-27 06:32:46,PROS,9999.0,41131,0,41131,3,
2026-05-27 06:33:46,PROS,0.0,0,9144,9144,1,
2026-05-27 06:40:46,PROS,0.0,0,142275,142275,1,
2026-05-27 06:41:46,PROS,0.0,0,231851,231851,4,
2026-05-27 06:43:46,PROS,0.0,0,18200,18200,1,
2026-05-27 06:45:46,PROS,0.0,0,243048,243048,1,
2026-05-27 06:46:46,PROS,212.9,330648,155288,485936,4,
2026-05-27 06:47:46,PROS,9999.0,2819756,0,2819756,6,
2026-05-27 06:48:46,PROS,9999.0,351552,0,351552,5,
2026-05-27 06:49:46,PROS,9999.0,1,0,1,1,
2026-05-27 06:55:46,PROS,0.0,0,326813,326813,2,
2026-05-27 06:58:46,PROS,9999.0,1684042,0,1684042,1,
2026-05-27 07:02:46,PROS,9999.0,10580,0,10580,1,
2026-05-27 07:04:46,PROS,9999.0,306348,0,306348,3,
2026-05-27 07:05:46,PROS,9999.0,117949,0,117949,1,
2026-05-27 07:09:46,PROS,0.0,0,58926,58926,4,
2026-05-27 07:10:46,PROS,9999.0,248550,0,248550,6,
2026-05-27 07:11:46,PROS,9999.0,1149425,0,1149425,2,
2026-05-27 07:12:46,PROS,146.5,188825,128927,317752,3,
2026-05-27 07:13:46,PROS,9999.0,288458,0,288458,6,
2026-05-27 07:14:46,PROS,9999.0,108630,0,108630,2,
2026-05-27 07:15:46,PROS,9999.0,621937,0,621937,2,
2026-05-27 07:17:46,PROS,9999.0,9983,0,9983,1,
2026-05-27 07:18:46,PROS,9999.0,601616,0,601616,4,
2026-05-27 07:19:46,PROS,9999.0,1636977,0,1636977,2,
2026-05-27 07:22:46,PROS,9999.0,94283,0,94283,3,
2026-05-27 07:23:46,PROS,9999.0,968,0,968,1,
2026-05-27 07:26:46,PROS,9999.0,451760,0,451760,4,
2026-05-27 07:30:46,PROS,0.0,0,1120032,1120032,6,
2026-05-27 07:35:46,PROS,9999.0,151451,0,151451,2,
2026-05-27 07:36:46,PROS,9999.0,789888,0,789888,4,
2026-05-27 07:37:46,PROS,0.0,0,137382,137382,2,
2026-05-27 07:38:46,PROS,0.0,0,790996,790996,2,
2026-05-27 07:39:46,PROS,33.9,348672,1027856,1376528,3,
2026-05-27 07:40:46,PROS,40.6,180603,444910,625512,5,
2026-05-27 07:51:46,PROS,0.0,0,322831,322831,2,
2026-05-27 07:52:46,PROS,6686.3,2290586,34258,2324844,10,
2026-05-27 07:53:46,PROS,9999.0,645229,0,645229,4,
2026-05-27 07:54:46,PROS,9999.0,39659,0,39659,1,
2026-05-27 07:55:46,PROS,0.0,0,597360,597360,2,
2026-05-27 07:56:46,PROS,380.8,4364407,1146144,5510551,13,
2026-05-27 08:02:47,PROS,9999.0,458671,0,458671,4,
2026-05-27 08:03:47,PROS,9999.0,34814,0,34814,1,
2026-05-27 08:11:47,PROS,9999.0,564751,0,564751,4,
2026-05-27 08:21:47,PROS,0.0,0,272863,272863,2,
2026-05-27 08:23:47,PROS,118.5,557063,469898,1026960,2,
2026-05-27 08:24:47,PROS,0.0,0,4359452,4359452,8,
2026-05-27 08:27:47,PROS,9999.0,5760,0,5760,1,
2026-05-27 08:31:47,PROS,9999.0,804624,0,804624,6,
2026-05-27 08:32:47,PROS,9999.0,148118,0,148118,2,
2026-05-27 08:36:47,PROS,0.0,0,7149998,7149998,5,
2026-05-27 08:42:47,PROS,9999.0,4979,0,4979,1,
2026-05-27 08:43:47,PROS,0.0,0,277791,277791,3,
2026-05-27 08:44:47,PROS,0.0,0,22548,22548,1,
2026-05-27 08:45:47,PROS,0.0,0,481925,481925,2,
2026-05-27 08:51:47,PROS,9999.0,390123,0,390123,1,
2026-05-27 08:55:47,PROS,0.0,0,442774,442774,3,
2026-05-27 08:57:47,PROS,9999.0,287968,0,287968,2,
2026-05-27 09:00:47,PROS,0.0,0,1732840,1732840,4,
2026-05-27 09:02:47,PROS,44.4,3162915,7118180,10281095,8,
2026-05-27 09:04:47,PROS,17.2,51452,299668,351120,5,
2026-05-27 09:05:47,PROS,285.0,715756,251115,966871,7,
2026-05-27 09:07:47,PROS,0.0,0,1366968,1366968,3,
2026-05-27 09:08:47,PROS,0.0,0,3927560,3927560,4,
2026-05-27 09:09:47,PROS,0.0,0,568869,568869,1,
2026-05-27 09:10:47,PROS,9999.0,5750195,0,5750195,6,
2026-05-27 09:11:47,PROS,0.0,0,2651037,2651037,4,
2026-05-27 09:12:47,PROS,1.4,21688,1600836,1622524,5,
2026-05-27 09:14:47,PROS,3.1,56050,1821585,1877635,6,
2026-05-27 09:16:47,PROS,9999.0,7240,0,7240,1,
2026-05-27 09:17:47,PROS,1.6,12648,778628,791276,4,
2026-05-27 09:18:47,PROS,9999.0,12642,0,12642,2,
2026-05-27 09:19:47,PROS,48.2,5418,11243,16661,2,
2026-05-27 09:20:47,PROS,3.6,16248,449715,465963,6,
2026-05-27 09:21:47,PROS,8.2,428915,5216294,5645209,3,
2026-05-27 09:22:47,PROS,24.5,50946,208057,259004,3,
2026-05-27 09:27:47,PROS,0.0,0,5370,5370,1,
2026-05-27 09:28:47,PROS,0.0,0,27030,27030,1,
2026-05-27 09:29:47,PROS,9999.0,293922,0,293922,2,
2026-05-27 09:31:47,PROS,132.3,5525162,4177436,9702597,13,
2026-05-27 09:35:47,PROS,0.0,0,7276505,7276505,4,
2026-05-27 09:37:47,PROS,18.5,199779,1077731,1277510,3,
2026-05-27 09:38:47,PROS,0.0,0,973308,973308,1,
2026-05-27 09:39:47,PROS,0.0,0,450500,450500,1,
2026-05-27 09:40:47,PROS,0.0,0,48793,48793,2,
2026-05-27 09:41:47,PROS,60.3,4984278,8272023,13256301,7,
2026-05-27 09:42:47,PROS,0.0,0,2508394,2508394,1,
2026-05-27 09:47:47,PROS,0.0,0,1935269,1935269,1,
2026-05-27 09:48:47,PROS,9999.0,718146,0,718146,3,
2026-05-27 09:49:47,PROS,9999.0,2550482,0,2550482,1,
2026-05-27 09:50:47,PROS,9999.0,2295433,0,2295433,1,
2026-05-27 09:51:47,PROS,9999.0,2900208,0,2900208,1,
2026-05-27 09:52:47,PROS,9999.0,272495,0,272495,4,
2026-05-27 09:55:47,PROS,9999.0,10000,0,10000,1,
2026-05-27 09:56:47,PROS,721.7,496405,68780,565185,5,
2026-05-27 09:57:47,PROS,25137.7,4142272,16478,4158750,8,
2026-05-27 09:58:47,PROS,9999.0,1196805,0,1196805,5,
2026-05-27 09:59:47,PROS,9999.0,2855867,0,2855867,3,
2026-05-27 10:00:47,PROS,0.0,0,1758201,1758201,1,
2026-05-27 10:01:47,PROS,9999.0,5734,0,5734,1,
2026-05-27 10:02:47,PROS,161.9,1149399,710080,1859479,4,
2026-05-27 10:03:47,PROS,9999.0,2765962,0,2765962,9,
2026-05-27 10:05:47,PROS,9999.0,9953,0,9953,1,
2026-05-27 10:09:47,PROS,9999.0,193161,0,193161,4,
2026-05-27 10:10:47,PROS,9999.0,505912,0,505912,4,
2026-05-27 10:11:47,PROS,9999.0,1070735,0,1070735,3,
2026-05-27 10:12:47,PROS,1494.1,456835,30576,487412,3,
2026-05-27 10:13:47,PROS,0.0,0,3235374,3235374,3,
2026-05-27 10:15:47,PROS,0.0,0,9080,9080,1,
2026-05-27 10:17:47,PROS,9999.0,508399,0,508399,1,
2026-05-27 10:18:47,PROS,9999.0,713847,0,713847,6,
2026-05-27 10:19:47,PROS,9999.0,3466349,0,3466349,1,
2026-05-27 10:20:47,PROS,0.0,0,9964,9964,1,
2026-05-27 10:21:47,PROS,9999.0,668443,0,668443,5,
2026-05-27 10:22:47,PROS,10.3,1101558,10699888,11801446,5,
2026-05-27 10:23:47,PROS,355.8,613255,172363,785618,3,
2026-05-27 10:24:47,PROS,2369.5,6461653,272699,6734352,11,
2026-05-27 10:25:47,PROS,9999.0,1280149,0,1280149,8,
2026-05-27 10:26:47,PROS,9999.0,1304259,0,1304259,5,
2026-05-27 10:27:47,PROS,2.8,140286,5045150,5185435,8,
2026-05-27 10:28:47,PROS,9999.0,3390115,0,3390115,9,
2026-05-27 10:29:47,PROS,9999.0,2013098,0,2013098,12,
2026-05-27 10:30:47,PROS,127.0,332524,261882,594406,7,
2026-05-27 10:31:47,PROS,116.7,3149661,2699712,5849372,13,
2026-05-27 10:32:47,PROS,0.0,0,1628174,1628174,1,
2026-05-27 10:35:47,PROS,11.3,496207,4381764,4877971,7,
2026-05-27 10:36:47,PROS,6.5,44634,688004,732638,11,
2026-05-27 10:37:47,PROS,9999.0,958095,0,958095,4,
2026-05-27 10:38:47,PROS,9999.0,6131815,0,6131815,17,
2026-05-27 10:39:47,PROS,12.7,31731,250549,282280,2,
2026-05-27 10:40:47,PROS,9999.0,38551,0,38551,1,
2026-05-27 10:41:47,PROS,9999.0,2860884,0,2860884,5,
2026-05-27 10:42:47,PROS,983.4,10919612,1110369,12029981,10,
2026-05-27 10:43:47,PROS,1048.2,3161286,301606,3462892,11,
2026-05-27 10:44:47,PROS,0.0,0,827602,827602,5,
2026-05-27 10:45:47,PROS,1.2,94787,7792775,7887562,11,
2026-05-27 10:46:47,PROS,321.6,1812273,563542,2375814,8,
2026-05-27 10:47:47,PROS,113.2,883650,780369,1664019,6,
2026-05-27 10:48:47,PROS,0.0,0,1473138,1473138,8,
2026-05-27 10:49:47,PROS,0.0,0,43758,43758,1,
2026-05-27 10:50:47,PROS,36.1,1767649,4897306,6664955,11,
2026-05-27 10:51:47,PROS,20443.4,3607114,17644,3624759,8,
2026-05-27 10:52:47,PROS,511.8,2110083,412295,2522378,4,
2026-05-27 10:53:47,PROS,287.2,7021397,2444430,9465827,10,
2026-05-27 10:54:47,PROS,0.0,0,400427,400427,3,
2026-05-27 10:55:47,PROS,9999.0,4066911,0,4066911,3,
2026-05-27 10:56:47,PROS,0.0,0,110201,110201,2,
2026-05-27 10:59:47,PROS,0.0,0,2152443,2152443,3,
2026-05-27 11:01:47,PROS,965.5,2424253,251091,2675344,10,
2026-05-27 11:02:47,PROS,9999.0,8668257,0,8668257,8,
2026-05-27 11:03:47,PROS,0.0,0,3297746,3297746,9,
2026-05-27 11:04:47,PROS,0.0,0,2296352,2296352,1,
2026-05-27 11:05:47,PROS,0.0,0,1006517,1006517,2,
2026-05-27 11:06:47,PROS,0.0,0,930013,930013,2,
2026-05-27 11:07:47,PROS,0.0,0,4824120,4824120,4,
2026-05-27 11:10:47,PROS,193.8,4464307,2303928,6768235,9,
2026-05-27 11:11:47,PROS,4297.1,6233811,145071,6378883,11,
2026-05-27 11:12:47,PROS,9999.0,1148591,0,1148591,2,
2026-05-27 11:14:47,PROS,9999.0,1168405,0,1168405,4,
2026-05-27 11:15:47,PROS,812.7,1854210,228148,2082358,10,
2026-05-27 11:16:47,PROS,0.0,0,651035,651035,5,
2026-05-27 11:17:47,PROS,9999.0,1261070,0,1261070,2,
2026-05-27 11:18:47,PROS,11.1,1073198,9667354,10740552,12,
2026-05-27 11:19:47,PROS,0.0,0,6195056,6195056,9,
2026-05-27 11:20:47,PROS,0.7,20000,2916272,2936272,7,
2026-05-27 11:21:47,PROS,5.5,409962,7392336,7802298,8,
2026-05-27 11:22:47,PROS,21.1,228752,1084590,1313341,8,
2026-05-27 11:23:47,PROS,4.9,45585,925704,971289,9,
2026-05-27 11:24:47,PROS,64972.1,5975158,9196,5984355,11,
2026-05-27 11:25:47,PROS,0.0,0,1208902,1208902,7,
2026-05-27 11:26:47,PROS,1.8,9985,541000,550985,5,
2026-05-27 11:27:47,PROS,9999.0,2839898,0,2839898,2,
2026-05-27 11:28:47,PROS,3402.3,1185049,34831,1219880,4,
2026-05-27 11:29:47,PROS,0.8,7288,944566,951855,5,
2026-05-27 11:30:47,PROS,1.2,23305,2000307,2023612,5,
2026-05-27 11:31:47,PROS,9999.0,5599,0,5599,1,
2026-05-27 11:32:47,PROS,23.6,8410,35640,44050,3,
2026-05-27 11:33:47,PROS,9999.0,515759,0,515759,2,
2026-05-27 11:34:47,PROS,8.1,8402,104110,112512,3,
2026-05-27 11:35:47,PROS,4.8,5317,109995,115312,3,
2026-05-27 11:36:47,PROS,326.7,1007616,308463,1316079,4,
2026-05-27 11:37:47,PROS,9999.0,6854,0,6854,1,
2026-05-27 11:39:47,PROS,0.0,0,132231,132231,4,
2026-05-27 11:40:47,PROS,0.0,0,20188,20188,3,
2026-05-27 11:41:47,PROS,9999.0,7890,0,7890,1,
2026-05-27 11:42:47,PROS,0.0,0,25241,25241,1,
2026-05-27 11:43:47,PROS,4.5,9984,222076,232061,4,
2026-05-27 11:44:47,PROS,9999.0,8996,0,8996,1,
2026-05-27 11:45:47,PROS,14.4,8096,56324,64420,2,
2026-05-27 11:46:47,PROS,65.0,1746645,2687551,4434196,10,
2026-05-27 11:47:47,PROS,9999.0,5033446,0,5033446,3,
2026-05-27 11:48:47,PROS,0.0,0,5832589,5832589,1,
2026-05-27 11:49:47,PROS,71.0,2456397,3460229,5916625,21,
2026-05-27 11:50:47,PROS,1.3,9956,765864,775820,8,
2026-05-27 11:51:47,PROS,9999.0,28740,0,28740,1,
2026-05-27 11:52:47,PROS,9999.0,25865,0,25865,1,
2026-05-27 11:53:47,PROS,0.0,0,31935,31935,1,
2026-05-27 11:54:47,PROS,44.9,25312,56374,81686,5,
2026-05-27 11:56:47,PROS,144030.0,11979123,8317,11987440,19,
2026-05-27 11:57:47,PROS,9999.0,19745,0,19745,1,
2026-05-27 12:00:47,PROS,9999.0,2523027,0,2523027,10,
2026-05-27 12:01:47,PROS,9999.0,7960125,0,7960125,9,
2026-05-27 12:02:47,PROS,9999.0,10313518,0,10313518,15,
2026-05-27 12:03:47,PROS,9999.0,122873,0,122873,2,
2026-05-27 12:04:47,PROS,9999.0,15974,0,15974,1,
2026-05-27 12:06:47,PROS,9999.0,14394,0,14394,1,
2026-05-27 12:07:47,PROS,9999.0,34485,0,34485,1,
2026-05-27 12:11:47,PROS,676.7,87655,12953,100608,3,
2026-05-27 12:15:47,PROS,71.4,6412479,8983826,15396305,8,
2026-05-27 12:16:47,PROS,0.3,30465,9547126,9577591,14,
2026-05-27 12:17:47,PROS,0.0,0,1586481,1586481,4,
2026-05-27 12:18:47,PROS,9999.0,64500,0,64500,2,
2026-05-27 12:19:47,PROS,9999.0,7641,0,7641,1,
2026-05-27 12:20:47,PROS,9999.0,6878,0,6878,1,
2026-05-27 12:21:47,PROS,1.8,8974,501369,510343,5,
2026-05-27 12:22:47,PROS,0.0,0,1505017,1505017,12,
2026-05-27 12:23:47,PROS,9999.0,8067,0,8067,1,
2026-05-27 12:24:47,PROS,0.0,0,6090,6090,1,
2026-05-27 12:25:47,PROS,9999.0,8829,0,8829,1,
2026-05-27 12:30:47,PROS,9999.0,12223533,0,12223533,8,
2026-05-27 12:31:47,PROS,0.0,0,5683,5683,1,
2026-05-27 12:36:47,PROS,9999.0,1307834,0,1307834,6,
2026-05-27 12:37:47,PROS,9999.0,17270987,0,17270987,18,
2026-05-27 12:38:47,PROS,0.0,0,6617,6617,1,
2026-05-27 12:39:47,PROS,0.0,0,250548,250548,4,
2026-05-27 12:40:47,PROS,1778.9,1778912,100000,1878912,4,
2026-05-27 12:41:47,PROS,9999.0,402724,0,402724,3,
2026-05-27 12:42:47,PROS,0.0,0,2425530,2425530,1,
2026-05-27 12:43:47,PROS,9999.0,5710862,0,5710862,3,
2026-05-27 12:44:47,PROS,9999.0,11987,0,11987,1,
2026-05-27 12:45:47,PROS,0.0,0,213190,213190,1,
2026-05-27 12:46:47,PROS,0.0,0,433214,433214,4,
2026-05-27 12:48:47,PROS,0.0,0,411073,411073,3,
2026-05-27 12:50:47,PROS,7.2,17083,235792,252875,5,
2026-05-27 12:52:47,PROS,9999.0,6558,0,6558,1,
2026-05-27 12:55:47,PROS,40.7,277017,680222,957239,4,
2026-05-27 12:56:47,PROS,9999.0,82826,0,82826,2,
2026-05-27 12:57:47,PROS,9999.0,86116,0,86116,1,
2026-05-27 12:58:47,PROS,1344.8,749826,55756,805582,4,
2026-05-27 12:59:47,PROS,9999.0,125137,0,125137,1,
2026-05-27 13:00:47,PROS,125.6,131537,104692,236228,2,
2026-05-27 13:01:47,PROS,9999.0,596523,0,596523,7,
2026-05-27 13:03:47,PROS,9999.0,901064,0,901064,5,
2026-05-27 13:04:47,PROS,9999.0,395023,0,395023,2,
2026-05-27 13:05:47,PROS,2176.1,431785,19842,451627,6,
2026-05-27 13:07:47,PROS,9999.0,11953,0,11953,2,
2026-05-27 13:08:47,PROS,9999.0,279105,0,279105,4,
2026-05-27 13:09:47,PROS,9999.0,104243,0,104243,2,
2026-05-27 13:10:47,PROS,9999.0,64959,0,64959,2,
2026-05-27 13:11:47,PROS,9999.0,538880,0,538880,5,
2026-05-27 13:12:47,PROS,9999.0,2206550,0,2206550,7,
2026-05-27 13:13:47,PROS,9999.0,7192014,0,7192014,15,
2026-05-27 13:14:47,PROS,0.0,0,200741,200741,1,
2026-05-27 13:15:47,PROS,9999.0,5034,0,5034,1,
2026-05-27 13:16:47,PROS,9999.0,9903,0,9903,1,
2026-05-27 13:17:47,PROS,596.3,21665698,3633352,25299050,9,
2026-05-27 13:18:47,PROS,9999.0,17558,0,17558,2,
2026-05-27 13:19:47,PROS,188.2,9364471,4975065,14339536,14,
2026-05-27 13:20:47,PROS,1.0,154745,15237146,15391891,6,
2026-05-27 13:22:47,PROS,9999.0,97588,0,97588,2,
2026-05-27 13:24:47,PROS,8.1,7287,89751,97038,2,
2026-05-27 13:25:47,PROS,9999.0,17980,0,17980,1,
2026-05-27 13:27:47,PROS,9999.0,153037,0,153037,2,
2026-05-27 13:28:47,PROS,9999.0,300755,0,300755,6,
2026-05-27 13:29:47,PROS,9999.0,500000,0,500000,1,
2026-05-27 13:30:47,PROS,0.0,0,2337193,2337193,7,
2026-05-27 13:31:47,PROS,160.0,982140,613704,1595844,9,
2026-05-27 13:32:47,PROS,98.0,16926371,17265044,34191415,31,
2026-05-27 13:33:47,PROS,894.4,5121939,572680,5694619,25,
2026-05-27 13:34:47,PROS,9999.0,1740140,0,1740140,9,
2026-05-27 13:35:47,PROS,14.9,5881,39541,45422,4,
2026-05-27 13:36:47,PROS,2123.7,3689420,173723,3863143,18,
2026-05-27 13:37:47,PROS,66.9,765338,1143436,1908773,5,
2026-05-27 13:38:47,PROS,9999.0,5300,0,5300,1,
2026-05-27 13:39:47,PROS,143.7,842336,586376,1428712,7,
2026-05-27 13:40:47,PROS,9999.0,75639,0,75639,2,
2026-05-27 13:41:47,PROS,9999.0,3324274,0,3324274,9,
2026-05-27 13:43:47,PROS,218.8,6524670,2982521,9507191,5,
2026-05-27 13:44:47,PROS,9999.0,20000,0,20000,1,
2026-05-27 13:46:47,PROS,9999.0,28236,0,28236,5,
2026-05-27 13:47:47,PROS,9999.0,3772903,0,3772903,1,
2026-05-27 13:48:47,PROS,9999.0,1980455,0,1980455,4,
2026-05-27 13:49:47,PROS,119.1,147316,123689,271005,6,
2026-05-27 13:50:47,PROS,9999.0,4857832,0,4857832,1,
2026-05-27 13:51:47,PROS,690.8,6666954,965086,7632040,8,
2026-05-27 13:52:47,PROS,9999.0,12689686,0,12689686,12,
2026-05-27 13:53:47,PROS,283.8,14250062,5020781,19270843,22,
2026-05-27 13:54:47,PROS,9999.0,20000,0,20000,1,
2026-05-27 13:55:47,PROS,0.0,0,117924,117924,2,
2026-05-27 13:57:47,PROS,4.7,18934,401045,419979,6,
2026-05-27 13:58:47,PROS,0.0,0,50000,50000,1,
2026-05-27 13:59:47,PROS,0.0,0,1002743,1002743,1,
2026-05-27 14:00:48,PROS,9999.0,9953,0,9953,1,
2026-05-27 14:01:48,PROS,0.1,8092,6366726,6374818,7,
2026-05-27 14:02:48,PROS,9999.0,2734108,0,2734108,9,
2026-05-27 14:03:48,PROS,282.8,4739346,1676137,6415482,17,
2026-05-27 14:04:48,PROS,9999.0,10196612,0,10196612,6,
2026-05-27 14:05:48,PROS,520.1,17868267,3435630,21303897,27,
2026-05-27 14:06:48,PROS,0.0,0,2102797,2102797,8,
2026-05-27 14:07:48,PROS,0.0,0,21428266,21428266,11,
2026-05-27 14:08:48,PROS,9999.0,27354,0,27354,2,
2026-05-27 14:09:48,PROS,62.3,2997574,4810232,7807807,6,
2026-05-27 14:10:48,PROS,0.0,0,10000,10000,1,
2026-05-27 14:11:48,PROS,0.0,0,10000,10000,1,
2026-05-27 14:12:48,PROS,2075.8,207584,10000,217584,5,
2026-05-27 14:13:48,PROS,0.0,0,2240044,2240044,5,
2026-05-27 14:15:48,PROS,351.7,9342113,2656536,11998649,7,
2026-05-27 14:16:48,PROS,185.4,6006031,3239197,9245228,5,
2026-05-27 14:17:48,PROS,0.0,0,5600,5600,1,
2026-05-27 14:19:48,PROS,6.3,6550,103415,109965,2,
2026-05-27 14:21:48,PROS,8.4,5902,70323,76225,2,
2026-05-27 14:22:48,PROS,9999.0,732764,0,732764,5,
2026-05-27 14:23:48,PROS,418.7,2996031,715548,3711580,12,
2026-05-27 14:24:48,PROS,15221.9,2702821,17756,2720577,7,
2026-05-27 14:25:48,PROS,9999.0,180626,0,180626,1,
2026-05-27 14:26:48,PROS,112.5,352661,313581,666242,4,
2026-05-27 14:27:48,PROS,107.3,1013205,944551,1957756,11,
2026-05-27 14:28:48,PROS,9999.0,11431500,0,11431500,44,
2026-05-27 14:29:48,PROS,9999.0,1350558,0,1350558,13,
2026-05-27 14:30:48,PROS,2885.7,194304,6733,201038,3,
2026-05-27 14:31:48,PROS,0.0,0,169160,169160,4,
2026-05-27 14:32:48,PROS,9999.0,1417997,0,1417997,10,
2026-05-27 14:33:48,PROS,76.0,1108302,1457489,2565791,10,
2026-05-27 14:34:48,PROS,111546.2,5794151,5194,5799345,30,
2026-05-27 14:35:48,PROS,2247.5,1605820,71449,1677269,15,
2026-05-27 14:36:48,PROS,149.8,295325,197159,492484,4,
2026-05-27 14:37:48,PROS,1353.8,4931287,364252,5295538,27,
2026-05-27 14:38:48,PROS,2.8,5200,184729,189929,2,
2026-05-27 14:39:48,PROS,0.0,0,1699172,1699172,1,
2026-05-27 14:40:48,PROS,0.0,0,78233,78233,2,
2026-05-27 14:41:48,PROS,0.0,0,5682187,5682187,4,
2026-05-27 14:42:48,PROS,9999.0,245699,0,245699,2,
2026-05-27 14:43:48,PROS,100.2,10022,10000,20022,2,
2026-05-27 14:44:48,PROS,108.5,15618144,14400083,30018227,13,
2026-05-27 14:45:48,PROS,9999.0,5994,0,5994,1,
2026-05-27 14:46:48,PROS,0.0,0,10000,10000,1,
2026-05-27 14:47:48,PROS,59.9,5994,10000,15994,2,
2026-05-27 14:48:48,PROS,9999.0,10000,0,10000,1,
2026-05-27 14:51:48,PROS,9999.0,18600,0,18600,2,
2026-05-27 14:52:48,PROS,9999.0,9129716,0,9129716,23,
2026-05-27 14:53:48,PROS,5.8,195056,3366449,3561505,8,
2026-05-27 14:54:48,PROS,88.3,1463969,1657295,3121264,13,
2026-05-27 14:55:48,PROS,77.1,5494432,7124582,12619013,13,
2026-05-27 14:56:48,PROS,83.6,2933709,3510166,6443874,22,
2026-05-27 14:57:48,PROS,52.4,1983996,3783452,5767447,6,
2026-05-27 14:58:48,PROS,0.0,0,10000,10000,1,
2026-05-27 15:01:48,PROS,11.1,5994,53983,59977,3,
2026-05-27 15:03:48,PROS,9999.0,2445516,0,2445516,5,
2026-05-27 15:04:48,PROS,466.6,1290775,276611,1567386,17,
2026-05-27 15:05:48,PROS,161.5,1144699,708700,1853398,11,
2026-05-27 15:06:48,PROS,9999.0,311665,0,311665,1,
2026-05-27 15:07:48,PROS,39.6,301755,762968,1064723,8,
2026-05-27 15:08:48,PROS,4.4,6000,136643,142643,3,
2026-05-27 15:09:48,PROS,9999.0,6826834,0,6826834,6,
2026-05-27 15:10:48,PROS,571.8,1646680,287976,1934656,5,
2026-05-27 15:11:48,PROS,16.0,2372960,14863394,17236354,26,
2026-05-27 15:12:48,PROS,7.1,23942,338816,362758,7,
2026-05-27 15:13:48,PROS,9999.0,11981,0,11981,2,
2026-05-27 15:14:48,PROS,0.4,23968,6608609,6632577,16,
2026-05-27 15:15:48,PROS,18515.6,1306000,7054,1313054,5,
2026-05-27 15:16:48,PROS,0.3,5994,2071730,2077724,5,
2026-05-27 15:17:48,PROS,9999.0,3602884,0,3602884,2,
2026-05-27 15:18:48,PROS,36.6,23699646,64729573,88429219,33,
2026-05-27 15:19:48,PROS,9999.0,27000,0,27000,1,
2026-05-27 15:20:48,PROS,2.8,45594,1612908,1658501,15,
2026-05-27 15:21:48,PROS,181.9,3223667,1772442,4996108,17,
2026-05-27 15:22:48,PROS,40.2,3407332,8482663,11889995,7,
2026-05-27 15:23:48,PROS,32.5,11981,36895,48876,5,
2026-05-27 15:24:48,PROS,9999.0,8518011,0,8518011,6,
2026-05-27 15:25:48,PROS,79.7,1849663,2320424,4170086,13,
2026-05-27 15:26:48,PROS,9999.0,228966,0,228966,2,
2026-05-27 15:27:48,PROS,9999.0,9577904,0,9577904,9,
2026-05-27 15:28:48,PROS,6450.2,4515168,70000,4585168,10,
2026-05-27 15:29:48,PROS,5.5,11955,218029,229984,5,
2026-05-27 15:30:48,PROS,0.0,0,10000,10000,1,
2026-05-27 15:31:48,PROS,9999.0,4328401,0,4328401,10,
2026-05-27 15:32:48,PROS,12614.3,1261430,10000,1271430,6,
2026-05-27 15:33:48,PROS,52.9,2110820,3987347,6098167,9,
2026-05-27 15:34:48,PROS,2.9,5987,210000,215987,3,
2026-05-27 15:35:48,PROS,0.3,11936,3894149,3906085,9,
2026-05-27 15:36:48,PROS,48.9,1855762,3793606,5649368,5,
2026-05-27 15:37:48,PROS,62.1,1043746,1680832,2724578,10,
2026-05-27 15:38:48,PROS,10.6,97263,920680,1017942,7,
2026-05-27 15:39:48,PROS,86.1,533966,619842,1153808,13,
2026-05-27 15:40:48,PROS,9999.0,999976,0,999976,10,
2026-05-27 15:41:48,PROS,1148.8,999472,86999,1086472,14,
2026-05-27 15:42:48,PROS,9999.0,90000,0,90000,1,
2026-05-27 15:43:48,PROS,9999.0,1973686,0,1973686,8,
2026-05-27 15:45:48,PROS,9999.0,174444,0,174444,1,
2026-05-27 15:46:48,PROS,9999.0,129084,0,129084,3,
2026-05-27 15:47:48,PROS,9999.0,435878,0,435878,6,
2026-05-27 15:48:48,PROS,51.9,23981,46196,70177,7,
2026-05-27 15:49:48,PROS,9999.0,2937673,0,2937673,15,
2026-05-27 15:50:48,PROS,9999.0,236412,0,236412,2,
2026-05-27 15:52:48,PROS,6.4,6000,93140,99140,2,
2026-05-27 15:53:48,PROS,3030.4,11561134,381502,11942635,8,
2026-05-27 15:54:48,PROS,640.3,2741733,428213,3169946,9,
2026-05-27 15:55:48,PROS,3.1,5994,190931,196925,2,
2026-05-27 15:56:48,PROS,57.6,19052,33095,52147,5,
2026-05-27 15:57:48,PROS,1835.8,2038102,111020,2149122,15,
2026-05-27 15:58:48,PROS,9999.0,5512971,0,5512971,17,
2026-05-27 15:59:48,PROS,187.3,1990109,1062659,3052768,12,
2026-05-27 16:00:48,PROS,9999.0,2818212,0,2818212,18,
2026-05-27 16:01:48,PROS,32.0,207998,650964,858962,8,
2026-05-27 16:02:48,PROS,87.8,637874,726462,1364336,5,
2026-05-27 16:03:48,PROS,2.0,11974,595368,607343,6,
2026-05-27 16:04:48,PROS,9999.0,1664056,0,1664056,19,
2026-05-27 16:05:48,PROS,36029.0,2161736,6000,2167736,15,
2026-05-27 16:06:48,PROS,9999.0,641587,0,641587,5,
2026-05-27 16:07:48,PROS,459.0,4569064,995386,5564450,18,
2026-05-27 16:08:48,PROS,687.2,9812946,1427920,11240866,16,
2026-05-27 16:09:48,PROS,351.1,403230,114846,518076,9,
2026-05-27 16:10:48,PROS,14.1,400022,2845540,3245563,8,
2026-05-27 16:11:48,PROS,53.5,654858,1223251,1878109,6,
2026-05-27 16:12:48,PROS,9999.0,8449955,0,8449955,5,
2026-05-27 16:13:48,PROS,9999.0,3629462,0,3629462,7,
2026-05-27 16:14:48,PROS,356.9,8497439,2380896,10878335,18,
2026-05-27 16:15:48,PROS,27.8,660681,2376162,3036843,8,
2026-05-27 16:16:48,PROS,61.8,285820,462184,748005,5,
2026-05-27 16:17:48,PROS,4.7,54401,1160205,1214606,4,
2026-05-27 16:18:48,PROS,0.3,46155,17259995,17306151,9,
2026-05-27 16:20:48,PROS,0.0,0,2456051,2456051,4,
2026-05-27 16:21:48,PROS,225.5,2255493,1000000,3255493,10,
2026-05-27 16:22:48,PROS,2432.3,2531453,104075,2635527,14,
2026-05-27 16:23:48,PROS,9999.0,1660684,0,1660684,4,
2026-05-27 16:24:48,PROS,0.0,0,817211,817211,3,
2026-05-27 16:25:48,PROS,9999.0,410761,0,410761,2,
2026-05-27 16:26:48,PROS,9999.0,2402645,0,2402645,12,
2026-05-27 16:27:48,PROS,0.0,0,9947,9947,1,
2026-05-27 16:30:48,PROS,6422.3,1528181,23795,1551976,8,
2026-05-27 16:31:48,PROS,9999.0,495740,0,495740,13,
2026-05-27 16:32:48,PROS,12754.8,6075508,47633,6123141,16,
2026-05-27 16:33:48,PROS,9999.0,14914,0,14914,1,
2026-05-27 16:34:48,PROS,9999.0,6434749,0,6434749,10,
2026-05-27 16:35:48,PROS,9999.0,2406459,0,2406459,2,
2026-05-27 16:36:48,PROS,1707.0,5248605,307471,5556076,4,
2026-05-27 16:38:48,PROS,0.0,0,276708,276708,6,
2026-05-27 16:39:48,PROS,9999.0,813100,0,813100,5,
2026-05-27 16:42:48,PROS,0.0,0,1449401,1449401,3,
2026-05-27 16:43:48,PROS,9999.0,127316,0,127316,2,
2026-05-27 16:44:48,PROS,58.4,5168703,8849282,14017985,24,
2026-05-27 16:45:48,PROS,9999.0,270290,0,270290,2,
2026-05-27 16:48:48,PROS,142.8,85659,60000,145659,3,
2026-05-27 16:49:48,PROS,4962.6,495731,9989,505720,10,
2026-05-27 16:50:48,PROS,0.0,0,13347,13347,1,
2026-05-27 16:52:48,PROS,9999.0,4658078,0,4658078,9,
2026-05-27 16:53:48,PROS,253.7,3856964,1520458,5377422,9,
2026-05-27 16:54:48,PROS,4.6,224771,4864234,5089005,4,
2026-05-27 16:56:48,PROS,276.5,5429900,1963973,7393873,6,
2026-05-27 16:57:48,PROS,1509.0,9580587,634915,10215502,7,
2026-05-27 16:58:48,PROS,2419.8,5334665,220462,5555128,5,
2026-05-27 17:00:48,PROS,67.9,5940251,8743892,14684143,14,
2026-05-27 17:01:48,PROS,9999.0,657343,0,657343,2,
2026-05-27 17:02:48,PROS,9999.0,5333857,0,5333857,13,
2026-05-27 17:03:48,PROS,246.8,3841003,1556440,5397442,13,
2026-05-27 17:04:48,PROS,2391.8,2312849,96700,2409549,5,
2026-05-27 17:05:48,PROS,13.0,382905,2944950,3327855,5,
2026-05-27 17:07:48,PROS,9999.0,4042649,0,4042649,7,
2026-05-27 17:08:48,PROS,9999.0,2066895,0,2066895,6,
2026-05-27 17:09:48,PROS,342.2,598073,174749,772822,5,
2026-05-27 17:10:48,PROS,0.0,0,35633,35633,1,
2026-05-27 17:12:48,PROS,252.4,27251124,10794763,38045887,22,
2026-05-27 17:13:48,PROS,1652.9,2665451,161257,2826709,7,
2026-05-27 17:14:48,PROS,3467.6,1452135,41877,1494011,6,
2026-05-27 17:15:48,PROS,9999.0,161361,0,161361,2,
2026-05-27 17:16:48,PROS,9999.0,522262,0,522262,2,
2026-05-27 17:17:48,PROS,230.6,686228,297599,983827,7,
2026-05-27 17:18:48,PROS,9999.0,811007,0,811007,1,
2026-05-27 17:19:48,PROS,9999.0,1460619,0,1460619,3,
2026-05-27 17:20:48,PROS,10089.8,9538051,94531,9632582,19,
2026-05-27 17:21:48,PROS,447.3,5019227,1122000,6141227,8,
2026-05-27 17:23:48,PROS,9999.0,10371679,0,10371679,27,
2026-05-27 17:24:48,PROS,22841.7,3317053,14522,3331575,19,
2026-05-27 17:25:48,PROS,9999.0,5560222,0,5560222,19,
2026-05-27 17:26:48,PROS,9999.0,108492,0,108492,4,
2026-05-27 17:27:48,PROS,559.0,5820803,1041379,6862182,7,
2026-05-27 17:28:48,PROS,25932089.3,104374,0,104374,2,
2026-05-27 17:29:48,PROS,131.7,1490785,1131758,2622543,8,
2026-05-27 17:30:48,PROS,8631.1,869279,10071,879351,7,
2026-05-27 17:31:48,PROS,9999.0,228934,0,228934,3,
2026-05-27 17:32:48,PROS,285.8,5918182,2070949,7989131,19,
2026-05-27 17:33:48,PROS,352.0,4389998,1247109,5637107,15,
2026-05-27 17:34:48,PROS,34723.0,3281325,9450,3290775,14,
2026-05-27 17:35:48,PROS,657.3,4872724,741281,5614005,10,
2026-05-27 17:36:48,PROS,60.9,554979,910974,1465952,6,
2026-05-27 17:37:48,PROS,122.1,723748,592727,1316474,7,
2026-05-27 17:38:48,PROS,593.8,16843886,2836604,19680491,48,
2026-05-27 17:39:48,PROS,25.4,1908541,7517523,9426064,31,
2026-05-27 17:40:48,PROS,9999.0,1733899,0,1733899,14,
2026-05-27 17:41:48,PROS,199.8,1787929,894639,2682568,12,
2026-05-27 17:42:48,PROS,60.2,1497072,2484893,3981965,17,
2026-05-27 17:43:48,PROS,1080.0,14898049,1379393,16277442,49,
2026-05-27 17:44:48,PROS,100.4,24435904,24329303,48765208,76,
2026-05-27 17:45:48,PROS,124.6,18947978,15208642,34156620,70,
2026-05-27 17:46:48,PROS,29.8,13630630,45795355,59425984,67,
2026-05-27 17:47:48,PROS,63.6,9974304,15688082,25662385,25,
2026-05-27 17:48:48,PROS,104.3,16362835,15686299,32049134,44,
2026-05-27 17:49:48,PROS,102.0,8701779,8534834,17236613,25,
2026-05-27 17:50:48,PROS,56.2,5910184,10519854,16430038,40,
2026-05-27 17:51:48,PROS,0.2,5505,2364452,2369957,4,
2026-05-27 17:52:48,PROS,106.5,3723788,3495708,7219496,14,
2026-05-27 17:53:48,PROS,203.5,5310361,2609806,7920167,24,
2026-05-27 17:54:48,PROS,84.6,11720665,13849863,25570529,83,
2026-05-27 17:55:48,PROS,251.5,107120736,42600475,149721211,201,
2026-05-27 17:56:48,PROS,50.4,31941030,63420545,95361576,145,
2026-05-27 17:57:48,PROS,14.0,4803476,34406745,39210221,61,
2026-05-27 17:58:48,PROS,70.3,8989235,12782032,21771267,59,
2026-05-27 17:59:48,PROS,23.9,3174504,13258001,16432504,49,
2026-05-27 18:00:48,PROS,1545.0,49169646,3182409,52352055,35,
2026-05-27 18:01:48,PROS,38.1,7243587,18998553,26242140,28,
2026-05-27 18:02:48,PROS,398.7,16440554,4123632,20564186,17,
2026-05-27 18:03:48,PROS,197.2,61483841,31183582,92667422,129,
2026-05-27 18:04:48,PROS,39.9,16685523,41849344,58534867,78,
2026-05-27 18:05:48,PROS,18.7,10101431,54152351,64253782,80,
2026-05-27 18:06:48,PROS,34.8,41983322,120758200,162741521,162,
2026-05-27 18:07:48,PROS,75.7,13645709,18021812,31667521,38,
2026-05-27 18:08:48,PROS,370.9,15745302,4245483,19990785,39,
2026-05-27 18:09:48,PROS,44.9,10927909,24346240,35274149,49,
2026-05-27 18:10:48,PROS,154.1,11365292,7374513,18739805,44,
2026-05-27 18:11:48,PROS,25.1,12951211,51640892,64592103,102,
2026-05-27 18:12:48,PROS,561.4,17679213,3148930,20828143,48,
2026-05-27 18:13:48,PROS,88.0,5546671,6304674,11851345,56,
2026-05-27 18:14:48,PROS,23.0,5300161,23014807,28314968,70,
2026-05-27 18:15:48,PROS,349.8,5194928,1485291,6680219,51,
2026-05-27 18:16:48,PROS,7.4,76418,1029513,1105931,13,
2026-05-27 18:17:48,PROS,19.4,7834419,40434885,48269304,77,
2026-05-27 18:18:48,PROS,81.9,17284504,21111871,38396375,45,
2026-05-27 18:19:48,PROS,81.6,917496,1123943,2041439,17,
2026-05-27 18:20:48,PROS,85.0,6972530,8204789,15177318,32,
2026-05-27 18:21:48,PROS,298.2,2267158,760207,3027364,17,
2026-05-27 18:22:48,PROS,256.1,17837955,6964706,24802661,20,
2026-05-27 18:23:48,PROS,613.4,1237859,201790,1439649,17,
2026-05-27 18:24:48,PROS,81.6,800213,980669,1780882,11,
2026-05-27 18:25:48,PROS,269.0,13855240,5150305,19005545,11,
2026-05-27 18:27:48,PROS,2.2,72610,3275137,3347747,9,
2026-05-27 18:28:48,PROS,156.4,5483843,3506933,8990776,12,
2026-05-27 18:29:48,PROS,13.3,1478448,11087236,12565684,21,
2026-05-27 18:30:48,PROS,0.4,46417,12654281,12700698,19,
2026-05-27 18:31:48,PROS,77.6,22753054,29304789,52057842,85,
2026-05-27 18:32:48,PROS,71.3,13400119,18786938,32187057,75,
2026-05-27 18:33:48,PROS,1065.4,8173016,767144,8940160,35,
2026-05-27 18:34:48,PROS,10795.2,10104299,93600,10197899,47,
2026-05-27 18:35:49,PROS,1450.2,8235684,567915,8803599,33,
2026-05-27 18:36:49,PROS,9999.0,5535196,0,5535196,5,
2026-05-27 18:37:49,PROS,9999.0,2965551,0,2965551,5,
2026-05-27 18:38:49,PROS,250.5,7204101,2875731,10079833,21,
2026-05-27 18:39:49,PROS,152.3,733057,481407,1214463,3,
2026-05-27 18:40:49,PROS,1334.2,8333838,624634,8958472,8,
2026-05-27 18:41:49,PROS,16.0,393611,2460259,2853870,16,
2026-05-27 18:42:49,PROS,32.1,1381606,4307627,5689233,7,
2026-05-27 18:43:49,PROS,0.0,0,3083669,3083669,5,
2026-05-27 18:44:49,PROS,448.8,2793116,622412,3415528,14,
2026-05-27 18:45:49,PROS,9999.0,4876125,0,4876125,2,
2026-05-27 18:46:49,PROS,35455.9,5165126,14568,5179694,19,
2026-05-27 18:47:49,PROS,1103.8,3450769,312620,3763389,10,
2026-05-27 18:48:49,PROS,9999.0,1495043,0,1495043,14,
2026-05-27 18:49:49,PROS,9999.0,3573052,0,3573052,3,
2026-05-27 18:50:49,PROS,0.0,0,8769372,8769372,13,
2026-05-27 18:51:49,PROS,5.7,459007,8076934,8535942,7,
2026-05-27 18:52:49,PROS,9999.0,419752,0,419752,9,
2026-05-27 18:53:49,PROS,0.0,0,5434696,5434696,8,
2026-05-27 18:54:49,PROS,9999.0,487174,0,487174,5,
2026-05-27 18:55:49,PROS,21.3,1545344,7269507,8814851,17,
2026-05-27 18:56:49,PROS,0.0,0,179439,179439,3,
2026-05-27 18:57:49,PROS,0.0,0,2945020,2945020,5,
2026-05-27 18:58:49,PROS,59.4,3933860,6624955,10558815,7,
2026-05-27 18:59:49,PROS,0.0,0,8177632,8177632,9,
2026-05-27 19:00:49,PROS,44.8,3569483,7969729,11539212,13,
2026-05-27 19:01:49,PROS,13.5,1331154,9857000,11188154,15,
2026-05-27 19:02:49,PROS,34.1,12336307,36229084,48565391,48,
2026-05-27 19:03:49,PROS,32.8,1239124,3772783,5011907,10,
2026-05-27 19:04:49,PROS,47.6,1365418,2866869,4232287,10,
2026-05-27 19:05:49,PROS,30.6,4749806,15514649,20264455,38,
2026-05-27 19:06:49,PROS,47.2,7180233,15213916,22394149,32,
2026-05-27 19:07:49,PROS,429.9,8568804,1993251,10562055,40,
2026-05-27 19:08:49,PROS,1869.6,9706009,519159,10225169,20,
2026-05-27 19:09:49,PROS,2319.7,4639324,200000,4839324,14,
2026-05-27 19:10:49,PROS,673.9,9893221,1467985,11361206,32,
2026-05-27 19:11:49,PROS,2460.6,4153376,168798,4322174,54,
2026-05-27 19:12:49,PROS,9999.0,5036257,0,5036257,54,
2026-05-27 19:13:49,PROS,275.2,5991171,2176724,8167895,46,
2026-05-27 19:14:49,PROS,9999.0,3872936,0,3872936,16,
2026-05-27 19:15:49,PROS,361.2,5626612,1557643,7184255,20,
2026-05-27 19:17:49,PROS,9999.0,1559546,0,1559546,3,
2026-05-27 19:19:49,PROS,9999.0,1333826,0,1333826,6,
2026-05-27 19:20:49,PROS,54.1,8727451,16135847,24863299,42,
2026-05-27 19:21:49,PROS,74.7,18054355,24166317,42220672,45,
2026-05-27 19:22:49,PROS,101.5,9747018,9600131,19347149,24,
2026-05-27 19:23:49,PROS,251.9,10604916,4209591,14814507,35,
2026-05-27 19:24:49,PROS,55.7,19281433,34612848,53894281,123,
2026-05-27 19:25:49,PROS,376.9,7093227,1882181,8975408,21,
2026-05-27 19:26:49,PROS,34.9,872962,2501268,3374230,7,
2026-05-27 19:27:49,PROS,94.6,9858944,10419977,20278922,21,
2026-05-27 19:28:49,PROS,43.0,754943,1754783,2509726,5,
2026-05-27 19:29:49,PROS,336.4,4688315,1393741,6082055,15,
2026-05-27 19:30:49,PROS,112.0,2764740,2467957,5232697,19,
2026-05-27 19:31:49,PROS,463.2,14972407,3232593,18205000,12,
2026-05-27 19:32:49,PROS,70.8,8245187,11649614,19894801,64,
2026-05-27 19:33:49,PROS,21.5,526364,2451686,2978049,9,
2026-05-27 19:34:49,PROS,785.4,5189566,660750,5850316,15,
2026-05-27 19:35:49,PROS,19.8,136182,688110,824291,6,
2026-05-27 19:36:49,PROS,444.2,6322132,1423261,7745394,21,
2026-05-27 19:37:49,PROS,138.3,16471210,11912366,28383576,71,
2026-05-27 19:38:49,PROS,48.9,19622623,40154846,59777469,130,
2026-05-27 19:39:49,PROS,73.6,15419677,20941388,36361064,63,
2026-05-27 19:40:49,PROS,29.4,8813099,29971323,38784422,34,
2026-05-27 19:41:49,PROS,98.5,4699361,4769046,9468407,12,
2026-05-27 19:42:49,PROS,888.4,4461507,502204,4963711,4,
2026-05-27 19:43:49,PROS,433.0,6881461,1589383,8470844,15,
2026-05-27 19:44:49,PROS,185.7,32071365,17269423,49340788,115,
2026-05-27 19:45:49,PROS,109.2,70219803,64300334,134520137,264,
2026-05-27 19:46:49,PROS,80.7,32550216,40357711,72907927,138,
2026-05-27 19:47:49,PROS,1.2,269046,22522792,22791838,62,
2026-05-27 19:48:49,PROS,53.5,13839181,25864846,39704027,46,
2026-05-27 19:49:49,PROS,14.5,2230087,15401677,17631764,34,
2026-05-27 19:50:49,PROS,47.3,5283123,11180913,16464036,32,
2026-05-27 19:51:49,PROS,69.7,4383848,6289974,10673821,49,
2026-05-27 19:52:49,PROS,36.3,12985609,35817388,48802997,161,
2026-05-27 19:53:49,PROS,101.1,16641100,16453262,33094362,84,
2026-05-27 19:54:49,PROS,154.7,10839083,7007083,17846166,59,
2026-05-27 19:55:49,PROS,17.4,4459480,25673652,30133132,66,
2026-05-27 19:56:49,PROS,46.1,5386623,11673513,17060136,42,
2026-05-27 19:57:49,PROS,7.5,2170705,28988244,31158949,44,
2026-05-27 19:58:49,PROS,99.1,577545,582821,1160366,6,
2026-05-27 19:59:49,PROS,49.3,1869113,3787712,5656826,11,
2026-05-27 20:00:49,PROS,11.2,1027128,9206834,10233962,10,
2026-05-27 20:01:49,PROS,94.7,7294525,7701201,14995727,20,
2026-05-27 20:02:49,PROS,105.1,542744,516500,1059244,11,
2026-05-27 20:03:49,PROS,966.8,7611892,787316,8399208,14,
2026-05-27 20:04:49,PROS,15.8,1688355,10714927,12403283,10,
2026-05-27 20:05:49,PROS,55.5,1457903,2625762,4083664,10,
2026-05-27 20:06:49,PROS,151.1,5046333,3338996,8385329,22,
2026-05-27 20:07:49,PROS,96.8,6930495,7155915,14086411,28,
2026-05-27 20:08:49,PROS,48.9,1635820,3345974,4981794,4,
2026-05-27 20:09:49,PROS,548.7,19619947,3575444,23195392,45,
2026-05-27 20:10:49,PROS,114.4,12361250,10808202,23169452,28,
2026-05-27 20:11:49,PROS,313.8,37921152,12083275,50004427,56,
2026-05-27 20:12:49,PROS,137.6,13803120,10029754,23832874,84,
2026-05-27 20:13:49,PROS,165.0,72925901,44209255,117135156,206,
2026-05-27 20:14:49,PROS,45.5,24936240,54784012,79720253,193,
2026-05-27 20:15:49,PROS,42.4,12754648,30106285,42860933,98,
2026-05-27 20:16:49,PROS,40.2,8749585,21740439,30490024,93,
2026-05-27 20:17:49,PROS,11.1,8021209,72036708,80057916,124,
2026-05-27 20:18:49,PROS,22.8,27576859,121115619,148692478,142,
2026-05-27 20:19:49,PROS,29.7,21996050,74152341,96148391,105,
2026-05-27 20:20:49,PROS,18.9,10272957,54330690,64603647,51,
2026-05-27 20:21:49,PROS,162.2,46863654,28895714,75759368,91,
2026-05-27 20:22:49,PROS,136.0,18979195,13954154,32933349,96,
2026-05-27 20:23:49,PROS,23.0,3441916,14992539,18434455,17,
2026-05-27 20:24:49,PROS,97.6,12020478,12317076,24337554,21,
2026-05-27 20:25:49,PROS,35.7,5935793,16610864,22546657,17,
2026-05-27 20:26:49,PROS,109.0,9401163,8625553,18026717,17,
2026-05-27 20:27:49,PROS,292.9,24986188,8530760,33516948,44,
2026-05-27 20:28:49,PROS,51.7,2179741,4216820,6396560,9,
2026-05-27 20:29:49,PROS,69.3,11206345,16160297,27366641,32,
2026-05-27 20:30:49,PROS,9999.0,6295592,0,6295592,9,
2026-05-27 20:31:49,PROS,849.5,5831552,686433,6517985,8,
2026-05-27 20:32:49,PROS,0.6,19555,3273983,3293538,5,
2026-05-27 20:33:49,PROS,38.4,7064747,18374905,25439653,35,
2026-05-27 20:34:49,PROS,52.6,3837397,7292091,11129488,17,
2026-05-27 20:35:49,PROS,30.1,2478271,8224474,10702745,18,
2026-05-27 20:36:49,PROS,91.6,13429302,14662279,28091581,14,
2026-05-27 20:37:49,PROS,0.0,0,5835732,5835732,11,
2026-05-27 20:38:49,PROS,63.6,7584644,11924872,19509516,28,
2026-05-27 20:39:49,PROS,19.2,6855489,35734171,42589661,77,
2026-05-27 20:40:49,PROS,201.1,10447886,5194331,15642217,21,
2026-05-27 20:41:49,PROS,9999.0,906136,0,906136,5,
2026-05-27 20:42:49,PROS,87.8,4530227,5161801,9692029,19,
2026-05-27 20:43:49,PROS,12.4,910926,7329848,8240774,21,
2026-05-27 20:44:49,PROS,242.2,4221510,1743315,5964825,21,
2026-05-27 20:45:49,PROS,0.0,0,5594268,5594268,2,
2026-05-27 20:46:49,PROS,0.7,12399,1757463,1769863,9,
2026-05-27 20:47:49,PROS,9999.0,31238,0,31238,2,
2026-05-27 20:48:49,PROS,9999.0,209966,0,209966,1,
2026-05-27 20:49:49,PROS,76.5,8290124,10840821,19130946,25,
2026-05-27 20:50:49,PROS,7.8,655455,8412970,9068425,14,
2026-05-27 20:51:49,PROS,23.5,1029777,4383674,5413451,17,
2026-05-27 20:52:49,PROS,68.5,4778283,6980220,11758503,27,
2026-05-27 20:53:49,PROS,307.7,5176490,1682086,6858576,7,
2026-05-27 20:54:49,PROS,0.0,0,11016498,11016498,21,
2026-05-27 20:55:49,PROS,22.5,1048920,4668839,5717759,13,
2026-05-27 20:56:49,PROS,261.3,3531941,1351792,4883733,8,
2026-05-27 20:57:49,PROS,57.4,8420795,14659343,23080138,23,
2026-05-27 20:58:49,PROS,10.5,690711,6552447,7243157,19,
2026-05-27 20:59:49,PROS,66.0,5440234,8242951,13683184,23,
2026-05-27 21:00:49,PROS,108.6,2783582,2562686,5346267,21,
2026-05-27 21:01:49,PROS,43.1,2245651,5206962,7452612,16,
2026-05-27 21:02:49,PROS,222.6,5478846,2461059,7939905,8,
2026-05-27 21:03:49,PROS,43.8,646123,1474768,2120891,6,
2026-05-27 21:04:49,PROS,50.0,9525028,19042672,28567700,14,
2026-05-27 21:06:49,PROS,34.3,2010881,5864715,7875596,22,
2026-05-27 21:07:49,PROS,25.2,999842,3970773,4970616,12,
2026-05-27 21:08:49,PROS,119.5,6303836,5274714,11578551,12,
2026-05-27 21:09:49,PROS,24.1,591413,2458647,3050060,21,
2026-05-27 21:10:49,PROS,67.4,2955613,4387926,7343539,20,
2026-05-27 21:11:49,PROS,411.3,25574875,6217896,31792771,55,
2026-05-27 21:12:49,PROS,202.8,36906562,18201119,55107681,71,
2026-05-27 21:13:49,PROS,57.5,18130060,31515370,49645430,82,
2026-05-27 21:14:49,PROS,159.3,13249352,8314851,21564203,42,
2026-05-27 21:15:49,PROS,186.8,7933945,4247451,12181396,17,
2026-05-27 21:16:49,PROS,158.0,3107576,1966217,5073793,18,
2026-05-27 21:17:49,PROS,15.5,1406837,9051994,10458831,10,
2026-05-27 21:18:49,PROS,1152.6,21021283,1823756,22845039,41,
2026-05-27 21:19:49,PROS,218.4,25828375,11824011,37652387,86,
2026-05-27 21:20:49,PROS,95.0,14491660,15262015,29753675,47,
2026-05-27 21:21:49,PROS,344.2,7935555,2305401,10240956,37,
2026-05-27 21:22:49,PROS,118.3,21721835,18364942,40086777,74,
2026-05-27 21:23:49,PROS,121.1,18320981,15123043,33444024,72,
2026-05-27 21:24:49,PROS,2310.5,9766870,422709,10189579,15,
2026-05-27 21:25:49,PROS,518.9,34251524,6600173,40851697,83,
2026-05-27 21:26:49,PROS,60.9,30427256,49964724,80391981,119,
2026-05-27 21:27:49,PROS,16.4,3723006,22740272,26463279,37,
