2026-05-27 00:01:45,RVN,0.0,0,39674,39674,2,
2026-05-27 00:02:45,RVN,0.0,0,24817,24817,3,
2026-05-27 00:04:45,RVN,5435.6,815395,15001,830396,9,
2026-05-27 00:06:45,RVN,9999.0,9975,0,9975,1,
2026-05-27 00:10:45,RVN,9999.0,2992526,0,2992526,3,
2026-05-27 00:11:45,RVN,0.0,0,1160104,1160104,1,
2026-05-27 00:12:45,RVN,9999.0,2869182,0,2869182,1,
2026-05-27 00:16:45,RVN,9999.0,6023,0,6023,1,
2026-05-27 00:17:45,RVN,0.0,0,250508,250508,2,
2026-05-27 00:21:45,RVN,0.0,0,683566,683566,5,
2026-05-27 00:23:45,RVN,0.2,18684,8075957,8094641,17,
2026-05-27 00:24:45,RVN,0.0,0,67728,67728,4,
2026-05-27 00:27:45,RVN,0.0,0,168835,168835,2,
2026-05-27 00:30:45,RVN,0.0,0,24922,24922,2,
2026-05-27 00:31:45,RVN,0.0,0,1720362,1720362,5,
2026-05-27 00:32:45,RVN,62.2,14453368,23242262,37695630,36,
2026-05-27 00:33:45,RVN,9999.0,37975,0,37975,2,
2026-05-27 00:35:45,RVN,38.5,387407,1005432,1392839,4,
2026-05-27 00:38:45,RVN,0.0,0,3176663,3176663,5,
2026-05-27 00:39:45,RVN,0.0,0,515131,515131,1,
2026-05-27 00:40:45,RVN,0.0,0,584714,584714,3,
2026-05-27 00:48:45,RVN,0.0,0,66255,66255,1,
2026-05-27 00:51:45,RVN,179.0,533900,298300,832200,2,
2026-05-27 00:52:45,RVN,0.0,0,247098,247098,5,
2026-05-27 00:53:45,RVN,0.0,0,1599788,1599788,21,
2026-05-27 00:54:46,RVN,0.0,0,151333,151333,10,
2026-05-27 00:55:46,RVN,0.0,0,304546,304546,2,
2026-05-27 00:58:46,RVN,2805.8,4050953,144379,4195332,8,
2026-05-27 01:03:46,RVN,8.4,776292,9247297,10023589,8,
2026-05-27 01:04:46,RVN,9999.0,10000,0,10000,1,
2026-05-27 01:06:46,RVN,0.0,0,574346,574346,4,
2026-05-27 01:07:46,RVN,0.0,0,1690133,1690133,2,
2026-05-27 01:08:46,RVN,0.0,0,99950,99950,2,
2026-05-27 01:09:46,RVN,0.0,0,870013,870013,7,
2026-05-27 01:12:46,RVN,0.0,0,291485,291485,5,
2026-05-27 01:13:46,RVN,0.4,15000,3772059,3787059,18,
2026-05-27 01:14:46,RVN,9999.0,49975,0,49975,1,
2026-05-27 01:15:46,RVN,9999.0,4621649,0,4621649,3,
2026-05-27 01:16:46,RVN,0.0,0,29768,29768,1,
2026-05-27 01:23:46,RVN,145.7,166311,114162,280473,5,
2026-05-27 01:33:46,RVN,0.0,0,297407,297407,3,
2026-05-27 01:34:46,RVN,0.0,0,3007916,3007916,2,
2026-05-27 01:46:46,RVN,9999.0,9712,0,9712,1,
2026-05-27 01:48:46,RVN,0.0,0,10026,10026,1,
2026-05-27 01:49:46,RVN,0.0,0,19974,19974,2,
2026-05-27 01:51:46,RVN,0.0,0,1994898,1994898,2,
2026-05-27 01:52:46,RVN,19.2,675090,3516437,4191527,7,
2026-05-27 01:53:46,RVN,0.0,0,82160,82160,3,
2026-05-27 02:02:46,RVN,0.0,0,24947,24947,1,
2026-05-27 02:06:46,RVN,0.0,0,338081,338081,1,
2026-05-27 02:17:46,RVN,0.0,0,1622632,1622632,3,
2026-05-27 02:20:46,RVN,0.0,0,1785744,1785744,3,
2026-05-27 02:21:46,RVN,0.0,0,4814231,4814231,16,
2026-05-27 02:22:46,RVN,0.0,0,1906416,1906416,10,
2026-05-27 02:23:46,RVN,0.0,0,394438,394438,1,
2026-05-27 02:25:46,RVN,0.0,0,164477,164477,2,
2026-05-27 02:26:46,RVN,0.0,0,5623114,5623114,26,
2026-05-27 02:27:46,RVN,0.0,0,144155,144155,2,
2026-05-27 02:28:46,RVN,0.0,0,117582,117582,2,
2026-05-27 02:29:46,RVN,0.4,15600,4166358,4181958,15,
2026-05-27 02:30:46,RVN,20.2,1166684,5786848,6953532,21,
2026-05-27 02:31:46,RVN,0.0,0,80973,80973,1,
2026-05-27 02:33:46,RVN,0.0,0,380934,380934,6,
2026-05-27 02:35:46,RVN,9999.0,1865517,0,1865517,3,
2026-05-27 02:36:46,RVN,9999.0,10000,0,10000,1,
2026-05-27 02:42:46,RVN,0.0,0,1476191,1476191,4,
2026-05-27 02:43:46,RVN,0.0,0,6932772,6932772,5,
2026-05-27 03:00:46,RVN,0.0,0,2338120,2338120,2,
2026-05-27 03:04:46,RVN,0.0,0,1400007,1400007,6,
2026-05-27 03:11:46,RVN,0.0,0,397241,397241,1,
2026-05-27 03:14:46,RVN,0.0,0,893954,893954,1,
2026-05-27 03:20:46,RVN,9999.0,400000,0,400000,2,
2026-05-27 03:21:46,RVN,0.0,0,10026,10026,1,
2026-05-27 03:37:46,RVN,0.0,0,1370430,1370430,2,
2026-05-27 03:38:46,RVN,17.6,243892,1388000,1631893,5,
2026-05-27 03:41:46,RVN,0.0,0,512160,512160,2,
2026-05-27 03:43:46,RVN,37.1,1115057,3007371,4122428,15,
2026-05-27 03:44:46,RVN,0.0,0,44890,44890,1,
2026-05-27 03:58:46,RVN,0.0,0,151612,151612,2,
2026-05-27 04:00:46,RVN,0.0,0,154586,154586,3,
2026-05-27 04:13:46,RVN,0.0,0,500000,500000,2,
2026-05-27 04:14:46,RVN,0.0,0,5865,5865,2,
2026-05-27 04:15:46,RVN,0.0,0,1293372,1293372,8,
2026-05-27 04:24:46,RVN,0.0,0,2680746,2680746,7,
2026-05-27 04:27:46,RVN,29.8,2357411,7901582,10258994,7,
2026-05-27 04:29:46,RVN,9999.0,9885,0,9885,1,
2026-05-27 04:30:46,RVN,9999.0,10000,0,10000,1,
2026-05-27 04:31:46,RVN,9999.0,933417,0,933417,2,
2026-05-27 04:35:46,RVN,9999.0,8499,0,8499,1,
2026-05-27 04:36:46,RVN,0.0,0,80928,80928,1,
2026-05-27 04:37:46,RVN,0.0,0,10986,10986,2,
2026-05-27 04:48:46,RVN,9999.0,198597,0,198597,4,
2026-05-27 04:50:46,RVN,9999.0,84807,0,84807,3,
2026-05-27 05:01:46,RVN,9999.0,64595,0,64595,2,
2026-05-27 05:02:46,RVN,9999.0,25129,0,25129,1,
2026-05-27 05:03:46,RVN,9999.0,30000,0,30000,1,
2026-05-27 05:05:46,RVN,9999.0,919403,0,919403,1,
2026-05-27 05:16:46,RVN,9999.0,799600,0,799600,1,
2026-05-27 05:17:46,RVN,9999.0,10000,0,10000,1,
2026-05-27 05:25:46,RVN,0.0,0,29433,29433,2,
2026-05-27 05:26:46,RVN,9999.0,29404,0,29404,1,
2026-05-27 05:28:46,RVN,9999.0,9905,0,9905,1,
2026-05-27 05:34:46,RVN,0.0,0,805466,805466,4,
2026-05-27 05:35:46,RVN,9999.0,6000,0,6000,1,
2026-05-27 05:36:46,RVN,0.0,0,868805,868805,1,
2026-05-27 05:41:46,RVN,9999.0,316857,0,316857,1,
2026-05-27 05:45:46,RVN,9999.0,90300,0,90300,2,
2026-05-27 05:51:46,RVN,7.0,109754,1573266,1683019,11,
2026-05-27 05:52:46,RVN,9999.0,1006808,0,1006808,1,
2026-05-27 05:55:46,RVN,9999.0,1000000,0,1000000,2,
2026-05-27 05:57:46,RVN,0.0,0,67846,67846,1,
2026-05-27 05:59:46,RVN,0.0,0,1215237,1215237,1,
2026-05-27 06:00:46,RVN,1768.7,710967,40196,751163,4,
2026-05-27 06:06:46,RVN,68.8,412761,599750,1012512,4,
2026-05-27 06:07:46,RVN,9999.0,80000,0,80000,1,
2026-05-27 06:08:46,RVN,9999.0,60000,0,60000,2,
2026-05-27 06:09:46,RVN,9999.0,1021489,0,1021489,1,
2026-05-27 06:11:46,RVN,9999.0,50300,0,50300,2,
2026-05-27 06:13:46,RVN,1.9,37838,1967784,2005622,6,
2026-05-27 06:14:46,RVN,9999.0,1133299,0,1133299,1,
2026-05-27 06:15:46,RVN,0.0,0,40093,40093,1,
2026-05-27 06:16:46,RVN,0.0,0,231965,231965,2,
2026-05-27 06:19:46,RVN,9999.0,351600,0,351600,1,
2026-05-27 06:22:46,RVN,9999.0,77600,0,77600,1,
2026-05-27 06:24:46,RVN,0.0,0,19158,19158,1,
2026-05-27 06:25:46,RVN,0.0,0,898075,898075,2,
2026-05-27 06:26:46,RVN,389.2,38870,9987,48858,5,
2026-05-27 06:27:46,RVN,180.4,89966,49871,139838,7,
2026-05-27 06:31:46,RVN,9999.0,3010000,0,3010000,2,
2026-05-27 06:36:46,RVN,9999.0,10000,0,10000,1,
2026-05-27 06:37:46,RVN,9999.0,70129,0,70129,5,
2026-05-27 06:39:46,RVN,0.0,0,1249400,1249400,3,
2026-05-27 06:40:46,RVN,9999.0,100000,0,100000,1,
2026-05-27 06:42:46,RVN,9999.0,25000,0,25000,1,
2026-05-27 06:43:46,RVN,9999.0,99950,0,99950,1,
2026-05-27 06:44:46,RVN,9999.0,2696032,0,2696032,1,
2026-05-27 06:45:46,RVN,1370.7,406453,29653,436106,3,
2026-05-27 06:46:46,RVN,0.0,0,573394,573394,8,
2026-05-27 06:47:46,RVN,0.0,0,7645,7645,1,
2026-05-27 06:52:46,RVN,9999.0,10000,0,10000,1,
2026-05-27 06:53:46,RVN,9999.0,9990,0,9990,1,
2026-05-27 06:55:46,RVN,9999.0,39949,0,39949,1,
2026-05-27 06:57:46,RVN,0.0,0,66000,66000,4,
2026-05-27 06:58:46,RVN,0.0,0,127500,127500,2,
2026-05-27 06:59:46,RVN,0.0,0,0,0,1,
2026-05-27 07:00:46,RVN,9999.0,1550000,0,1550000,8,
2026-05-27 07:02:46,RVN,0.0,0,240951,240951,2,
2026-05-27 07:05:46,RVN,0.0,0,135355,135355,2,
2026-05-27 07:11:46,RVN,9999.0,1042341,0,1042341,1,
2026-05-27 07:12:46,RVN,9999.0,1039001,0,1039001,4,
2026-05-27 07:13:46,RVN,9999.0,199900,0,199900,2,
2026-05-27 07:16:46,RVN,0.0,0,39795,39795,1,
2026-05-27 07:17:46,RVN,11.6,30212,260055,290267,2,
2026-05-27 07:18:46,RVN,0.0,0,263421,263421,2,
2026-05-27 07:21:46,RVN,0.0,0,1216793,1216793,7,
2026-05-27 07:22:46,RVN,0.0,0,3677930,3677930,4,
2026-05-27 07:24:46,RVN,0.0,0,194187,194187,1,
2026-05-27 07:27:46,RVN,0.0,0,40052,40052,1,
2026-05-27 07:29:46,RVN,120.5,8536,7082,15618,2,
2026-05-27 07:30:46,RVN,9999.0,1030000,0,1030000,3,
2026-05-27 07:31:46,RVN,9999.0,40000,0,40000,1,
2026-05-27 07:33:46,RVN,9999.0,516253,0,516253,1,
2026-05-27 07:36:46,RVN,0.0,0,20000,20000,2,
2026-05-27 07:37:46,RVN,0.0,0,240134,240134,1,
2026-05-27 07:38:46,RVN,0.0,0,925120,925120,4,
2026-05-27 07:39:46,RVN,9999.0,632880,0,632880,2,
2026-05-27 07:41:46,RVN,9999.0,4601783,0,4601783,3,
2026-05-27 07:42:46,RVN,3.9,5095,130092,135187,5,
2026-05-27 07:44:46,RVN,9999.0,5001,0,5001,1,
2026-05-27 07:46:46,RVN,9999.0,155000,0,155000,1,
2026-05-27 07:47:46,RVN,0.0,0,6226047,6226047,9,
2026-05-27 07:48:46,RVN,9999.0,1544455,0,1544455,1,
2026-05-27 07:51:46,RVN,0.0,0,612918,612918,1,
2026-05-27 07:52:46,RVN,28.2,404292,1431425,1835717,10,
2026-05-27 07:53:46,RVN,6.2,355512,5779189,6134701,6,
2026-05-27 07:54:46,RVN,0.0,0,4590701,4590701,3,
2026-05-27 07:55:46,RVN,0.0,0,971346,971346,1,
2026-05-27 07:56:46,RVN,9999.0,970376,0,970376,1,
2026-05-27 07:57:46,RVN,387.9,2998501,773005,3771506,5,
2026-05-27 07:58:47,RVN,15.2,101758,670248,772005,3,
2026-05-27 07:59:47,RVN,23.1,518208,2239507,2757715,11,
2026-05-27 08:01:47,RVN,9999.0,1021542,0,1021542,1,
2026-05-27 08:09:47,RVN,9999.0,643168,0,643168,1,
2026-05-27 08:15:47,RVN,9999.0,10000,0,10000,1,
2026-05-27 08:17:47,RVN,9999.0,1000000,0,1000000,3,
2026-05-27 08:18:47,RVN,0.0,0,277733,277733,2,
2026-05-27 08:22:47,RVN,0.0,0,521765,521765,4,
2026-05-27 08:29:47,RVN,0.0,0,1694439,1694439,3,
2026-05-27 08:34:47,RVN,359.8,704836,195870,900706,4,
2026-05-27 08:35:47,RVN,9999.0,199900,0,199900,1,
2026-05-27 08:36:47,RVN,300.0,30000,10000,40000,2,
2026-05-27 08:37:47,RVN,0.0,0,250518,250518,2,
2026-05-27 08:41:47,RVN,28.0,606087,2168035,2774122,9,
2026-05-27 08:45:47,RVN,0.0,0,984756,984756,2,
2026-05-27 08:46:47,RVN,0.0,0,63208,63208,2,
2026-05-27 08:51:47,RVN,0.0,0,97915,97915,2,
2026-05-27 08:54:47,RVN,0.0,0,135384,135384,3,
2026-05-27 08:55:47,RVN,0.0,0,986411,986411,2,
2026-05-27 08:58:47,RVN,0.0,0,2046790,2046790,2,
2026-05-27 08:59:47,RVN,0.0,0,214844,214844,1,
2026-05-27 09:00:47,RVN,620.2,2789876,449801,3239677,11,
2026-05-27 09:01:47,RVN,18.1,204649,1130375,1335024,8,
2026-05-27 09:02:47,RVN,78.1,519768,665630,1185397,6,
2026-05-27 09:03:47,RVN,104.3,78221104,74996668,153217773,306,
2026-05-27 09:04:47,RVN,35.9,23209281,64724531,87933812,242,
2026-05-27 09:05:47,RVN,192.4,12584898,6540305,19125203,62,
2026-05-27 09:06:47,RVN,96.6,5438836,5631137,11069973,36,
2026-05-27 09:07:47,RVN,54.5,2324784,4261836,6586620,26,
2026-05-27 09:08:47,RVN,25.6,8202120,31977133,40179253,133,
2026-05-27 09:09:47,RVN,46.5,5574590,11997531,17572121,49,
2026-05-27 09:10:47,RVN,172.2,29233772,16975970,46209742,139,
2026-05-27 09:11:47,RVN,35.3,17081590,48322579,65404169,298,
2026-05-27 09:12:47,RVN,93.0,17770529,19114944,36885473,107,
2026-05-27 09:13:47,RVN,362.0,2954755,816232,3770987,13,
2026-05-27 09:14:47,RVN,83.7,10612261,12681986,23294247,36,
2026-05-27 09:15:47,RVN,21.5,5376288,25039141,30415429,33,
2026-05-27 09:16:47,RVN,131.1,6327904,4826453,11154356,35,
2026-05-27 09:17:47,RVN,78.0,8439515,10817013,19256528,138,
2026-05-27 09:18:47,RVN,18.1,2871102,15826068,18697169,136,
2026-05-27 09:19:47,RVN,37.5,5935251,15833107,21768358,55,
2026-05-27 09:20:47,RVN,1.6,34848,2182851,2217699,11,
2026-05-27 09:21:47,RVN,79.1,12389678,15663123,28052801,31,
2026-05-27 09:22:47,RVN,5.2,92302,1790190,1882492,5,
2026-05-27 09:23:47,RVN,5.3,5142,97149,102291,2,
2026-05-27 09:24:47,RVN,9999.0,2702050,0,2702050,13,
2026-05-27 09:25:47,RVN,115.4,906903,786207,1693110,15,
2026-05-27 09:26:47,RVN,67.2,399559,594876,994434,13,
2026-05-27 09:27:47,RVN,9999.0,2602237,0,2602237,8,
2026-05-27 09:28:47,RVN,4294.3,917782,21372,939154,5,
2026-05-27 09:29:47,RVN,37.3,233998,627082,861080,5,
2026-05-27 09:30:47,RVN,212.6,4570671,2150097,6720768,31,
2026-05-27 09:31:47,RVN,67.3,29346151,43615044,72961195,336,
2026-05-27 09:32:47,RVN,50.1,42876168,85603443,128479612,363,
2026-05-27 09:33:47,RVN,18.7,14840674,79203630,94044303,287,
2026-05-27 09:34:47,RVN,34.5,15003588,43549968,58553556,132,
2026-05-27 09:35:47,RVN,44.0,5049394,11478219,16527613,48,
2026-05-27 09:36:47,RVN,88.5,3928147,4437430,8365577,19,
2026-05-27 09:37:47,RVN,136.2,12942963,9503976,22446939,51,
2026-05-27 09:38:47,RVN,136.4,8879470,6511502,15390973,38,
2026-05-27 09:39:47,RVN,26.9,5369875,19949267,25319142,41,
2026-05-27 09:40:47,RVN,83.3,4210844,5056192,9267036,28,
2026-05-27 09:41:47,RVN,338.7,33847318,9993623,43840941,56,
2026-05-27 09:42:47,RVN,22.6,1715346,7573666,9289012,18,
2026-05-27 09:43:47,RVN,47.2,3602722,7625710,11228432,23,
2026-05-27 09:44:47,RVN,502.5,64200,12777,76977,4,
2026-05-27 09:45:47,RVN,1178.9,10691846,906922,11598768,19,
2026-05-27 09:46:47,RVN,144.0,14827505,10297235,25124740,34,
2026-05-27 09:47:47,RVN,222.5,3582059,1609645,5191705,25,
2026-05-27 09:48:47,RVN,153.8,4833586,3143571,7977157,29,
2026-05-27 09:49:47,RVN,45.4,4814364,10609856,15424220,38,
2026-05-27 09:50:47,RVN,12.0,209512,1745015,1954527,21,
2026-05-27 09:51:47,RVN,9999.0,41352,0,41352,4,
2026-05-27 09:52:47,RVN,9999.0,644690,0,644690,6,
2026-05-27 09:53:47,RVN,1330.7,4659286,350142,5009428,12,
2026-05-27 09:54:47,RVN,10014.8,18073767,180471,18254238,32,
2026-05-27 09:55:47,RVN,4.5,947875,20982692,21930567,105,
2026-05-27 09:56:47,RVN,3.3,645113,19463009,20108122,29,
2026-05-27 09:57:47,RVN,9999.0,1093578,0,1093578,8,
2026-05-27 09:58:47,RVN,9999.0,4962227,0,4962227,9,
2026-05-27 09:59:47,RVN,35.6,281693,791031,1072724,21,
2026-05-27 10:00:47,RVN,178.0,710606,399249,1109855,7,
2026-05-27 10:01:47,RVN,14.2,614817,4337201,4952017,14,
2026-05-27 10:02:47,RVN,47.4,3725895,7860462,11586358,29,
2026-05-27 10:03:47,RVN,666.0,611788,91862,703650,16,
2026-05-27 10:04:47,RVN,410.5,16906375,4118963,21025338,44,
2026-05-27 10:05:47,RVN,13.5,2805744,20813497,23619241,105,
2026-05-27 10:06:47,RVN,220.1,11742504,5334968,17077472,96,
2026-05-27 10:07:47,RVN,38.5,8262970,21447410,29710380,210,
2026-05-27 10:08:47,RVN,27.5,16580490,60375684,76956174,305,
2026-05-27 10:09:47,RVN,5.2,1514597,28957564,30472161,178,
2026-05-27 10:10:47,RVN,3.0,471539,15862985,16334524,84,
2026-05-27 10:11:47,RVN,0.1,10000,9969158,9979158,35,
2026-05-27 10:12:47,RVN,6.1,609028,10001272,10610300,31,
2026-05-27 10:13:47,RVN,0.0,0,4169716,4169716,11,
2026-05-27 10:14:47,RVN,0.0,0,1082199,1082199,4,
2026-05-27 10:15:47,RVN,2.8,139930,4951711,5091641,6,
2026-05-27 10:16:47,RVN,0.0,0,1991162,1991162,8,
2026-05-27 10:17:47,RVN,0.0,0,3507519,3507519,2,
2026-05-27 10:18:47,RVN,40.3,291935,724771,1016707,4,
2026-05-27 10:19:47,RVN,0.5,24645,4665337,4689982,8,
2026-05-27 10:20:47,RVN,40.8,3334325,8176565,11510889,23,
2026-05-27 10:21:47,RVN,3.4,377711,11265339,11643050,21,
2026-05-27 10:22:47,RVN,455.9,15044288,3299961,18344249,13,
2026-05-27 10:23:47,RVN,1.9,15444,826251,841695,4,
2026-05-27 10:24:47,RVN,9999.0,32229,0,32229,3,
2026-05-27 10:25:47,RVN,0.1,10296,10902188,10912484,8,
2026-05-27 10:26:47,RVN,11.2,1481791,13214707,14696499,10,
2026-05-27 10:27:47,RVN,9999.0,19975,0,19975,1,
2026-05-27 10:28:47,RVN,9999.0,1580173,0,1580173,4,
2026-05-27 10:29:47,RVN,4329.8,2678439,61860,2740299,5,
2026-05-27 10:30:47,RVN,0.0,0,3090583,3090583,3,
2026-05-27 10:31:47,RVN,34.6,4745159,13712599,18457758,14,
2026-05-27 10:32:47,RVN,80.9,512613,633308,1145922,8,
2026-05-27 10:33:47,RVN,0.0,0,530925,530925,1,
2026-05-27 10:34:47,RVN,0.0,0,7488877,7488877,7,
2026-05-27 10:36:47,RVN,367.2,2049952,558233,2608184,4,
2026-05-27 10:37:47,RVN,114.5,3436808,3002191,6438999,6,
2026-05-27 10:38:47,RVN,231.4,7014520,3030737,10045257,9,
2026-05-27 10:39:47,RVN,9999.0,758138,0,758138,5,
2026-05-27 10:40:47,RVN,362.6,2022312,557690,2580002,8,
2026-05-27 10:41:47,RVN,1588.2,2036283,128214,2164497,9,
2026-05-27 10:42:47,RVN,160.5,2784782,1735570,4520352,9,
2026-05-27 10:43:47,RVN,254.6,553436,217398,770834,3,
2026-05-27 10:44:47,RVN,97.7,2595815,2657907,5253723,9,
2026-05-27 10:45:47,RVN,0.0,0,2960654,2960654,3,
2026-05-27 10:46:47,RVN,155.4,2162551,1391272,3553823,4,
2026-05-27 10:47:47,RVN,9999.0,1744792,0,1744792,5,
2026-05-27 10:48:47,RVN,136.0,6178910,4544226,10723136,8,
2026-05-27 10:49:47,RVN,4085.2,226078,5534,231613,25,
2026-05-27 10:50:47,RVN,43.3,216348,500000,716348,9,
2026-05-27 10:51:47,RVN,9999.0,16927447,0,16927447,6,
2026-05-27 10:52:47,RVN,9999.0,1416831,0,1416831,3,
2026-05-27 10:53:47,RVN,9999.0,4976044,0,4976044,12,
2026-05-27 10:54:47,RVN,9999.0,3028620,0,3028620,10,
2026-05-27 10:55:47,RVN,0.6,10626,1880014,1890640,4,
2026-05-27 10:56:47,RVN,9999.0,6000,0,6000,1,
2026-05-27 10:58:47,RVN,191.9,555745,289623,845368,2,
2026-05-27 10:59:47,RVN,68.5,1966125,2871430,4837555,8,
2026-05-27 11:00:47,RVN,0.0,0,245002,245002,1,
2026-05-27 11:01:47,RVN,44.3,4131960,9323845,13455805,9,
2026-05-27 11:04:47,RVN,180.6,1649110,913347,2562458,3,
2026-05-27 11:05:47,RVN,84.0,99996,119056,219053,5,
2026-05-27 11:06:47,RVN,0.0,0,126491,126491,2,
2026-05-27 11:07:47,RVN,0.0,0,4678627,4678627,4,
2026-05-27 11:08:47,RVN,0.0,0,4181054,4181054,4,
2026-05-27 11:09:47,RVN,9999.0,787465,0,787465,2,
2026-05-27 11:10:47,RVN,147.7,3498129,2368044,5866173,6,
2026-05-27 11:11:47,RVN,119.0,1902083,1598959,3501042,15,
2026-05-27 11:12:47,RVN,9999.0,33910,0,33910,1,
2026-05-27 11:13:47,RVN,110.2,2845250,2582670,5427920,6,
2026-05-27 11:14:47,RVN,9999.0,1479843,0,1479843,1,
2026-05-27 11:15:47,RVN,3.1,66881,2139451,2206332,2,
2026-05-27 11:16:47,RVN,0.0,0,100095,100095,2,
2026-05-27 11:17:47,RVN,0.0,0,139052,139052,1,
2026-05-27 11:18:47,RVN,0.0,0,433738,433738,4,
2026-05-27 11:19:47,RVN,0.0,0,100000,100000,2,
2026-05-27 11:21:47,RVN,19.6,4131988,21127383,25259371,36,
2026-05-27 11:22:47,RVN,79.4,9754055,12291585,22045640,18,
2026-05-27 11:23:47,RVN,20.3,1417247,6969226,8386474,7,
2026-05-27 11:24:47,RVN,4.8,170000,3533573,3703573,10,
2026-05-27 11:25:47,RVN,31.0,15990,51653,67643,3,
2026-05-27 11:26:47,RVN,0.0,0,491239,491239,1,
2026-05-27 11:27:47,RVN,0.0,0,171451,171451,1,
2026-05-27 11:28:47,RVN,0.0,0,3113609,3113609,5,
2026-05-27 11:29:47,RVN,12.4,945367,7641452,8586819,10,
2026-05-27 11:30:47,RVN,1024.1,1455754,142148,1597902,10,
2026-05-27 11:31:47,RVN,56.7,1778395,3138174,4916569,6,
2026-05-27 11:35:47,RVN,16.0,527688,3289694,3817382,6,
2026-05-27 11:36:47,RVN,54.2,3980065,7339827,11319892,29,
2026-05-27 11:37:47,RVN,9999.0,1915400,0,1915400,2,
2026-05-27 11:38:47,RVN,9999.0,2272476,0,2272476,2,
2026-05-27 11:40:47,RVN,4016.2,2072405,51601,2124006,4,
2026-05-27 11:41:47,RVN,4844.8,11989137,247463,12236600,15,
2026-05-27 11:42:47,RVN,9999.0,845817,0,845817,3,
2026-05-27 11:43:47,RVN,362.9,1653058,455497,2108555,4,
2026-05-27 11:45:47,RVN,9999.0,72117,0,72117,2,
2026-05-27 11:46:47,RVN,9999.0,122880,0,122880,1,
2026-05-27 11:47:47,RVN,0.0,0,5703785,5703785,6,
2026-05-27 11:49:47,RVN,9999.0,16089,0,16089,1,
2026-05-27 11:53:47,RVN,0.0,0,31995,31995,1,
2026-05-27 11:54:47,RVN,9999.0,110002,0,110002,3,
2026-05-27 11:55:47,RVN,151.7,1107702,730328,1838030,13,
2026-05-27 11:56:47,RVN,9999.0,4782328,0,4782328,5,
2026-05-27 11:57:47,RVN,9999.0,2113725,0,2113725,7,
2026-05-27 11:58:47,RVN,396.6,3248954,819268,4068223,11,
2026-05-27 12:00:47,RVN,67.3,120099,178420,298519,4,
2026-05-27 12:01:47,RVN,37699.9,3769994,10000,3779994,10,
2026-05-27 12:02:47,RVN,9999.0,1603135,0,1603135,8,
2026-05-27 12:03:47,RVN,9999.0,201380,0,201380,5,
2026-05-27 12:04:47,RVN,9999.0,785253,0,785253,11,
2026-05-27 12:05:47,RVN,62.2,378496,608452,986947,7,
2026-05-27 12:06:47,RVN,9999.0,18714,0,18714,1,
2026-05-27 12:07:47,RVN,9999.0,223252,0,223252,1,
2026-05-27 12:08:47,RVN,95.3,4090767,4291971,8382738,12,
2026-05-27 12:10:47,RVN,59.6,957595,1607385,2564980,11,
2026-05-27 12:11:47,RVN,0.0,0,899977,899977,3,
2026-05-27 12:13:47,RVN,6.1,559064,9221355,9780419,10,
2026-05-27 12:14:47,RVN,25.3,687921,2717755,3405676,8,
2026-05-27 12:15:47,RVN,0.0,0,202457,202457,1,
2026-05-27 12:17:47,RVN,5.9,76084,1287715,1363799,3,
2026-05-27 12:18:47,RVN,7.2,204992,2865759,3070752,5,
2026-05-27 12:19:47,RVN,394.2,2718542,689548,3408090,9,
2026-05-27 12:20:47,RVN,9999.0,3413242,0,3413242,12,
2026-05-27 12:21:47,RVN,139.3,929753,667605,1597358,4,
2026-05-27 12:22:47,RVN,100.0,1522741,1522988,3045730,6,
2026-05-27 12:23:47,RVN,0.0,0,78800,78800,2,
2026-05-27 12:24:47,RVN,3499.6,1409671,40281,1449952,6,
2026-05-27 12:25:47,RVN,3307.6,734206,22197,756403,4,
2026-05-27 12:28:47,RVN,1.4,10000,723639,733639,8,
2026-05-27 12:29:47,RVN,1004.1,1706863,169995,1876858,4,
2026-05-27 12:30:47,RVN,213.0,1810569,850001,2660570,12,
2026-05-27 12:31:47,RVN,0.0,0,150330,150330,3,
2026-05-27 12:32:47,RVN,0.0,0,128052,128052,1,
2026-05-27 12:33:47,RVN,20.4,353474,1736841,2090315,6,
2026-05-27 12:35:47,RVN,0.0,0,72150,72150,1,
2026-05-27 12:37:47,RVN,0.0,0,357038,357038,8,
2026-05-27 12:39:47,RVN,56.6,8023461,14178911,22202373,29,
2026-05-27 12:40:47,RVN,0.0,0,71600,71600,1,
2026-05-27 12:41:47,RVN,412.6,3218059,779894,3997953,18,
2026-05-27 12:42:47,RVN,13.4,642576,4784014,5426590,13,
2026-05-27 12:43:47,RVN,3.0,29962,995962,1025923,3,
2026-05-27 12:44:47,RVN,4717.5,2518140,53379,2571519,8,
2026-05-27 12:45:47,RVN,0.0,0,85821,85821,2,
2026-05-27 12:46:47,RVN,9999.0,10000,0,10000,1,
2026-05-27 12:47:47,RVN,0.0,0,489544,489544,2,
2026-05-27 12:48:47,RVN,0.0,0,2374649,2374649,5,
2026-05-27 12:49:47,RVN,2.0,100002,4994491,5094493,10,
2026-05-27 12:50:47,RVN,37.7,1930251,5119013,7049264,9,
2026-05-27 12:55:47,RVN,0.0,0,774381,774381,2,
2026-05-27 12:56:47,RVN,0.0,0,463270,463270,2,
2026-05-27 12:57:47,RVN,0.0,0,2350523,2350523,4,
2026-05-27 13:00:47,RVN,0.0,0,71686,71686,1,
2026-05-27 13:01:47,RVN,0.0,0,37000,37000,6,
2026-05-27 13:02:47,RVN,0.0,0,5720759,5720759,10,
2026-05-27 13:03:47,RVN,0.0,0,8172899,8172899,16,
2026-05-27 13:04:47,RVN,9999.0,1508266,0,1508266,2,
2026-05-27 13:05:47,RVN,2616.9,1690497,64600,1755097,4,
2026-05-27 13:06:47,RVN,28.0,1219552,4348447,5567999,13,
2026-05-27 13:07:47,RVN,0.0,0,5478125,5478125,6,
2026-05-27 13:08:47,RVN,0.0,0,1113419,1113419,2,
2026-05-27 13:09:47,RVN,9999.0,3087422,0,3087422,2,
2026-05-27 13:10:47,RVN,9999.0,22141,0,22141,2,
2026-05-27 13:11:47,RVN,9999.0,1999000,0,1999000,2,
2026-05-27 13:12:47,RVN,9999.0,15946,0,15946,1,
2026-05-27 13:13:47,RVN,44.8,2189395,4886102,7075497,9,
2026-05-27 13:14:47,RVN,2097.7,1094786,52190,1146976,5,
2026-05-27 13:17:47,RVN,9999.0,2254461,0,2254461,7,
2026-05-27 13:21:47,RVN,0.0,0,120855,120855,2,
2026-05-27 13:22:47,RVN,9.1,70001,766979,836980,9,
2026-05-27 13:23:47,RVN,0.0,0,3986320,3986320,1,
2026-05-27 13:24:47,RVN,17.5,909334,5181671,6091005,8,
2026-05-27 13:25:47,RVN,40.3,12818115,31830233,44648347,55,
2026-05-27 13:27:47,RVN,50.0,38500,77000,115500,2,
2026-05-27 13:28:47,RVN,4.2,310684,7468378,7779062,23,
2026-05-27 13:29:47,RVN,0.0,0,33433,33433,2,
2026-05-27 13:30:47,RVN,0.0,0,7421987,7421987,31,
2026-05-27 13:31:47,RVN,9.9,273873,2774492,3048366,10,
2026-05-27 13:32:47,RVN,38.1,883254,2318107,3201361,7,
2026-05-27 13:33:47,RVN,9999.0,37963,0,37963,2,
2026-05-27 13:34:47,RVN,0.0,0,6044388,6044388,9,
2026-05-27 13:36:47,RVN,6501.5,1884612,28987,1913600,8,
2026-05-27 13:37:47,RVN,884.6,937077,105933,1043010,6,
2026-05-27 13:38:47,RVN,0.9,29723,3189839,3219562,7,
2026-05-27 13:39:47,RVN,312.9,2637129,842835,3479964,6,
2026-05-27 13:40:47,RVN,0.0,0,3460306,3460306,3,
2026-05-27 13:42:47,RVN,0.0,0,1490566,1490566,1,
2026-05-27 13:43:47,RVN,18.9,5830983,30883589,36714572,35,
2026-05-27 13:44:47,RVN,9999.0,29260,0,29260,2,
2026-05-27 13:46:47,RVN,9999.0,823819,0,823819,1,
2026-05-27 13:49:47,RVN,407.7,7443893,1825803,9269695,16,
2026-05-27 13:50:47,RVN,5.5,60000,1096784,1156784,4,
2026-05-27 13:51:47,RVN,213.7,2017527,943914,2961441,7,
2026-05-27 13:52:47,RVN,228.3,22962846,10057573,33020419,17,
2026-05-27 13:53:47,RVN,0.0,0,1392951,1392951,3,
2026-05-27 13:54:47,RVN,0.0,0,120520,120520,5,
2026-05-27 13:55:47,RVN,0.0,0,4245548,4245548,1,
2026-05-27 13:56:47,RVN,0.0,0,10208541,10208541,8,
2026-05-27 13:57:47,RVN,9999.0,30000,0,30000,1,
2026-05-27 14:00:48,RVN,0.0,0,50456,50456,1,
2026-05-27 14:01:48,RVN,9999.0,4097252,0,4097252,5,
2026-05-27 14:02:48,RVN,4587.7,2629028,57306,2686334,8,
2026-05-27 14:03:48,RVN,48.1,2761818,5746333,8508151,11,
2026-05-27 14:04:48,RVN,9999.0,427450,0,427450,4,
2026-05-27 14:06:48,RVN,9999.0,61133,0,61133,2,
2026-05-27 14:07:48,RVN,9999.0,85530,0,85530,2,
2026-05-27 14:08:48,RVN,9999.0,69272,0,69272,2,
2026-05-27 14:10:48,RVN,0.0,0,1904800,1904800,2,
2026-05-27 14:11:48,RVN,9.8,486928,4962999,5449927,4,
2026-05-27 14:13:48,RVN,48.2,427780,887640,1315421,3,
2026-05-27 14:14:48,RVN,5857.3,6017301,102733,6120034,7,
2026-05-27 14:16:48,RVN,0.0,0,4624640,4624640,4,
2026-05-27 14:17:48,RVN,86.6,432759,500000,932759,3,
2026-05-27 14:18:48,RVN,0.0,0,15818,15818,1,
2026-05-27 14:20:48,RVN,0.0,0,29534,29534,1,
2026-05-27 14:21:48,RVN,9999.0,10080,0,10080,1,
2026-05-27 14:23:48,RVN,126.4,573034,453239,1026273,5,
2026-05-27 14:24:48,RVN,360.3,3244212,900534,4144747,5,
2026-05-27 14:26:48,RVN,160.7,192711,119940,312652,6,
2026-05-27 14:27:48,RVN,9999.0,91901,0,91901,1,
2026-05-27 14:28:48,RVN,325.7,106908,32823,139731,2,
2026-05-27 14:29:48,RVN,0.0,0,2231087,2231087,2,
2026-05-27 14:32:48,RVN,9999.0,165805,0,165805,3,
2026-05-27 14:33:48,RVN,0.0,0,5692824,5692824,4,
2026-05-27 14:35:48,RVN,409.8,40976,10000,50976,3,
2026-05-27 14:38:48,RVN,0.0,0,511744,511744,2,
2026-05-27 14:40:48,RVN,0.0,0,4692606,4692606,5,
2026-05-27 14:41:48,RVN,0.0,0,898903,898903,1,
2026-05-27 14:42:48,RVN,0.0,0,3241212,3241212,4,
2026-05-27 14:43:48,RVN,0.0,0,268604,268604,1,
2026-05-27 14:44:48,RVN,0.0,0,4780757,4780757,2,
2026-05-27 14:45:48,RVN,0.0,0,702072,702072,2,
2026-05-27 14:47:48,RVN,9999.0,364983,0,364983,1,
2026-05-27 14:48:48,RVN,9999.0,1387030,0,1387030,4,
2026-05-27 14:50:48,RVN,9999.0,552778,0,552778,5,
2026-05-27 14:51:48,RVN,9999.0,2713648,0,2713648,7,
2026-05-27 14:56:48,RVN,0.0,0,1962887,1962887,4,
2026-05-27 14:57:48,RVN,9999.0,34370,0,34370,4,
2026-05-27 14:58:48,RVN,9999.0,106556,0,106556,4,
2026-05-27 14:59:48,RVN,9999.0,5900,0,5900,1,
2026-05-27 15:00:48,RVN,9999.0,5310,0,5310,1,
2026-05-27 15:01:48,RVN,9999.0,60000,0,60000,1,
2026-05-27 15:02:48,RVN,9999.0,11947,0,11947,1,
2026-05-27 15:03:48,RVN,9999.0,8959,0,8959,1,
2026-05-27 15:04:48,RVN,9999.0,6718,0,6718,1,
2026-05-27 15:05:48,RVN,50.9,99950,196438,296388,4,
2026-05-27 15:06:48,RVN,9999.0,5037,0,5037,1,
2026-05-27 15:08:48,RVN,4.4,141181,3198245,3339427,5,
2026-05-27 15:10:48,RVN,0.0,0,8237877,8237877,4,
2026-05-27 15:11:48,RVN,0.0,0,230878,230878,2,
2026-05-27 15:14:48,RVN,9999.0,1006555,0,1006555,2,
2026-05-27 15:15:48,RVN,266.4,2836400,1064809,3901210,5,
2026-05-27 15:16:48,RVN,0.0,0,3467641,3467641,6,
2026-05-27 15:17:48,RVN,0.0,0,1938849,1938849,3,
2026-05-27 15:18:48,RVN,0.0,0,2899798,2899798,3,
2026-05-27 15:19:48,RVN,9999.0,10000,0,10000,1,
2026-05-27 15:20:48,RVN,3.3,10000,300066,310066,2,
2026-05-27 15:21:48,RVN,9999.0,1445226,0,1445226,1,
2026-05-27 15:22:48,RVN,2.0,190002,9626519,9816520,15,
2026-05-27 15:23:48,RVN,9999.0,1868975,0,1868975,7,
2026-05-27 15:27:48,RVN,9999.0,63287,0,63287,1,
2026-05-27 15:29:48,RVN,9999.0,0,0,0,1,
2026-05-27 15:30:48,RVN,100.9,29846,29581,59427,2,
2026-05-27 15:31:48,RVN,5933.6,1780080,30000,1810080,5,
2026-05-27 15:32:48,RVN,0.0,0,870343,870343,1,
2026-05-27 15:34:48,RVN,9999.0,10353,0,10353,1,
2026-05-27 15:35:48,RVN,0.0,0,437306,437306,1,
2026-05-27 15:37:48,RVN,0.0,0,15770,15770,1,
2026-05-27 15:39:48,RVN,0.0,0,1129251,1129251,2,
2026-05-27 15:41:48,RVN,9999.0,98901,0,98901,1,
2026-05-27 15:42:48,RVN,9999.0,306446,0,306446,1,
2026-05-27 15:43:48,RVN,9999.0,1855845,0,1855845,5,
2026-05-27 15:45:48,RVN,9999.0,67107,0,67107,1,
2026-05-27 15:46:48,RVN,9999.0,2489430,0,2489430,4,
2026-05-27 15:47:48,RVN,9999.0,273581,0,273581,2,
2026-05-27 15:48:48,RVN,9999.0,385969,0,385969,5,
2026-05-27 15:49:48,RVN,9999.0,1922355,0,1922355,8,
2026-05-27 15:50:48,RVN,9999.0,261977,0,261977,3,
2026-05-27 15:52:48,RVN,9999.0,691307,0,691307,1,
2026-05-27 15:53:48,RVN,9999.0,210710,0,210710,4,
2026-05-27 15:56:48,RVN,108.2,1031141,952752,1983893,5,
2026-05-27 16:03:48,RVN,9999.0,30000,0,30000,3,
2026-05-27 16:05:48,RVN,137.4,863139,628344,1491483,10,
2026-05-27 16:06:48,RVN,0.0,0,2105642,2105642,4,
2026-05-27 16:07:48,RVN,0.0,0,365005,365005,1,
2026-05-27 16:12:48,RVN,0.0,0,88159,88159,2,
2026-05-27 16:13:48,RVN,9999.0,1766515,0,1766515,3,
2026-05-27 16:14:48,RVN,9999.0,10000,0,10000,1,
2026-05-27 16:17:48,RVN,9999.0,10000,0,10000,1,
2026-05-27 16:18:48,RVN,119.9,1052135,877297,1929431,8,
2026-05-27 16:19:48,RVN,0.0,0,19897,19897,2,
2026-05-27 16:30:48,RVN,0.0,0,1165101,1165101,3,
2026-05-27 16:38:48,RVN,52.7,879277,1667708,2546985,10,
2026-05-27 16:39:48,RVN,144.0,7928420,5505292,13433712,6,
2026-05-27 16:40:48,RVN,9999.0,39949,0,39949,4,
2026-05-27 16:42:48,RVN,0.0,0,1252638,1252638,1,
2026-05-27 16:43:48,RVN,0.0,0,109956,109956,1,
2026-05-27 16:45:48,RVN,9999.0,308273,0,308273,2,
2026-05-27 16:46:48,RVN,72.3,3221170,4457217,7678387,6,
2026-05-27 16:49:48,RVN,0.0,0,1469348,1469348,2,
2026-05-27 16:50:48,RVN,15.0,123638,824897,948534,10,
2026-05-27 16:58:48,RVN,0.0,0,118009,118009,1,
2026-05-27 17:04:48,RVN,9999.0,9987,0,9987,1,
2026-05-27 17:05:48,RVN,9999.0,0,0,0,1,
2026-05-27 17:06:48,RVN,0.0,0,2258722,2258722,3,
2026-05-27 17:07:48,RVN,9999.0,10000,0,10000,1,
2026-05-27 17:11:48,RVN,0.0,0,110258,110258,4,
2026-05-27 17:13:48,RVN,9999.0,868976,0,868976,2,
2026-05-27 17:14:48,RVN,9999.0,106963,0,106963,1,
2026-05-27 17:22:48,RVN,9999.0,547763,0,547763,3,
2026-05-27 17:29:48,RVN,9999.0,9697,0,9697,1,
2026-05-27 17:30:48,RVN,9999.0,30000,0,30000,3,
2026-05-27 17:32:48,RVN,9999.0,48513,0,48513,1,
2026-05-27 17:34:48,RVN,0.0,0,48465,48465,1,
2026-05-27 17:35:48,RVN,0.0,0,1010100,1010100,4,
2026-05-27 17:36:48,RVN,9.9,1161152,11745352,12906505,12,
2026-05-27 17:37:48,RVN,0.0,0,798712,798712,5,
2026-05-27 17:38:48,RVN,10.7,106434,998524,1104958,4,
2026-05-27 17:39:48,RVN,9999.0,40248,0,40248,3,
2026-05-27 17:42:48,RVN,9999.0,592529,0,592529,1,
2026-05-27 17:44:48,RVN,9999.0,10000,0,10000,1,
2026-05-27 17:46:48,RVN,0.0,0,539750,539750,4,
2026-05-27 17:47:48,RVN,0.0,0,4448735,4448735,4,
2026-05-27 17:48:48,RVN,0.0,0,29846,29846,3,
2026-05-27 17:52:48,RVN,0.0,0,4726875,4726875,5,
2026-05-27 17:53:48,RVN,0.0,0,1915169,1915169,3,
2026-05-27 17:55:48,RVN,320.4,7505921,2342319,9848240,11,
2026-05-27 17:56:48,RVN,9999.0,9238,0,9238,1,
2026-05-27 17:57:48,RVN,0.0,0,1941671,1941671,4,
2026-05-27 17:58:48,RVN,0.0,0,2768308,2768308,7,
2026-05-27 18:00:48,RVN,9999.0,23190,0,23190,1,
2026-05-27 18:06:48,RVN,258.6,8941682,3457956,12399638,14,
2026-05-27 18:07:48,RVN,0.0,0,59652,59652,1,
2026-05-27 18:11:48,RVN,0.0,0,809550,809550,2,
2026-05-27 18:13:48,RVN,0.0,0,244333,244333,1,
2026-05-27 18:15:48,RVN,251.7,4635822,1841962,6477784,17,
2026-05-27 18:16:48,RVN,9999.0,265758,0,265758,4,
2026-05-27 18:17:48,RVN,9999.0,177788,0,177788,1,
2026-05-27 18:18:48,RVN,0.0,0,4897078,4897078,7,
2026-05-27 18:19:48,RVN,0.0,0,24362,24362,1,
2026-05-27 18:21:48,RVN,0.0,0,109104,109104,3,
2026-05-27 18:22:48,RVN,0.0,0,1540000,1540000,3,
2026-05-27 18:24:48,RVN,0.0,0,896288,896288,2,
2026-05-27 18:25:48,RVN,62.4,1836213,2941956,4778170,3,
2026-05-27 18:26:48,RVN,7.2,58235,809971,868206,2,
2026-05-27 18:28:48,RVN,0.0,0,687704,687704,5,
2026-05-27 18:30:48,RVN,0.0,0,550281,550281,3,
2026-05-27 18:31:48,RVN,9999.0,199900,0,199900,3,
2026-05-27 18:32:48,RVN,9999.0,20000,0,20000,2,
2026-05-27 18:34:48,RVN,9999.0,52044,0,52044,3,
2026-05-27 18:37:49,RVN,9999.0,799600,0,799600,5,
2026-05-27 18:38:49,RVN,9999.0,998710,0,998710,1,
2026-05-27 18:45:49,RVN,9999.0,1008991,0,1008991,1,
2026-05-27 18:46:49,RVN,9999.0,25290,0,25290,3,
2026-05-27 18:51:49,RVN,0.0,0,81635,81635,2,
2026-05-27 18:59:49,RVN,0.0,0,4479855,4479855,2,
2026-05-27 19:00:49,RVN,0.0,0,81319,81319,1,
2026-05-27 19:01:49,RVN,0.0,0,3744005,3744005,5,
2026-05-27 19:07:49,RVN,2039.0,7220996,354144,7575140,10,
2026-05-27 19:09:49,RVN,0.0,0,80388,80388,8,
2026-05-27 19:13:49,RVN,12.3,7217,58612,65829,2,
2026-05-27 19:14:49,RVN,9999.0,17378,0,17378,1,
2026-05-27 19:15:49,RVN,9999.0,170000,0,170000,9,
2026-05-27 19:17:49,RVN,0.0,0,1943006,1943006,7,
2026-05-27 19:18:49,RVN,0.0,0,732451,732451,7,
2026-05-27 19:19:49,RVN,9999.0,9003,0,9003,1,
2026-05-27 19:20:49,RVN,9999.0,90000,0,90000,5,
2026-05-27 19:22:49,RVN,0.0,0,373662,373662,1,
2026-05-27 19:28:49,RVN,9999.0,8000,0,8000,1,
2026-05-27 19:30:49,RVN,9999.0,228114,0,228114,8,
2026-05-27 19:31:49,RVN,9999.0,10000,0,10000,1,
2026-05-27 19:32:49,RVN,9999.0,4678890,0,4678890,3,
2026-05-27 19:34:49,RVN,9999.0,100022,0,100022,1,
2026-05-27 19:36:49,RVN,0.0,0,4652592,4652592,4,
2026-05-27 19:37:49,RVN,9999.0,14797,0,14797,1,
2026-05-27 19:38:49,RVN,9999.0,7770,0,7770,1,
2026-05-27 19:40:49,RVN,9999.0,9987,0,9987,1,
2026-05-27 19:45:49,RVN,5051.8,1500000,29692,1529692,2,
2026-05-27 19:46:49,RVN,0.0,0,14687,14687,1,
2026-05-27 19:47:49,RVN,0.0,0,4595881,4595881,3,
2026-05-27 19:48:49,RVN,183.6,1733899,944392,2678292,9,
2026-05-27 19:49:49,RVN,9999.0,634450,0,634450,3,
2026-05-27 19:51:49,RVN,9999.0,100000,0,100000,1,
2026-05-27 19:53:49,RVN,9999.0,11879,0,11879,1,
2026-05-27 19:55:49,RVN,0.0,0,2662877,2662877,9,
2026-05-27 19:56:49,RVN,0.0,0,888752,888752,1,
2026-05-27 19:57:49,RVN,0.0,0,99356,99356,2,
2026-05-27 20:00:49,RVN,1057.8,757556,71614,829170,5,
2026-05-27 20:01:49,RVN,9999.0,70000,0,70000,2,
2026-05-27 20:02:49,RVN,9999.0,99978,0,99978,1,
2026-05-27 20:03:49,RVN,217.0,216969,100000,316969,6,
2026-05-27 20:04:49,RVN,9999.0,10000,0,10000,1,
2026-05-27 20:05:49,RVN,9999.0,20000,0,20000,2,
2026-05-27 20:09:49,RVN,9999.0,1288068,0,1288068,1,
2026-05-27 20:10:49,RVN,9999.0,5707,0,5707,1,
2026-05-27 20:14:49,RVN,9999.0,10010,0,10010,1,
2026-05-27 20:18:49,RVN,9999.0,2316152,0,2316152,2,
2026-05-27 20:19:49,RVN,0.0,0,683848,683848,1,
2026-05-27 20:23:49,RVN,0.0,0,0,0,1,
2026-05-27 20:24:49,RVN,9999.0,198713,0,198713,1,
2026-05-27 20:26:49,RVN,174.3,1056072,605986,1662058,6,
2026-05-27 20:27:49,RVN,0.0,0,1081294,1081294,1,
2026-05-27 20:30:49,RVN,0.0,0,860419,860419,8,
2026-05-27 20:31:49,RVN,0.0,0,5098238,5098238,11,
2026-05-27 20:32:49,RVN,111.3,1869030,1679970,3549000,11,
2026-05-27 20:35:49,RVN,9999.0,101907,0,101907,2,
2026-05-27 20:39:49,RVN,9999.0,13361,0,13361,1,
2026-05-27 20:40:49,RVN,4.1,49598,1197458,1247056,6,
2026-05-27 20:46:49,RVN,0.0,0,514546,514546,2,
2026-05-27 20:48:49,RVN,0.0,0,124873,124873,3,
2026-05-27 20:50:49,RVN,9999.0,6000,0,6000,1,
2026-05-27 20:51:49,RVN,11.5,1999000,17372975,19371975,16,
2026-05-27 20:53:49,RVN,0.0,0,476433,476433,4,
2026-05-27 20:58:49,RVN,0.0,0,259708,259708,2,
2026-05-27 20:59:49,RVN,9999.0,43537,0,43537,1,
2026-05-27 21:01:49,RVN,0.0,0,712660,712660,4,
2026-05-27 21:02:49,RVN,9999.0,307083,0,307083,2,
2026-05-27 21:04:49,RVN,0.0,0,643622,643622,5,
2026-05-27 21:05:49,RVN,9999.0,20964,0,20964,2,
2026-05-27 21:06:49,RVN,0.0,0,207866,207866,5,
2026-05-27 21:07:49,RVN,0.0,0,5237101,5237101,7,
2026-05-27 21:10:49,RVN,9999.0,1035960,0,1035960,4,
2026-05-27 21:11:49,RVN,9999.0,20000,0,20000,2,
2026-05-27 21:12:49,RVN,0.0,0,50000,50000,2,
2026-05-27 21:14:49,RVN,100.0,50000,50000,100000,4,
2026-05-27 21:15:49,RVN,9999.0,5413706,0,5413706,2,
2026-05-27 21:16:49,RVN,9999.0,20000,0,20000,2,
2026-05-27 21:17:49,RVN,0.0,0,1475115,1475115,5,
2026-05-27 21:18:49,RVN,9999.0,593835,0,593835,3,
2026-05-27 21:19:49,RVN,9999.0,560804,0,560804,4,
2026-05-27 21:20:49,RVN,9999.0,6016,0,6016,1,
2026-05-27 21:21:49,RVN,1128.2,453797,40221,494018,5,
2026-05-27 21:22:49,RVN,9999.0,524878,0,524878,2,
2026-05-27 21:23:49,RVN,1034.7,310000,29960,339960,7,
2026-05-27 21:24:49,RVN,0.0,0,974022,974022,2,
2026-05-27 21:26:49,RVN,0.0,0,247305,247305,1,
2026-05-27 21:27:49,RVN,581.0,4879031,839790,5718821,14,
2026-05-27 21:28:49,RVN,9999.0,39948,0,39948,1,
2026-05-27 21:31:49,RVN,9999.0,39948,0,39948,1,
2026-05-27 21:34:49,RVN,0.0,0,105222,105222,2,
2026-05-27 21:35:49,RVN,9999.0,1059297,0,1059297,1,
2026-05-27 21:37:49,RVN,0.0,0,11754,11754,1,
2026-05-27 21:38:49,RVN,0.0,0,10579,10579,1,
2026-05-27 21:39:49,RVN,9999.0,53030,0,53030,4,
2026-05-27 21:40:49,RVN,9999.0,20000,0,20000,2,
2026-05-27 21:46:49,RVN,0.0,0,530509,530509,2,
2026-05-27 22:03:49,RVN,9.9,172809,1740799,1913608,5,
2026-05-27 22:05:49,RVN,9999.0,10000,0,10000,1,
2026-05-27 22:06:49,RVN,0.0,0,1010000,1010000,2,
2026-05-27 22:07:49,RVN,10103.1,1010311,10000,1020311,5,
2026-05-27 22:08:49,RVN,56.5,371416,657870,1029286,5,
2026-05-27 22:10:49,RVN,9999.0,10000,0,10000,1,
2026-05-27 22:11:49,RVN,315.6,31559,10000,41559,2,
2026-05-27 22:14:49,RVN,9999.0,0,0,0,1,
2026-05-27 22:15:49,RVN,9999.0,499750,0,499750,1,
2026-05-27 22:16:49,RVN,139.6,35543,25457,61000,4,
2026-05-27 22:22:49,RVN,0.0,0,98944,98944,1,
2026-05-27 22:24:49,RVN,9999.0,10062,0,10062,1,
2026-05-27 22:25:49,RVN,16.2,10000,61584,71584,2,
2026-05-27 22:28:49,RVN,9999.0,6000,0,6000,1,
2026-05-27 22:36:49,RVN,9999.0,903087,0,903087,2,
2026-05-27 22:38:49,RVN,0.0,0,1167268,1167268,5,
2026-05-27 22:39:49,RVN,74.6,14825,19883,34708,4,
2026-05-27 22:40:49,RVN,16.4,828738,5042262,5871000,7,
2026-05-27 22:41:49,RVN,0.0,0,99950,99950,1,
2026-05-27 22:43:49,RVN,0.0,0,200000,200000,1,
2026-05-27 22:46:49,RVN,2.7,156814,5732866,5889680,7,
2026-05-27 22:48:49,RVN,0.0,0,14786,14786,1,
2026-05-27 22:50:49,RVN,0.0,0,963224,963224,2,
2026-05-27 22:54:49,RVN,9999.0,299850,0,299850,1,
2026-05-27 22:55:49,RVN,9999.0,10000,0,10000,1,
2026-05-27 23:00:49,RVN,9999.0,11231598,0,11231598,14,
2026-05-27 23:01:49,RVN,9999.0,79993,0,79993,5,
2026-05-27 23:02:49,RVN,9999.0,912706,0,912706,2,
2026-05-27 23:06:49,RVN,9999.0,10000,0,10000,1,
2026-05-27 23:07:49,RVN,9999.0,381360,0,381360,10,
2026-05-27 23:08:49,RVN,9999.0,69991,0,69991,6,
2026-05-27 23:09:49,RVN,9999.0,9974,0,9974,1,
2026-05-27 23:10:49,RVN,9999.0,10000,0,10000,1,
2026-05-27 23:11:49,RVN,59.4,1914461,3225352,5139813,6,
2026-05-27 23:18:49,RVN,9999.0,67101,0,67101,1,
2026-05-27 23:19:49,RVN,9999.0,1987041,0,1987041,16,
2026-05-27 23:20:49,RVN,9999.0,10000,0,10000,1,
2026-05-27 23:22:49,RVN,169.3,133235,78683,211918,3,
2026-05-27 23:23:49,RVN,0.0,0,119164,119164,2,
2026-05-27 23:24:49,RVN,0.0,0,763429,763429,3,
2026-05-27 23:29:49,RVN,9999.0,5200,0,5200,1,
2026-05-27 23:30:49,RVN,9999.0,10000,0,10000,1,
2026-05-27 23:31:49,RVN,9999.0,1551244,0,1551244,9,
2026-05-27 23:32:49,RVN,9999.0,70000,0,70000,4,
2026-05-27 23:36:49,RVN,9999.0,570524,0,570524,1,
2026-05-27 23:39:49,RVN,9999.0,88578,0,88578,1,
2026-05-27 23:44:49,RVN,0.0,0,31960,31960,2,
2026-05-27 23:45:49,RVN,0.0,0,39794,39794,1,
2026-05-27 23:50:49,RVN,0.0,0,30824,30824,1,
2026-05-27 23:52:49,RVN,9999.0,89589,0,89589,2,
2026-05-27 23:54:49,RVN,0.0,0,50013,50013,6,
2026-05-27 23:55:49,RVN,0.0,0,40000,40000,1,
2026-05-27 23:57:49,RVN,0.0,0,20000,20000,3,
2026-05-27 23:58:49,RVN,151.4,2731038,1804070,4535108,17,
2026-05-27 23:59:49,RVN,373.4,751666,201297,952963,12,
